,1-accuracy,1-nb,1-rt,4-accuracy,4-nb,4-rt,8-accuracy,8-nb,8-rt,Unnamed: 0,condition,participant_id,participant_name,results_correct,results_responses,results_rt,results_speed_stim,task_idx,task_status
0,0.9866666666666667,15,7380.533333333334,0.68,15,7610.8,0.5733333333333334,15,8611.466666666667,0,zpdes,228,Axelle,"['0.8', '0.4', '1', '0.4', '1', '0.8', '0.8', '0.6', '1', '0.6', '0.8', '1', '0.6', '0.8', '1', '1', '1', '0.6', '0.6', '0.6', '1', '0.4', '1', '0.6', '1', '0.2', '0.8', '0.6', '0.8', '1', '0.6', '0.4', '1', '1', '0.8', '0.6', '0.4', '1', '1', '0.2', '1', '0.6', '0.8', '0.6', '0.8']","['3', '1', '7', '0', '4', '3', '6', '8', '7', '2', '3', '1', '0', '2', '4', '8', '1', '0', '7', '6', '3', '2', '0', '1', '4', '1', '0', '2', '4', '7', '4', '1', '2', '3', '5', '5', '0', '3', '6', '1', '4', '3', '2', '0', '1', '2', '6', '9', '1', '4', '1', '3', '0', '9', '2', '4', '0', '2', '3', '1', '7', '1', '8', '3', '4', '1', '0', '2', '5', '3', '4', '0', '3', '2', '1', '4', '3', '0', '1', '2', '1', '4', '3', '2', '0', '5', '4', '2', '8', '3', '7', '1', '8', '3', '0', '6', '1', '8', '3', '4', '0', '1', '2', '3', '4', '7', '8', '9', '3', '4', '3', '0', '2', '4', '1', '5', '0', '3', '8', '1', '1', '3', '0', '4', '2', '7', '5', '4', '9', '8', '3', '5', '2', '1', '0', '2', '8', '4', '0', '6', '4', '1', '2', '3', '6', '0', '1', '2', '4', '3', '8', '1', '3', '2', '6', '8', '7', '1', '6', '4', '2', '4', '1', '0', '3', '4', '1', '0', '2', '3', '4', '0', '2', '3', '8', '3', '2', '0', '6', '7', '7', '2', '4', '9', '6', '2', '3', '4', '0', '1', '4', '3', '0', '1', '2', '7', '9', '3', '5', '6', '2', '3', '4', '1', '0', '1', '3', '4', '6', '8', '4', '3', '1', '0', '8', '0', '2', '1', '6', '8', '4', '0', '2', '3', '9']","['5765', '8032', '8014', '7882', '7198', '6067', '7631', '7366', '6214', '8962', '6215', '7934', '6984', '6251', '7848', '8180', '8398', '11229', '7447', '11031', '7598', '7316', '7049', '7651', '7265', '8298', '8600', '9748', '8298', '6834', '8549', '7065', '7763', '6614', '10179', '6748', '7848', '7681', '8049', '10912', '6950', '7684', '7566', '8098', '9031']","['4', '8', '1', '8', '1', '4', '8', '4', '1', '8', '4', '1', '4', '8', '1', '1', '4', '8', '4', '8', '1', '4', '1', '8', '1', '4', '8', '8', '4', '1', '8', '4', '1', '1', '4', '8', '8', '1', '4', '8', '1', '4', '1', '8', '4']",1,PRE_TEST
1,0.92,15,4333.4,0.9600000000000001,15,4358.8,0.6933333333333332,15,4568.4,1,zpdes,228,Axelle,"['1', '0.8', '0.6', '0.8', '1', '1', '0.8', '0.8', '0.6', '0.8', '1', '1', '0.8', '1', '0.8', '1', '0.8', '1', '0.8', '0.8', '0.8', '0.6', '1', '1', '1', '0.6', '0.8', '1', '1', '0.8', '1', '1', '0.8', '1', '0.8', '0.4', '1', '0.6', '1', '0.6', '1', '1', '0.8', '1', '0.8']","['1', '3', '4', '0', '2', '1', '6', '3', '4', '0', '2', '1', '0', '5', '8', '0', '3', '9', '4', '2', '4', '3', '0', '2', '1', '3', '0', '4', '2', '1', '9', '3', '2', '1', '0', '2', '3', '0', '4', '5', '2', '1', '9', '8', '0', '2', '3', '1', '4', '9', '2', '0', '1', '3', '4', '3', '1', '0', '4', '2', '2', '1', '0', '4', '8', '0', '4', '1', '2', '3', '2', '4', '1', '3', '8', '0', '4', '3', '2', '1', '4', '2', '3', '0', '5', '2', '1', '3', '4', '0', '2', '7', '4', '1', '0', '0', '3', '1', '2', '6', '8', '4', '3', '1', '0', '2', '1', '3', '8', '5', '0', '2', '4', '3', '1', '0', '3', '4', '1', '2', '1', '0', '2', '4', '3', '9', '1', '2', '3', '5', '3', '5', '1', '0', '4', '1', '2', '4', '3', '0', '4', '2', '0', '3', '1', '2', '0', '4', '1', '8', '4', '3', '1', '0', '2', '4', '1', '2', '3', '0', '1', '2', '3', '5', '4', '2', '1', '3', '0', '4', '0', '4', '9', '3', '1', '8', '0', '1', '6', '7', '1', '4', '0', '3', '2', '5', '2', '1', '3', '9', '4', '3', '0', '2', '1', '1', '6', '0', '4', '8', '4', '2', '3', '0', '1', '1', '0', '4', '3', '2', '6', '0', '2', '4', '1', '4', '3', '1', '0', '2', '3', '5', '0', '1', '4']","['4730', '4399', '5829', '3363', '4048', '3735', '5568', '4415', '4303', '4103', '4534', '3983', '6695', '3466', '3815', '4203', '4788', '4275', '5148', '5095', '4015', '4832', '3791', '3599', '5148', '3698', '4916', '4487', '3750', '6067', '3641', '4151', '4047', '4251', '4647', '5116', '4484', '4632', '4451', '3516', '4220', '3866', '5269', '3602', '4218']","['4', '1', '8', '8', '4', '1', '4', '1', '8', '8', '4', '1', '1', '4', '8', '1', '8', '4', '8', '4', '1', '8', '4', '1', '4', '8', '1', '4', '1', '8', '4', '1', '8', '1', '4', '8', '4', '8', '1', '8', '1', '4', '8', '4', '1']",1,POST_TEST
2,0.9866666666666667,15,4848.8,0.7599999999999999,15,5644.2,0.5866666666666667,15,5406.533333333334,2,baseline,231,Johanie,"['0.8', '0.2', '1', '0.4', '0.8', '1', '1', '0.6', '0.8', '1', '0.8', '1', '0.4', '0.6', '1', '0.8', '1', '0.2', '1', '0.8', '1', '1', '0.6', '0.6', '0.6', '0.8', '1', '1', '0.8', '0.8', '1', '1', '0.6', '0.8', '0.6', '1', '0.4', '0.6', '0.8', '1', '1', '0.8', '1', '0.6', '0.4']","['1', '2', '3', '0', '7', '8', '6', '7', '9', '0', '3', '0', '1', '2', '4', '3', '9', '7', '1', '8', '2', '4', '0', '1', '8', '4', '0', '1', '3', '2', '1', '4', '0', '3', '2', '0', '6', '3', '4', '5', '1', '3', '4', '2', '6', '3', '4', '2', '1', '0', '1', '4', '2', '3', '6', '0', '1', '3', '4', '2', '2', '1', '7', '5', '6', '3', '0', '2', '9', '7', '0', '1', '3', '4', '2', '1', '4', '3', '8', '2', '3', '2', '4', '0', '1', '6', '5', '9', '7', '4', '3', '2', '4', '0', '1', '3', '1', '2', '0', '7', '2', '1', '4', '3', '0', '1', '4', '3', '0', '2', '4', '0', '5', '3', '9', '6', '1', '0', '4', '9', '1', '2', '6', '4', '9', '2', '3', '1', '0', '7', '0', '2', '3', '1', '4', '3', '0', '2', '1', '4', '3', '4', '5', '0', '1', '4', '1', '7', '3', '2', '4', '2', '0', '1', '3', '3', '2', '4', '0', '1', '2', '7', '1', '3', '9', '2', '1', '4', '5', '3', '2', '3', '0', '7', '8', '0', '4', '2', '3', '1', '0', '2', '9', '7', '8', '3', '0', '1', '5', '8', '3', '4', '2', '0', '9', '0', '1', '2', '4', '3', '0', '3', '1', '4', '2', '1', '6', '2', '4', '0', '0', '2', '3', '1', '4', '4', '0', '1', '5', '6', '0', '6', '8', '7', '4']","['5065', '7559', '4563', '9292', '7244', '4426', '4313', '5162', '8276', '5378', '4612', '7127', '3666', '4943', '2814', '5579', '7877', '5562', '5245', '5462', '5928', '4279', '5429', '4482', '4347', '4896', '5145', '4113', '8842', '4197', '4729', '5179', '3830', '4313', '4579', '3530', '3563', '6528', '6245', '3813', '5645', '6161', '4430', '5762', '4363']","['4', '8', '1', '8', '4', '1', '1', '4', '8', '1', '8', '4', '8', '4', '1', '4', '1', '8', '1', '4', '8', '1', '8', '4', '8', '4', '1', '1', '4', '8', '1', '4', '8', '8', '4', '1', '8', '4', '1', '4', '1', '8', '1', '4', '8']",1,PRE_TEST
3,1.0,15,3891.0666666666666,0.7599999999999999,15,3833.6,0.5733333333333334,15,3907.733333333333,3,baseline,231,Johanie,"['0.8', '1', '0.8', '1', '0.8', '0.6', '1', '1', '0.4', '0.6', '1', '0.6', '0.6', '1', '1', '1', '0.6', '1', '0.4', '1', '0.8', '0.6', '1', '1', '1', '0.6', '0.6', '1', '0.6', '0.6', '1', '0.6', '0.8', '0.4', '0.6', '1', '1', '1', '0.6', '1', '0.4', '0.6', '1', '0.4', '0.6']","['0', '1', '2', '4', '7', '3', '4', '1', '2', '0', '6', '3', '2', '4', '1', '1', '4', '0', '2', '3', '2', '1', '0', '3', '5', '0', '2', '4', '9', '8', '1', '2', '3', '4', '0', '2', '1', '0', '4', '3', '0', '4', '5', '7', '6', '3', '2', '9', '4', '7', '2', '3', '0', '1', '4', '4', '8', '5', '0', '1', '0', '9', '6', '2', '3', '1', '0', '2', '4', '3', '2', '3', '4', '0', '1', '3', '2', '4', '1', '0', '3', '6', '4', '2', '9', '0', '4', '2', '3', '1', '0', '7', '9', '8', '4', '0', '4', '3', '1', '2', '3', '4', '1', '0', '9', '3', '7', '2', '8', '1', '2', '1', '0', '3', '4', '0', '3', '4', '2', '1', '1', '4', '0', '2', '3', '6', '3', '5', '2', '4', '3', '2', '8', '0', '5', '2', '3', '4', '0', '1', '8', '1', '4', '9', '0', '4', '3', '2', '7', '6', '0', '4', '1', '2', '3', '9', '3', '2', '8', '0', '3', '6', '0', '2', '1', '5', '0', '7', '6', '4', '3', '8', '2', '0', '9', '4', '0', '1', '3', '2', '3', '0', '1', '2', '4', '2', '4', '1', '0', '3', '4', '7', '1', '2', '5', '2', '1', '3', '0', '4', '4', '1', '5', '8', '6', '2', '0', '5', '3', '9', '1', '4', '0', '2', '3', '7', '0', '6', '3', '5', '6', '9', '3', '0', '4']","['5312', '3197', '4130', '3031', '3913', '3081', '4679', '4363', '3347', '3863', '3430', '3663', '3431', '3214', '4229', '3564', '3397', '4113', '3597', '3780', '4962', '3214', '4380', '3264', '4596', '3980', '3331', '3514', '3397', '3647', '4962', '3580', '4146', '3297', '3930', '3664', '3780', '3783', '4463', '3731', '6128', '2897', '4396', '4463', '3647']","['8', '1', '4', '1', '8', '4', '1', '4', '8', '4', '1', '8', '8', '4', '1', '4', '8', '1', '8', '1', '4', '8', '4', '1', '1', '8', '4', '1', '4', '8', '1', '8', '4', '8', '4', '1', '1', '4', '8', '1', '8', '4', '1', '4', '8']",1,POST_TEST
4,0.9866666666666667,15,2915.133333333333,0.8000000000000002,15,2897.5333333333333,0.6133333333333334,15,3004.8,4,zpdes,232,mabortoluzzi,"['0.8', '1', '0.6', '0.6', '1', '0.8', '1', '1', '0.4', '0.6', '1', '0.8', '1', '1', '0.6', '1', '0.8', '0.8', '1', '0.4', '0.8', '0.8', '1', '0.6', '0.6', '0.8', '0.8', '0.4', '1', '0.6', '0.4', '1', '0.6', '0.8', '0.8', '1', '0.8', '0.8', '1', '1', '0.6', '1', '0.8', '0.8', '1']","['3', '1', '0', '4', '9', '2', '0', '4', '3', '1', '2', '6', '1', '7', '4', '0', '3', '5', '6', '4', '0', '4', '1', '2', '3', '0', '4', '3', '5', '2', '3', '4', '1', '2', '0', '3', '2', '1', '4', '0', '4', '6', '0', '9', '7', '0', '4', '2', '5', '7', '2', '1', '0', '3', '4', '0', '4', '3', '7', '1', '3', '0', '1', '4', '2', '0', '2', '3', '1', '4', '2', '4', '5', '7', '3', '4', '2', '1', '3', '0', '3', '0', '7', '2', '4', '1', '2', '3', '6', '4', '4', '3', '1', '2', '0', '0', '5', '3', '8', '6', '0', '2', '8', '1', '3', '6', '2', '1', '0', '4', '4', '0', '1', '2', '3', '0', '2', '4', '7', '9', '4', '3', '0', '6', '9', '1', '5', '2', '3', '0', '0', '1', '4', '2', '5', '1', '5', '3', '8', '7', '0', '1', '4', '3', '2', '0', '3', '2', '5', '8', '1', '8', '0', '5', '6', '3', '2', '0', '1', '4', '4', '6', '2', '3', '5', '6', '3', '1', '2', '4', '0', '2', '4', '9', '3', '2', '4', '0', '1', '3', '4', '2', '0', '1', '5', '3', '2', '1', '4', '8', '2', '4', '3', '1', '0', '0', '4', '1', '2', '3', '3', '0', '7', '5', '4', '4', '2', '1', '3', '0', '0', '1', '3', '2', '6', '0', '5', '2', '1', '4', '0', '1', '4', '3', '2']","['3796', '3358', '2966', '2929', '2288', '3592', '2971', '3346', '2854', '3275', '2988', '3071', '2858', '3054', '3541', '2630', '2830', '3154', '2284', '2891', '3474', '3529', '2321', '2371', '2583', '2750', '3375', '2804', '2534', '2356', '2512', '3239', '2188', '2822', '2425', '3221', '2700', '3479', '4257', '2362', '2383', '3098', '2358', '3350', '3095']","['4', '1', '8', '8', '1', '4', '4', '1', '8', '8', '1', '4', '4', '1', '8', '1', '4', '8', '1', '8', '4', '8', '1', '4', '8', '1', '4', '8', '1', '4', '8', '1', '4', '8', '4', '1', '4', '8', '1', '1', '8', '4', '4', '8', '1']",1,PRE_TEST
5,0.9333333333333333,15,3028.866666666667,0.7066666666666667,15,3013.0,0.6133333333333333,15,3195.4666666666667,5,zpdes,232,mabortoluzzi,"['1', '0.6', '0.8', '0.8', '0.8', '0.2', '0.6', '0.4', '1', '0.8', '0.8', '0.8', '0.6', '1', '0.6', '1', '0.8', '0.6', '0.8', '0.6', '0.6', '0.8', '1', '0.8', '1', '1', '0.6', '0.4', '0.6', '1', '0.8', '0.8', '1', '0.8', '1', '0.6', '0.4', '1', '0.6', '0.8', '0.4', '1', '0.8', '0.6', '0.8']","['3', '4', '2', '1', '0', '1', '2', '0', '9', '6', '4', '0', '2', '5', '1', '2', '1', '0', '4', '5', '2', '4', '1', '3', '9', '0', '7', '6', '8', '5', '2', '0', '3', '8', '9', '2', '4', '8', '5', '9', '0', '3', '1', '2', '4', '2', '5', '1', '0', '3', '1', '2', '3', '0', '5', '1', '2', '3', '6', '0', '6', '8', '0', '3', '2', '3', '4', '2', '1', '0', '1', '6', '2', '0', '5', '4', '1', '3', '0', '2', '3', '2', '1', '5', '0', '0', '8', '4', '1', '9', '4', '2', '3', '1', '6', '1', '3', '4', '5', '9', '2', '1', '0', '8', '5', '2', '3', '0', '8', '1', '0', '3', '2', '4', '1', '3', '0', '2', '7', '1', '1', '0', '4', '3', '2', '4', '0', '3', '1', '2', '1', '7', '8', '4', '0', '6', '3', '1', '5', '8', '2', '9', '1', '6', '0', '2', '4', '3', '0', '1', '1', '4', '2', '8', '3', '2', '3', '0', '9', '1', '2', '4', '3', '1', '0', '1', '2', '8', '4', '0', '1', '4', '0', '2', '3', '3', '0', '2', '8', '6', '3', '9', '6', '4', '7', '0', '4', '2', '1', '3', '2', '3', '0', '5', '7', '3', '2', '1', '5', '0', '2', '6', '9', '5', '4', '0', '4', '2', '1', '3', '1', '7', '3', '2', '0', '4', '1', '8', '3', '9', '0', '2', '4', '7', '1']","['3580', '3738', '3391', '3150', '2725', '3316', '2871', '2133', '3021', '2666', '3242', '2872', '2059', '2534', '3025', '2771', '2743', '6333', '2654', '3195', '2607', '3030', '2450', '3379', '4825', '2658', '3924', '2995', '2554', '3116', '3245', '3004', '2488', '3354', '3662', '4132', '3167', '2967', '3097', '3063', '3183', '2708', '2737', '1934', '2262']","['1', '8', '4', '4', '1', '8', '4', '8', '1', '4', '1', '8', '8', '1', '4', '1', '4', '8', '8', '4', '1', '4', '1', '8', '1', '4', '8', '4', '8', '1', '4', '8', '1', '8', '1', '4', '8', '1', '4', '4', '8', '1', '1', '4', '8']",1,POST_TEST
6,0.9200000000000002,15,4173.666666666667,0.6666666666666666,15,4038.5333333333333,0.5466666666666666,15,4118.933333333333,6,zpdes,233,aliz.tey,"['0.8', '0.6', '0.6', '0.4', '1', '0.8', '0.8', '0.8', '1', '1', '0.6', '0.6', '0.6', '0.6', '0.8', '1', '0.4', '0.6', '0.4', '1', '0.4', '1', '0.6', '0.4', '1', '0.8', '0.6', '1', '0.6', '0.6', '0.6', '0.8', '0.6', '1', '0.6', '0.8', '0.8', '1', '0.6', '0.4', '0.8', '0.8', '0.8', '0.4', '0.6']","['1', '2', '3', '4', '7', '2', '9', '1', '4', '7', '0', '6', '1', '2', '5', '6', '4', '2', '8', '9', '1', '3', '4', '0', '2', '2', '3', '4', '0', '9', '6', '0', '1', '3', '2', '4', '3', '2', '5', '1', '0', '2', '1', '4', '3', '0', '4', '3', '2', '1', '9', '5', '0', '2', '1', '4', '0', '2', '5', '8', '6', '3', '2', '5', '4', '6', '8', '1', '4', '3', '4', '0', '3', '1', '5', '3', '0', '1', '4', '2', '3', '8', '4', '9', '5', '1', '0', '5', '2', '8', '5', '9', '0', '6', '3', '1', '4', '0', '3', '2', '9', '4', '7', '8', '1', '3', '1', '0', '4', '2', '6', '1', '4', '8', '3', '8', '4', '0', '6', '7', '1', '2', '0', '4', '3', '2', '0', '5', '1', '4', '5', '0', '6', '1', '3', '1', '4', '2', '3', '0', '1', '6', '9', '2', '3', '0', '1', '2', '6', '9', '8', '1', '4', '0', '5', '4', '0', '1', '2', '8', '2', '7', '0', '3', '5', '3', '0', '2', '4', '1', '8', '6', '3', '4', '1', '0', '4', '6', '2', '3', '2', '4', '0', '6', '1', '2', '1', '4', '0', '3', '9', '1', '8', '2', '4', '3', '4', '7', '8', '6', '0', '1', '5', '3', '4', '4', '0', '3', '2', '5', '0', '1', '4', '2', '8', '1', '4', '9', '8', '7', '3', '0', '1', '6', '5']","['5331', '4481', '5264', '3585', '4068', '4781', '3086', '3683', '4333', '3483', '3483', '3584', '3800', '4833', '3668', '5098', '3818', '3866', '4168', '3616', '4283', '3016', '3035', '3434', '4947', '3250', '4682', '3399', '3819', '3449', '2866', '3599', '5516', '3666', '5715', '4515', '4565', '4583', '6382', '3618', '5999', '3634', '3866', '3400', '3700']","['4', '8', '1', '8', '1', '4', '4', '8', '1', '1', '4', '8', '4', '8', '1', '1', '8', '4', '4', '1', '8', '1', '8', '4', '1', '4', '8', '1', '8', '4', '8', '1', '4', '1', '8', '4', '4', '1', '8', '8', '1', '4', '1', '8', '4']",1,PRE_TEST
7,0.9733333333333334,15,3566.6,0.8266666666666668,15,3710.6,0.5866666666666667,15,3462.2,7,zpdes,233,aliz.tey,"['1', '1', '0.6', '0.4', '1', '0.8', '0.8', '0.8', '0.4', '0.6', '1', '1', '1', '0.8', '0.2', '1', '1', '0.6', '0.6', '1', '0.6', '1', '0.6', '0.4', '0.4', '1', '1', '0.8', '1', '0.8', '1', '1', '1', '0.8', '0.8', '1', '0.6', '1', '0.8', '0.6', '1', '1', '0.8', '0.4', '0.8']","['4', '0', '2', '3', '1', '1', '3', '2', '0', '4', '5', '2', '3', '6', '1', '7', '8', '2', '5', '4', '0', '4', '3', '1', '2', '5', '2', '4', '0', '1', '2', '0', '1', '3', '7', '4', '2', '0', '1', '9', '0', '3', '9', '5', '7', '0', '9', '4', '6', '2', '2', '1', '3', '4', '0', '4', '3', '1', '2', '0', '0', '4', '3', '2', '1', '3', '1', '4', '8', '2', '8', '5', '7', '2', '6', '0', '1', '4', '3', '2', '4', '0', '1', '3', '2', '1', '2', '3', '8', '7', '4', '7', '1', '0', '8', '2', '1', '4', '0', '3', '3', '1', '2', '5', '6', '1', '0', '3', '2', '4', '3', '1', '4', '9', '5', '9', '8', '4', '5', '1', '4', '2', '8', '5', '9', '1', '2', '3', '4', '0', '0', '1', '3', '4', '2', '2', '3', '5', '0', '1', '1', '3', '2', '4', '0', '7', '1', '0', '2', '3', '1', '2', '0', '4', '3', '2', '1', '4', '0', '3', '2', '0', '4', '1', '3', '3', '0', '2', '1', '9', '3', '4', '1', '0', '6', '0', '1', '2', '3', '4', '3', '9', '0', '1', '7', '0', '3', '1', '2', '4', '5', '0', '2', '3', '4', '0', '1', '9', '4', '8', '3', '0', '1', '4', '2', '4', '1', '2', '3', '0', '4', '1', '0', '3', '5', '3', '8', '7', '6', '1', '3', '4', '2', '9', '1']","['4401', '3016', '3648', '3266', '3650', '3365', '3449', '3231', '3463', '4216', '3101', '3418', '3264', '3215', '2998', '3216', '6597', '3249', '3930', '3101', '2866', '6280', '3834', '3266', '3433', '2866', '2813', '3464', '2316', '3214', '2883', '3949', '4146', '3683', '3350', '3415', '3631', '3315', '3782', '3634', '4163', '3281', '3698', '3732', '4283']","['1', '4', '8', '8', '1', '4', '1', '8', '4', '8', '1', '4', '1', '4', '8', '1', '4', '8', '4', '1', '8', '1', '4', '8', '8', '1', '4', '8', '1', '4', '4', '8', '1', '4', '8', '1', '8', '1', '4', '8', '4', '1', '1', '8', '4']",1,POST_TEST
9,0.8666666666666669,15,5159.2,0.6799999999999999,15,4858.266666666666,0.6133333333333333,15,5237.066666666667,9,baseline,246,elod.joubert,"['0.4', '0.6', '1', '0.6', '0.8', '0.6', '0.8', '0.8', '0.8', '0.8', '0.6', '0.6', '0.8', '0.6', '0.4', '0.6', '0.6', '0.6', '1', '0.4', '0.8', '0.6', '0.8', '1', '1', '0.6', '0.8', '0.8', '1', '0.8', '0.6', '0.4', '0.8', '0.8', '0.6', '1', '0.6', '1', '0.8', '0.6', '0.6', '0.8', '0.6', '0.8', '0.8']","['7', '4', '6', '5', '1', '4', '3', '1', '5', '6', '2', '1', '4', '3', '0', '0', '3', '2', '9', '5', '5', '4', '2', '1', '3', '8', '2', '3', '4', '7', '4', '2', '0', '1', '5', '3', '2', '9', '0', '4', '1', '2', '7', '0', '4', '0', '3', '1', '2', '5', '0', '2', '5', '4', '8', '1', '0', '3', '8', '7', '4', '3', '9', '1', '0', '0', '3', '2', '7', '5', '4', '6', '8', '9', '1', '3', '5', '0', '1', '9', '2', '0', '6', '9', '1', '1', '6', '7', '2', '3', '0', '2', '3', '1', '4', '1', '3', '8', '5', '7', '3', '4', '0', '2', '5', '3', '2', '5', '7', '1', '7', '0', '4', '3', '1', '3', '4', '2', '1', '0', '1', '0', '3', '2', '4', '2', '4', '5', '0', '9', '2', '3', '4', '1', '6', '3', '4', '1', '2', '6', '2', '3', '0', '4', '1', '0', '2', '3', '7', '1', '5', '3', '2', '0', '7', '1', '9', '4', '8', '5', '1', '4', '3', '2', '7', '5', '1', '2', '4', '3', '0', '1', '4', '8', '6', '0', '2', '3', '1', '4', '1', '5', '6', '2', '0', '0', '4', '2', '1', '3', '3', '2', '1', '4', '6', '3', '0', '8', '2', '5', '2', '3', '0', '6', '8', '0', '2', '8', '3', '1', '0', '1', '6', '8', '4', '2', '4', '1', '5', '0', '1', '3', '0', '6', '2']","['5765', '6432', '3915', '3716', '4599', '4033', '4433', '4833', '5100', '4017', '3900', '8266', '6365', '4399', '4850', '4382', '4799', '7868', '6466', '7766', '5049', '4717', '5098', '4549', '5733', '6800', '4066', '4399', '4249', '4166', '5149', '4266', '4549', '4233', '5633', '3915', '4066', '4899', '5033', '4466', '3915', '9850', '4698', '4667', '4749']","['8', '4', '1', '4', '1', '8', '4', '1', '8', '1', '4', '8', '1', '4', '8', '1', '8', '4', '1', '8', '4', '8', '4', '1', '1', '8', '4', '4', '1', '8', '8', '4', '1', '1', '4', '8', '8', '1', '4', '8', '4', '1', '8', '4', '1']",1,PRE_TEST
10,0.9333333333333333,15,6067.0,0.7733333333333333,15,5675.866666666667,0.6266666666666667,15,6123.733333333334,10,baseline,246,elod.joubert,"['1', '0.8', '0.6', '1', '0.6', '1', '0.8', '0.8', '1', '0.8', '0.6', '0.8', '0.4', '0.6', '1', '0.8', '0.6', '1', '0.8', '0.6', '1', '1', '0.6', '0.8', '0.4', '0.8', '1', '0.8', '1', '0.8', '1', '0.8', '0.8', '0.8', '0.6', '1', '0.6', '0.4', '1', '0.6', '0.4', '0.8', '0.8', '0.6', '1']","['0', '2', '3', '1', '4', '1', '2', '0', '3', '8', '0', '4', '3', '6', '7', '3', '1', '0', '4', '2', '3', '0', '5', '2', '9', '3', '0', '2', '4', '1', '0', '1', '3', '2', '6', '1', '2', '0', '5', '3', '2', '1', '4', '3', '0', '1', '5', '4', '2', '0', '1', '2', '8', '6', '0', '3', '0', '2', '4', '7', '7', '3', '5', '8', '0', '1', '3', '5', '9', '0', '4', '1', '3', '2', '0', '0', '7', '4', '1', '3', '8', '1', '5', '4', '0', '2', '3', '4', '1', '0', '3', '1', '0', '2', '8', '5', '3', '9', '1', '4', '3', '0', '4', '2', '1', '4', '2', '0', '3', '1', '1', '3', '0', '5', '7', '3', '0', '4', '1', '6', '7', '8', '2', '5', '4', '1', '2', '0', '4', '9', '2', '3', '1', '4', '0', '0', '1', '3', '4', '5', '3', '4', '0', '1', '2', '2', '1', '3', '5', '4', '1', '2', '3', '4', '0', '1', '4', '0', '3', '8', '0', '3', '4', '2', '9', '2', '4', '3', '1', '8', '0', '4', '3', '5', '7', '4', '1', '2', '0', '3', '1', '3', '8', '5', '2', '7', '3', '9', '5', '4', '3', '1', '4', '0', '2', '6', '4', '8', '2', '0', '6', '0', '7', '2', '5', '1', '0', '2', '3', '6', '4', '3', '2', '5', '0', '1', '9', '3', '4', '5', '0', '1', '3', '4', '2']","['6165', '6949', '7950', '5450', '6698', '5250', '6533', '5400', '5266', '5232', '5249', '4850', '5266', '5550', '5149', '4866', '9065', '10967', '6516', '7032', '5598', '6616', '6366', '6733', '5133', '4799', '6682', '5165', '4733', '5467', '6799', '5451', '5566', '5099', '5499', '4499', '5765', '10116', '4731', '5900', '5782', '4916', '5099', '4349', '5733']","['1', '4', '8', '1', '8', '4', '1', '8', '4', '4', '8', '1', '8', '4', '1', '8', '4', '1', '4', '8', '1', '1', '4', '8', '8', '4', '1', '4', '1', '8', '1', '4', '8', '1', '8', '4', '4', '8', '1', '1', '8', '4', '8', '4', '1']",1,POST_TEST
11,0.6933333333333334,15,4727.0,0.5733333333333334,15,5065.266666666666,0.52,15,4434.466666666666,11,zpdes,247,kelly.vin,"['0.4', '0.6', '0.6', '0.6', '0.8', '0.8', '0.6', '0.8', '0.4', '0.6', '0.8', '0.4', '0.4', '0.8', '0.6', '0.4', '0.8', '0.6', '0.8', '0.6', '0.6', '0.8', '0.6', '0.4', '0.4', '0.6', '0.6', '0.4', '0.6', '0.8', '0.4', '0.6', '0.6', '0.4', '0.8', '0.4', '0.8', '0.8', '0.6', '0.8', '0.4', '0.6', '0.6', '0.6', '0.2']","['8', '0', '7', '2', '6', '2', '0', '8', '1', '5', '0', '9', '1', '4', '6', '0', '4', '3', '5', '8', '1', '3', '0', '6', '2', '4', '1', '2', '0', '9', '2', '3', '9', '1', '7', '5', '3', '2', '0', '1', '6', '8', '4', '3', '5', '3', '2', '4', '7', '5', '3', '1', '9', '4', '0', '8', '4', '9', '3', '7', '4', '5', '7', '9', '0', '1', '3', '0', '8', '4', '1', '4', '2', '9', '8', '4', '1', '7', '5', '9', '3', '0', '1', '8', '4', '2', '3', '6', '0', '5', '0', '3', '4', '2', '9', '4', '2', '3', '9', '7', '2', '4', '6', '7', '1', '1', '4', '6', '3', '0', '0', '1', '4', '5', '7', '5', '8', '9', '2', '0', '2', '6', '0', '7', '9', '2', '1', '3', '9', '5', '5', '3', '0', '1', '9', '5', '6', '4', '1', '8', '5', '4', '6', '0', '2', '2', '4', '1', '3', '7', '0', '2', '8', '9', '5', '4', '2', '9', '8', '1', '0', '3', '7', '8', '1', '8', '9', '7', '0', '3', '0', '1', '4', '3', '7', '1', '5', '9', '3', '8', '3', '0', '4', '2', '9', '3', '2', '9', '4', '1', '6', '4', '0', '2', '5', '2', '1', '3', '8', '0', '4', '8', '0', '9', '7', '5', '2', '4', '7', '0', '3', '0', '1', '8', '6', '4', '0', '7', '3', '5', '8', '7', '2', '5', '6']","['4935', '3659', '4695', '3474', '3532', '2964', '3772', '3050', '4526', '4411', '4029', '5517', '3135', '3929', '3857', '3049', '3333', '3631', '5901', '3758', '4249', '4738', '5660', '2722', '4028', '7517', '2822', '4143', '4767', '7105', '6525', '6056', '4226', '4738', '4623', '2879', '3177', '4057', '3574', '6000', '2738', '3446', '6199', '17177', '11078']","['8', '4', '1', '4', '8', '1', '4', '1', '8', '1', '8', '4', '8', '1', '4', '8', '1', '4', '1', '4', '8', '1', '4', '8', '8', '1', '4', '4', '8', '1', '1', '4', '8', '8', '1', '4', '1', '8', '4', '4', '1', '8', '1', '4', '8']",1,PRE_TEST
12,0.7333333333333335,15,12312.466666666667,0.5999999999999999,15,5751.866666666667,0.4933333333333334,15,4125.6,12,zpdes,247,kelly.vin,"['0.6', '0.8', '0.8', '0.6', '0.6', '0.4', '0.2', '0.8', '1', '0.6', '0.6', '0.6', '0.6', '0.8', '0.4', '1', '0.6', '0.4', '0.6', '0.4', '0.4', '0.6', '0.6', '0.4', '0.6', '0.6', '0.8', '0.8', '0.4', '0.8', '0.8', '0.6', '0.8', '0.6', '0.4', '0.8', '0.4', '0.8', '0.4', '0.4', '0.4', '0.8', '0.6', '0.8', '0.4']","['0', '1', '8', '6', '2', '1', '4', '3', '8', '2', '2', '3', '7', '1', '4', '7', '4', '6', '0', '1', '1', '4', '9', '0', '7', '0', '9', '7', '5', '1', '9', '6', '7', '4', '8', '1', '4', '3', '2', '7', '4', '0', '2', '1', '3', '6', '0', '2', '5', '4', '5', '0', '1', '8', '3', '1', '6', '2', '4', '8', '3', '9', '0', '4', '7', '3', '1', '4', '0', '6', '8', '9', '4', '0', '5', '1', '3', '2', '4', '0', '4', '1', '3', '9', '6', '6', '2', '1', '5', '8', '2', '0', '4', '9', '6', '2', '8', '6', '7', '4', '7', '0', '8', '9', '3', '5', '1', '4', '3', '9', '2', '4', '5', '8', '3', '6', '4', '5', '7', '1', '2', '0', '1', '5', '6', '2', '8', '9', '0', '4', '4', '3', '0', '5', '2', '3', '5', '0', '4', '2', '1', '0', '9', '5', '8', '2', '4', '3', '0', '7', '0', '3', '2', '6', '4', '0', '2', '9', '7', '3', '3', '4', '8', '1', '0', '2', '9', '1', '7', '4', '7', '0', '9', '4', '8', '4', '8', '1', '0', '3', '4', '7', '6', '2', '5', '1', '3', '4', '0', '7', '4', '1', '5', '7', '8', '6', '4', '0', '9', '8', '7', '9', '4', '5', '0', '0', '7', '3', '4', '1', '3', '2', '9', '4', '6', '4', '2', '1', '5', '0', '1', '9', '4', '8', '6']","['5191', '3108', '2737', '2624', '3532', '5759', '5716', '6155', '3432', '2368', '2723', '5120', '3248', '4397', '2780', '3390', '5092', '3305', '3574', '6454', '3148', '2468', '4795', '3191', '2965', '2524', '2511', '3064', '2822', '3971', '6949', '3049', '3674', '12680', '4184', '3533', '5971', '3120', '3688', '7716', '18950', '126222', '5659', '7474', '7816']","['4', '8', '1', '8', '4', '1', '8', '4', '1', '4', '1', '8', '8', '1', '4', '1', '4', '8', '4', '1', '8', '1', '4', '8', '1', '8', '4', '1', '8', '4', '1', '4', '8', '4', '8', '1', '4', '1', '8', '8', '4', '1', '4', '1', '8']",1,POST_TEST
13,0.9600000000000001,15,4190.0,0.7466666666666666,15,4190.866666666667,0.6533333333333334,15,5356.866666666667,13,baseline,251,βen10,"['0.8', '1', '0.6', '0.8', '0.6', '0.8', '0.8', '1', '0.4', '1', '0.6', '0.8', '0.8', '0.8', '1', '1', '0.8', '0.6', '0.4', '1', '0.8', '0.8', '1', '1', '0.6', '1', '1', '0.6', '0.6', '0.6', '0.8', '1', '0.8', '1', '0.6', '0.6', '0.6', '0.4', '1', '1', '0.8', '0.8', '1', '0.8', '0.6']","['4', '0', '1', '2', '6', '4', '0', '1', '3', '2', '0', '4', '8', '2', '7', '2', '7', '4', '0', '1', '3', '2', '0', '7', '9', '3', '5', '2', '1', '4', '3', '4', '1', '2', '7', '4', '3', '0', '1', '2', '4', '6', '9', '1', '7', '1', '0', '2', '4', '3', '4', '1', '8', '7', '3', '2', '3', '1', '0', '6', '4', '0', '2', '1', '5', '3', '0', '1', '2', '8', '0', '4', '2', '3', '1', '0', '1', '3', '4', '2', '2', '3', '0', '4', '6', '3', '5', '2', '4', '9', '6', '7', '3', '9', '0', '2', '3', '0', '4', '1', '0', '5', '3', '1', '4', '3', '2', '4', '1', '5', '0', '1', '4', '2', '3', '2', '1', '0', '4', '3', '3', '2', '0', '6', '7', '0', '4', '1', '2', '3', '2', '1', '0', '4', '3', '3', '1', '7', '0', '9', '4', '3', '5', '9', '1', '1', '6', '4', '5', '0', '0', '1', '3', '2', '5', '2', '3', '1', '4', '0', '6', '2', '1', '4', '0', '1', '3', '4', '2', '0', '6', '2', '4', '8', '1', '9', '1', '0', '4', '7', '1', '3', '2', '5', '8', '5', '1', '6', '0', '7', '2', '4', '1', '0', '3', '4', '2', '3', '1', '0', '2', '3', '7', '1', '0', '0', '1', '4', '3', '8', '4', '1', '0', '2', '3', '1', '4', '3', '7', '2', '4', '3', '1', '5', '6']","['8809', '3691', '3878', '4379', '3989', '3856', '3722', '3589', '6003', '3288', '6328', '4579', '5736', '4764', '3589', '4113', '4538', '3273', '5894', '4105', '7052', '4288', '4271', '3447', '4087', '5538', '3156', '3655', '4254', '5179', '4355', '3555', '3555', '4122', '5553', '3972', '3872', '4745', '4105', '5853', '4207', '7835', '4820', '3939', '4528']","['8', '1', '4', '4', '8', '1', '4', '1', '8', '1', '8', '4', '8', '4', '1', '1', '8', '4', '8', '1', '4', '8', '4', '1', '8', '1', '4', '4', '8', '1', '8', '1', '4', '1', '8', '4', '4', '8', '1', '1', '4', '8', '1', '8', '4']",1,PRE_TEST
14,1.0,15,4141.4,0.88,15,3931.4666666666667,0.7200000000000001,15,4145.8,14,baseline,251,βen10,"['1', '0.6', '1', '1', '1', '0.8', '0.8', '0.6', '1', '1', '0.6', '1', '0.6', '1', '1', '1', '0.8', '0.6', '1', '1', '0.8', '1', '1', '1', '0.6', '1', '1', '1', '0.6', '1', '1', '0.8', '0.4', '1', '0.8', '0.6', '1', '0.6', '0.8', '1', '1', '1', '0.6', '1', '1']","['0', '4', '3', '1', '2', '3', '4', '0', '8', '5', '3', '4', '2', '1', '0', '2', '0', '4', '1', '3', '1', '4', '2', '0', '3', '0', '2', '8', '3', '1', '1', '4', '3', '0', '7', '5', '9', '0', '2', '3', '1', '4', '3', '2', '0', '4', '1', '2', '3', '0', '9', '0', '1', '3', '5', '4', '2', '0', '1', '3', '2', '7', '5', '0', '3', '4', '3', '1', '0', '2', '2', '1', '3', '0', '4', '2', '3', '4', '0', '1', '3', '2', '4', '0', '9', '3', '7', '9', '1', '4', '3', '0', '2', '4', '1', '2', '4', '1', '0', '3', '3', '4', '1', '7', '2', '4', '2', '0', '3', '1', '4', '0', '3', '1', '2', '3', '4', '0', '1', '2', '1', '3', '0', '9', '5', '2', '3', '4', '0', '1', '3', '1', '0', '4', '2', '4', '2', '3', '0', '1', '1', '3', '2', '5', '9', '3', '2', '0', '4', '1', '0', '1', '2', '3', '4', '5', '4', '1', '2', '0', '9', '6', '5', '1', '0', '2', '1', '0', '4', '3', '3', '1', '9', '0', '4', '9', '6', '0', '1', '2', '1', '0', '4', '3', '2', '8', '3', '0', '1', '9', '8', '0', '1', '2', '3', '1', '3', '4', '2', '0', '2', '1', '3', '0', '4', '2', '1', '0', '3', '4', '0', '2', '8', '4', '5', '3', '4', '0', '2', '1', '4', '3', '0', '2', '1']","['4554', '7085', '3189', '4038', '3963', '4363', '3198', '2849', '4470', '3879', '2972', '3929', '3780', '2739', '3197', '2955', '3915', '4448', '4937', '3330', '4221', '3689', '3889', '3163', '4080', '4063', '4412', '4362', '4762', '6976', '3189', '4012', '4804', '3555', '4113', '5828', '3771', '4204', '3397', '4504', '4154', '4045', '3563', '4471', '4263']","['1', '8', '4', '1', '4', '8', '8', '4', '1', '4', '8', '1', '8', '4', '1', '1', '8', '4', '1', '4', '8', '4', '8', '1', '8', '4', '1', '4', '8', '1', '1', '4', '8', '1', '8', '4', '1', '4', '8', '1', '4', '8', '8', '1', '4']",1,POST_TEST
15,0.9466666666666668,15,5861.133333333333,0.7333333333333333,15,7773.266666666666,0.6266666666666666,15,7783.8,15,baseline,254,scostard,"['0.8', '1', '0.6', '0.8', '1', '0.4', '0.8', '0.6', '0.8', '1', '0.8', '0.8', '0.4', '1', '0.6', '1', '0.8', '1', '0.6', '0.8', '1', '1', '0.8', '1', '0.4', '1', '0.8', '0.6', '1', '0.6', '1', '0.4', '0.6', '0.8', '1', '0.6', '0.8', '1', '0.4', '0.6', '0.6', '0.8', '0.6', '1', '0.6']","['1', '0', '5', '2', '4', '3', '1', '0', '2', '4', '1', '2', '0', '9', '7', '1', '2', '8', '4', '3', '4', '2', '3', '1', '0', '2', '7', '1', '5', '8', '4', '2', '9', '1', '3', '5', '1', '9', '3', '4', '3', '1', '0', '4', '9', '1', '4', '2', '0', '3', '3', '1', '0', '4', '5', '4', '1', '0', '9', '2', '0', '1', '6', '8', '9', '4', '1', '2', '0', '3', '1', '3', '2', '8', '6', '2', '4', '3', '0', '1', '2', '0', '4', '1', '7', '0', '2', '3', '1', '4', '3', '4', '6', '5', '2', '1', '2', '3', '4', '9', '1', '3', '0', '2', '4', '3', '1', '0', '4', '2', '8', '0', '2', '1', '3', '4', '1', '2', '0', '3', '7', '6', '1', '5', '0', '1', '4', '0', '2', '3', '4', '2', '3', '0', '6', '8', '4', '7', '3', '0', '4', '1', '2', '3', '0', '3', '7', '4', '9', '0', '3', '2', '1', '4', '0', '6', '2', '7', '1', '5', '2', '8', '0', '9', '1', '0', '4', '2', '3', '7', '3', '0', '4', '2', '1', '3', '4', '1', '6', '7', '5', '3', '2', '4', '0', '3', '2', '1', '4', '0', '1', '5', '0', '8', '6', '1', '0', '4', '5', '7', '1', '9', '3', '6', '0', '2', '3', '1', '5', '4', '2', '7', '6', '4', '0', '1', '2', '3', '4', '0', '2', '4', '1', '5', '9']","['20824', '4301', '7253', '12505', '4920', '10169', '6326', '12217', '10622', '5385', '9692', '6637', '3969', '4116', '5615', '11252', '5186', '4369', '7316', '10555', '3251', '4101', '6020', '13504', '7754', '3953', '5951', '5219', '5136', '10071', '7021', '5986', '6560', '8087', '4385', '5769', '7603', '6224', '7168', '6938', '4353', '5118', '5151', '5285', '7436']","['4', '1', '8', '4', '1', '8', '8', '1', '4', '4', '8', '1', '4', '1', '8', '1', '8', '4', '8', '4', '1', '1', '4', '8', '8', '1', '4', '4', '1', '8', '1', '4', '8', '4', '1', '8', '4', '1', '8', '8', '4', '1', '4', '1', '8']",1,PRE_TEST
16,0.9600000000000002,15,5592.133333333333,0.7733333333333334,15,4770.066666666667,0.6133333333333333,15,3849.0666666666666,16,baseline,254,scostard,"['0.8', '0.6', '1', '0.8', '0.6', '0.8', '1', '1', '1', '0.8', '1', '0.6', '1', '1', '0.6', '0.8', '0.4', '1', '0.6', '0.8', '1', '1', '0.4', '0.8', '0.6', '0.6', '1', '0.8', '0.8', '1', '0.4', '0.8', '0.8', '0.6', '0.8', '0.6', '1', '1', '0.6', '1', '0.6', '0.8', '0.6', '1', '0.4']","['2', '5', '3', '4', '1', '7', '0', '4', '1', '9', '3', '4', '1', '2', '0', '0', '3', '1', '7', '4', '8', '2', '1', '9', '4', '1', '8', '0', '2', '4', '1', '0', '3', '2', '4', '4', '0', '3', '2', '1', '3', '1', '2', '4', '0', '1', '3', '4', '0', '9', '3', '2', '4', '0', '1', '3', '6', '4', '8', '1', '3', '1', '2', '4', '0', '3', '4', '2', '0', '1', '9', '4', '2', '0', '7', '1', '0', '3', '2', '7', '9', '5', '6', '3', '0', '2', '3', '4', '1', '0', '3', '1', '0', '6', '7', '3', '1', '0', '6', '2', '0', '1', '3', '4', '2', '0', '2', '4', '1', '3', '0', '8', '4', '7', '9', '8', '3', '0', '1', '4', '5', '8', '1', '2', '0', '2', '4', '3', '7', '9', '0', '3', '1', '2', '4', '0', '4', '2', '1', '6', '3', '4', '0', '2', '8', '2', '3', '0', '4', '1', '3', '0', '5', '7', '9', '2', '1', '3', '4', '5', '4', '1', '0', '2', '8', '0', '5', '4', '6', '2', '3', '0', '2', '8', '4', '0', '5', '6', '4', '1', '3', '1', '4', '0', '2', '3', '4', '0', '1', '2', '7', '5', '3', '2', '1', '1', '4', '0', '3', '2', '0', '2', '1', '6', '7', '1', '8', '4', '0', '3', '5', '2', '0', '8', '4', '2', '3', '4', '0', '1', '5', '9', '3', '2', '7']","['4274', '9657', '6016', '12559', '5387', '20275', '4770', '4363', '2834', '3005', '2198', '4668', '6807', '2302', '3201', '4931', '4605', '6474', '2352', '3181', '3283', '5719', '4670', '3639', '3284', '3955', '1499', '3371', '6986', '4685', '4570', '4288', '2584', '4019', '2081', '2658', '2150', '15966', '3551', '2382', '2937', '2235', '2484', '3648', '2666']","['8', '4', '1', '4', '8', '1', '1', '8', '4', '4', '1', '8', '4', '1', '8', '4', '8', '1', '8', '4', '1', '1', '8', '4', '8', '4', '1', '8', '4', '1', '8', '4', '1', '8', '1', '4', '4', '1', '8', '1', '8', '4', '8', '1', '4']",1,POST_TEST
17,1.0,15,4204.4,0.8133333333333336,15,3626.4,0.5866666666666667,15,4353.533333333334,17,baseline,257,mayol,"['1', '0.4', '0.4', '0.8', '0.8', '1', '0.4', '0.8', '1', '0.6', '1', '1', '0.8', '1', '0.8', '0.6', '1', '0.6', '0.6', '1', '0.8', '1', '0.6', '1', '0.8', '1', '0.4', '0.6', '1', '1', '1', '0.8', '0.8', '0.4', '0.8', '1', '1', '1', '0.6', '1', '0.4', '0.8', '1', '0.8', '0.8']","['1', '2', '4', '0', '3', '8', '9', '0', '4', '6', '9', '5', '7', '4', '3', '1', '5', '2', '3', '4', '3', '4', '0', '6', '1', '4', '3', '0', '2', '1', '4', '2', '6', '9', '5', '1', '2', '3', '0', '9', '3', '4', '2', '0', '1', '5', '1', '4', '6', '0', '2', '1', '4', '0', '3', '0', '4', '2', '3', '1', '1', '0', '2', '4', '7', '4', '3', '1', '2', '0', '0', '7', '2', '1', '3', '0', '5', '2', '4', '8', '2', '3', '1', '0', '4', '8', '4', '1', '6', '2', '2', '5', '3', '6', '4', '1', '4', '0', '2', '3', '0', '3', '4', '5', '2', '0', '4', '3', '1', '2', '3', '0', '1', '9', '5', '2', '1', '0', '4', '3', '6', '2', '3', '1', '0', '0', '4', '1', '3', '2', '6', '4', '7', '0', '9', '7', '0', '4', '5', '1', '0', '4', '1', '2', '3', '3', '1', '2', '4', '0', '3', '0', '1', '4', '2', '4', '0', '3', '2', '5', '1', '4', '6', '2', '0', '8', '0', '5', '1', '6', '4', '7', '0', '3', '2', '0', '2', '1', '3', '4', '0', '3', '1', '4', '2', '2', '4', '1', '3', '0', '5', '2', '3', '1', '8', '3', '0', '4', '1', '2', '3', '8', '1', '7', '9', '1', '3', '0', '2', '8', '1', '4', '0', '2', '3', '7', '1', '4', '2', '3', '0', '4', '3', '2', '7']","['7392', '5444', '5260', '5893', '5179', '6942', '5046', '6160', '5646', '13838', '4529', '5113', '3446', '6027', '3515', '2332', '2729', '2548', '2813', '7059', '2113', '3229', '3564', '2865', '2182', '3181', '2631', '3747', '2798', '2047', '2129', '2631', '2564', '1865', '2832', '4761', '2046', '2149', '2348', '2664', '2414', '3548', '2362', '7291', '5893']","['1', '8', '4', '8', '4', '1', '8', '4', '1', '8', '4', '1', '8', '1', '4', '8', '1', '4', '8', '1', '4', '4', '8', '1', '4', '1', '8', '8', '4', '1', '1', '8', '4', '8', '4', '1', '4', '1', '8', '1', '8', '4', '1', '8', '4']",1,PRE_TEST
18,0.9866666666666667,15,2837.9333333333334,0.9600000000000001,15,2625.2,0.7466666666666666,15,2205.3333333333335,18,baseline,257,mayol,"['0.6', '1', '1', '1', '0.8', '0.8', '1', '0.8', '0.6', '0.8', '1', '0.8', '1', '1', '1', '0.8', '1', '1', '1', '0.8', '1', '1', '0.8', '0.8', '1', '1', '0.8', '0.6', '1', '1', '1', '0.6', '1', '0.8', '1', '1', '1', '1', '0.6', '0.6', '1', '1', '1', '1', '1']","['9', '1', '8', '4', '3', '3', '2', '0', '4', '1', '0', '2', '1', '3', '4', '1', '4', '3', '0', '2', '1', '4', '3', '6', '2', '8', '3', '0', '1', '4', '0', '3', '1', '4', '2', '0', '5', '1', '3', '2', '2', '0', '1', '8', '9', '3', '0', '2', '1', '7', '4', '0', '2', '1', '3', '0', '4', '2', '5', '1', '2', '3', '0', '4', '1', '4', '3', '0', '1', '2', '2', '4', '1', '3', '0', '3', '4', '8', '1', '0', '2', '0', '1', '3', '4', '2', '3', '4', '1', '0', '0', '3', '4', '1', '2', '0', '3', '1', '7', '2', '0', '1', '4', '2', '3', '2', '3', '0', '1', '4', '3', '2', '5', '0', '1', '4', '0', '5', '3', '1', '3', '0', '2', '1', '4', '4', '3', '1', '2', '0', '5', '3', '2', '4', '1', '9', '3', '0', '4', '8', '1', '3', '4', '2', '0', '1', '4', '0', '3', '2', '2', '1', '4', '0', '3', '3', '1', '9', '5', '4', '2', '1', '3', '4', '0', '0', '3', '6', '2', '1', '1', '4', '0', '3', '2', '2', '1', '4', '0', '3', '4', '2', '3', '1', '0', '2', '3', '4', '0', '1', '1', '9', '5', '4', '3', '8', '2', '5', '1', '4', '3', '4', '2', '0', '1', '2', '0', '3', '1', '4', '3', '0', '2', '4', '1', '4', '3', '2', '1', '0', '1', '3', '2', '4', '0']","['1816', '6111', '2493', '2948', '2046', '2582', '1881', '2613', '2995', '1653', '1898', '2547', '2450', '2051', '1914', '2097', '3629', '3164', '3364', '2149', '1766', '2081', '2165', '2348', '1797', '3362', '3180', '2314', '2482', '2264', '3512', '1583', '2850', '1650', '2748', '3977', '4576', '3031', '2331', '1449', '2466', '1816', '2666', '1897', '2315']","['8', '1', '4', '4', '1', '8', '1', '4', '8', '8', '1', '4', '8', '4', '1', '8', '1', '4', '4', '8', '1', '1', '8', '4', '4', '1', '8', '8', '4', '1', '1', '8', '4', '8', '1', '4', '1', '4', '8', '8', '1', '4', '8', '4', '1']",1,POST_TEST
19,0.9333333333333335,15,4788.466666666666,0.6133333333333333,15,5255.0,0.5066666666666666,15,5095.133333333333,19,baseline,260,elogaugi,"['0.6', '0.4', '0.8', '0.4', '0.6', '1', '1', '0.4', '0.8', '0.2', '1', '0.8', '0.6', '0.6', '0.2', '0.6', '0.4', '1', '0.8', '0.8', '1', '0.6', '1', '0.8', '0.6', '1', '0.8', '0.6', '0.8', '1', '1', '0.6', '0.4', '0.6', '0.4', '0.8', '1', '0.4', '0.6', '0.4', '1', '0.6', '0.8', '0.4', '0.6']","['3', '6', '0', '1', '7', '1', '9', '3', '7', '6', '0', '4', '5', '2', '1', '1', '9', '7', '5', '2', '3', '4', '7', '5', '0', '1', '2', '3', '4', '0', '2', '0', '3', '4', '1', '4', '9', '8', '7', '3', '3', '2', '5', '1', '0', '0', '5', '7', '8', '9', '2', '0', '4', '3', '1', '8', '1', '4', '3', '0', '3', '8', '2', '0', '5', '6', '3', '2', '4', '5', '5', '6', '8', '9', '4', '1', '8', '0', '9', '3', '8', '9', '3', '0', '5', '2', '0', '4', '3', '1', '0', '3', '9', '2', '4', '2', '0', '1', '3', '6', '0', '4', '2', '1', '3', '1', '8', '2', '5', '0', '1', '4', '0', '3', '2', '0', '1', '2', '4', '6', '6', '8', '4', '2', '1', '2', '1', '3', '4', '0', '4', '2', '0', '6', '1', '5', '2', '3', '1', '9', '4', '8', '3', '0', '1', '0', '2', '3', '4', '1', '4', '1', '3', '2', '0', '1', '3', '7', '8', '4', '1', '0', '6', '9', '5', '6', '5', '2', '4', '0', '7', '9', '8', '4', '3', '4', '2', '1', '7', '3', '0', '2', '4', '3', '1', '4', '1', '6', '7', '8', '2', '0', '8', '7', '4', '0', '5', '8', '7', '3', '3', '2', '4', '1', '0', '0', '3', '2', '7', '6', '2', '0', '3', '5', '4', '4', '8', '0', '5', '9', '3', '0', '4', '6', '7']","['5599', '6166', '6883', '4933', '5767', '7482', '5117', '5550', '7400', '4283', '3750', '4683', '5332', '4083', '4799', '5266', '3750', '3983', '4483', '3549', '4749', '3533', '4233', '4416', '4399', '5166', '4683', '7583', '5399', '4350', '4133', '4266', '6383', '3617', '5282', '5316', '3450', '8633', '3783', '4449', '4133', '7366', '3750', '6333', '4816']","['4', '8', '1', '8', '4', '1', '1', '8', '4', '8', '1', '4', '1', '4', '8', '4', '8', '1', '8', '4', '1', '4', '1', '8', '4', '1', '8', '8', '4', '1', '1', '8', '4', '8', '4', '1', '1', '8', '4', '8', '1', '4', '1', '4', '8']",1,PRE_TEST
20,0.8800000000000001,15,4807.466666666666,0.6533333333333332,15,5534.8,0.5466666666666667,15,4918.6,20,baseline,260,elogaugi,"['0.8', '0.6', '0.6', '0.8', '0.6', '1', '0.6', '0.6', '1', '1', '0.6', '0.6', '0.4', '0.6', '1', '0.8', '0.8', '0.8', '0.8', '0.6', '0.6', '0.8', '0.4', '0.4', '0.8', '0.6', '0.6', '0.8', '0.6', '0.8', '0.6', '0.8', '0.4', '1', '0.6', '0.4', '1', '0.2', '1', '1', '0.4', '0.8', '0.6', '0.6', '0.8']","['2', '1', '4', '0', '5', '3', '9', '4', '6', '2', '0', '3', '9', '1', '6', '2', '1', '3', '4', '9', '2', '0', '9', '3', '7', '2', '3', '1', '0', '4', '4', '9', '5', '1', '2', '3', '4', '7', '8', '1', '3', '0', '2', '4', '1', '1', '3', '0', '4', '2', '1', '4', '3', '6', '9', '3', '4', '0', '6', '9', '2', '8', '5', '0', '7', '2', '7', '0', '4', '6', '2', '1', '4', '3', '0', '4', '3', '1', '2', '6', '7', '0', '3', '1', '4', '2', '4', '1', '9', '3', '4', '3', '7', '1', '0', '8', '1', '3', '6', '4', '1', '3', '4', '6', '5', '3', '0', '4', '1', '9', '7', '3', '8', '6', '2', '0', '1', '9', '5', '7', '1', '0', '4', '2', '9', '7', '3', '4', '6', '2', '0', '4', '3', '5', '9', '2', '1', '9', '4', '0', '5', '1', '6', '3', '2', '4', '0', '1', '3', '5', '0', '2', '4', '8', '7', '1', '3', '5', '4', '0', '3', '9', '6', '7', '2', '3', '2', '0', '4', '1', '0', '1', '5', '3', '9', '0', '7', '8', '2', '9', '0', '2', '3', '1', '4', '3', '6', '8', '7', '9', '2', '3', '1', '4', '0', '2', '4', '1', '3', '0', '4', '5', '1', '9', '7', '2', '4', '3', '0', '9', '0', '3', '1', '9', '7', '2', '7', '3', '6', '1', '2', '3', '1', '6', '4']","['7067', '5999', '3467', '4500', '5484', '5332', '5299', '5784', '4348', '3750', '6850', '4217', '6499', '4785', '4133', '5648', '4283', '4400', '4135', '4317', '6599', '4117', '5583', '5267', '5149', '6689', '5866', '3782', '6066', '3967', '4583', '3849', '4366', '6633', '4634', '5750', '4016', '4817', '2967', '5350', '3401', '4782', '6016', '5100', '9267']","['4', '8', '1', '8', '4', '1', '8', '4', '1', '1', '4', '8', '8', '4', '1', '1', '8', '4', '1', '8', '4', '1', '8', '4', '1', '4', '8', '8', '4', '1', '4', '1', '8', '1', '4', '8', '4', '8', '1', '1', '8', '4', '4', '8', '1']",1,POST_TEST
21,1.0,15,3335.4666666666667,0.7866666666666667,15,3141.6,0.5733333333333334,15,2997.733333333333,21,zpdes,261,audrey-baeyens,"['0.4', '1', '1', '1', '1', '0.4', '0.4', '1', '0.4', '1', '1', '0.6', '0.6', '1', '0.8', '1', '0.2', '0.6', '1', '0.6', '0.4', '1', '0.4', '0.4', '0.4', '1', '1', '1', '0.8', '0.8', '0.8', '1', '0.8', '1', '0.6', '1', '1', '1', '0.8', '0.8', '1', '1', '1', '0.8', '0.6']","['5', '2', '4', '7', '9', '4', '3', '2', '0', '1', '0', '1', '3', '2', '4', '3', '4', '1', '0', '2', '1', '4', '2', '3', '0', '8', '7', '0', '4', '6', '8', '3', '1', '6', '7', '4', '1', '2', '0', '3', '6', '9', '2', '1', '5', '0', '3', '1', '2', '4', '1', '3', '2', '0', '4', '4', '3', '2', '6', '7', '4', '1', '0', '7', '8', '0', '4', '1', '3', '2', '1', '3', '2', '4', '6', '0', '3', '2', '4', '1', '6', '5', '2', '9', '8', '3', '1', '2', '9', '8', '2', '1', '0', '4', '3', '8', '2', '4', '3', '5', '2', '9', '0', '6', '7', '4', '3', '1', '2', '0', '8', '7', '1', '6', '4', '2', '5', '4', '6', '9', '2', '5', '3', '6', '7', '2', '0', '4', '3', '1', '1', '4', '3', '0', '2', '0', '1', '4', '2', '3', '3', '0', '2', '9', '1', '1', '2', '0', '3', '7', '2', '0', '7', '3', '1', '2', '4', '3', '0', '1', '2', '0', '1', '4', '7', '2', '0', '3', '1', '4', '0', '7', '3', '4', '8', '4', '1', '2', '3', '0', '3', '0', '4', '2', '1', '2', '4', '0', '3', '1', '4', '7', '1', '0', '2', '0', '1', '2', '9', '3', '3', '1', '4', '0', '2', '2', '1', '0', '3', '4', '0', '1', '4', '2', '3', '3', '7', '0', '1', '2', '8', '2', '4', '3', '5']","['6991', '6929', '7441', '3434', '3060', '2418', '2652', '6186', '2734', '2359', '5627', '2151', '2418', '3760', '2217', '2893', '2055', '3257', '3322', '1784', '2223', '3055', '1943', '3018', '3447', '3760', '2572', '2607', '3389', '2793', '1687', '2256', '3894', '2426', '2418', '4561', '2410', '2685', '2359', '2526', '2688', '2217', '2418', '2681', '2401']","['8', '1', '4', '1', '4', '8', '8', '1', '4', '1', '4', '8', '8', '1', '4', '1', '4', '8', '1', '4', '8', '1', '4', '8', '8', '1', '4', '1', '4', '8', '4', '1', '8', '1', '8', '4', '1', '4', '8', '8', '4', '1', '1', '4', '8']",1,PRE_TEST
22,0.9600000000000001,15,3872.133333333333,0.92,15,5516.0,0.6133333333333333,15,4949.333333333333,22,zpdes,261,audrey-baeyens,"['0.8', '0.8', '0.6', '0.2', '1', '1', '1', '0.6', '0.6', '1', '0.8', '1', '1', '0.8', '1', '0.6', '1', '1', '0.8', '0.8', '1', '1', '0.4', '1', '0.8', '0.8', '1', '1', '1', '0.6', '1', '0.8', '1', '1', '1', '0.6', '0.4', '1', '1', '0.2', '1', '1', '0.8', '0.8', '0.8']","['2', '8', '0', '4', '1', '9', '4', '1', '0', '3', '7', '4', '3', '2', '6', '9', '6', '8', '2', '7', '3', '4', '1', '2', '0', '3', '4', '0', '1', '2', '4', '1', '0', '2', '3', '3', '7', '1', '2', '6', '0', '2', '5', '8', '4', '1', '3', '0', '2', '4', '4', '2', '0', '3', '8', '2', '0', '3', '1', '4', '4', '3', '2', '0', '1', '1', '3', '4', '0', '6', '4', '2', '0', '3', '1', '1', '2', '0', '8', '5', '3', '1', '0', '4', '2', '4', '3', '0', '2', '1', '1', '0', '4', '2', '6', '1', '4', '2', '3', '9', '2', '1', '0', '3', '4', '1', '3', '2', '0', '4', '3', '5', '1', '9', '7', '3', '4', '2', '1', '0', '1', '6', '2', '3', '0', '0', '1', '2', '7', '4', '1', '4', '0', '3', '2', '1', '0', '4', '3', '2', '1', '2', '0', '3', '4', '7', '0', '3', '2', '6', '3', '0', '1', '4', '2', '2', '1', '7', '4', '3', '2', '0', '3', '4', '1', '0', '3', '2', '1', '4', '4', '1', '0', '3', '2', '2', '3', '1', '6', '9', '3', '4', '6', '9', '8', '3', '2', '4', '0', '1', '3', '2', '4', '0', '1', '7', '6', '9', '3', '5', '1', '0', '2', '3', '4', '2', '0', '3', '1', '4', '6', '4', '0', '1', '3', '2', '5', '0', '4', '1', '0', '8', '2', '1', '3']","['4002', '4653', '18199', '5982', '3376', '4779', '3609', '10314', '4135', '6212', '5556', '2468', '5252', '3493', '3477', '3210', '6370', '4594', '3244', '2010', '1843', '4853', '2443', '2926', '11575', '4683', '7371', '3996', '2671', '3376', '3860', '6178', '4119', '2819', '6729', '5936', '4628', '3401', '3576', '2510', '3501', '2684', '9755', '2626', '2068']","['1', '4', '8', '8', '4', '1', '1', '4', '8', '4', '8', '1', '1', '8', '4', '8', '1', '4', '1', '4', '8', '4', '8', '1', '4', '8', '1', '4', '1', '8', '1', '8', '4', '1', '4', '8', '8', '1', '4', '8', '4', '1', '4', '1', '8']",1,POST_TEST
23,0.18666666666666668,15,4272.533333333334,0.40000000000000013,15,4387.266666666666,0.48000000000000004,15,4292.933333333333,23,baseline,263,clara,"['0.4', '0.2', '0.2', '0.6', '0.6', '0.4', '0.6', '0.4', '0', '0.4', '0.6', '0.4', '0.6', '0.8', '0.2', '0', '0.6', '0.4', '0.6', '0', '0.4', '0', '0.4', '0', '0.4', '0', '0.4', '0.6', '0.6', '0.6', '0.4', '0.2', '0.2', '0.4', '0', '0.4', '0', '0.2', '0.4', '0.4', '0', '0.6', '0.6', '0.4', '0.4']","['2', '5', '0', '8', '6', '8', '9', '7', '5', '4', '7', '4', '8', '9', '5', '0', '8', '1', '6', '2', '8', '1', '6', '4', '3', '7', '0', '8', '4', '6', '4', '2', '8', '5', '1', '8', '2', '6', '0', '7', '6', '5', '8', '7', '9', '5', '8', '7', '1', '0', '7', '3', '2', '8', '1', '1', '7', '5', '9', '0', '4', '6', '2', '0', '9', '1', '4', '2', '5', '0', '7', '3', '6', '9', '8', '5', '8', '6', '9', '7', '0', '4', '9', '2', '8', '6', '0', '9', '7', '3', '8', '3', '5', '0', '1', '9', '6', '5', '7', '8', '7', '6', '5', '1', '0', '5', '8', '6', '7', '9', '7', '8', '3', '5', '1', '5', '9', '6', '7', '8', '3', '0', '9', '8', '5', '6', '7', '9', '5', '8', '0', '6', '5', '3', '7', '9', '0', '5', '4', '1', '9', '2', '3', '0', '6', '9', '4', '2', '8', '0', '0', '6', '8', '7', '2', '9', '7', '5', '8', '3', '3', '9', '5', '7', '8', '9', '8', '6', '3', '1', '8', '7', '5', '6', '9', '8', '9', '5', '0', '1', '8', '7', '5', '9', '6', '9', '8', '7', '6', '2', '8', '7', '9', '1', '4', '5', '8', '2', '3', '7', '5', '7', '9', '8', '6', '9', '7', '0', '4', '2', '6', '1', '3', '8', '0', '5', '8', '7', '2', '0', '8', '0', '1', '6', '7']","['6266', '8216', '6018', '3784', '5799', '3715', '3464', '4583', '4998', '4116', '3817', '4484', '3067', '5049', '3650', '3366', '5017', '5450', '4016', '4066', '4700', '4548', '4316', '3467', '3351', '4216', '4350', '3667', '4750', '2900', '4383', '5815', '4050', '4049', '4282', '4582', '3031', '4216', '4182', '3866', '3250', '3799', '4466', '3782', '3332']","['4', '1', '8', '4', '8', '1', '8', '4', '1', '8', '4', '1', '8', '4', '1', '1', '8', '4', '4', '1', '8', '1', '8', '4', '8', '4', '1', '8', '1', '4', '8', '4', '1', '8', '1', '4', '1', '4', '8', '4', '1', '8', '8', '4', '1']",1,PRE_TEST
24,0.9200000000000002,15,4241.8,0.6533333333333334,15,4281.466666666666,0.4799999999999999,15,4137.466666666666,24,baseline,263,clara,"['0.8', '0.4', '1', '0.8', '0.8', '0.2', '0.4', '0.2', '1', '0.4', '0.8', '0.4', '1', '0.4', '0.6', '0.6', '0.6', '1', '1', '0.4', '0.6', '0.6', '0.4', '1', '0.6', '0.6', '0.8', '0.4', '0.8', '1', '0.6', '0.8', '0.6', '0.6', '0.6', '1', '1', '0.6', '0.8', '1', '0.4', '0.8', '0.6', '1', '0.8']","['4', '2', '0', '6', '3', '5', '6', '4', '3', '8', '4', '1', '2', '3', '0', '4', '5', '3', '2', '0', '6', '1', '0', '3', '2', '8', '7', '6', '0', '5', '9', '3', '1', '6', '5', '6', '5', '8', '4', '9', '0', '4', '3', '1', '2', '3', '6', '2', '8', '9', '2', '1', '4', '0', '7', '5', '3', '8', '9', '2', '1', '3', '2', '4', '0', '0', '5', '7', '6', '1', '2', '1', '5', '8', '4', '2', '9', '0', '3', '8', '5', '7', '1', '2', '3', '3', '2', '4', '1', '0', '1', '3', '4', '0', '2', '8', '3', '9', '7', '0', '3', '1', '7', '6', '2', '7', '8', '4', '2', '1', '2', '6', '4', '8', '9', '4', '1', '3', '2', '0', '5', '6', '1', '4', '2', '9', '2', '3', '5', '0', '4', '1', '0', '5', '2', '4', '7', '3', '9', '6', '0', '6', '2', '1', '3', '1', '2', '3', '0', '4', '5', '2', '0', '1', '6', '2', '9', '0', '1', '4', '3', '5', '6', '0', '1', '6', '2', '4', '3', '8', '5', '4', '8', '1', '2', '3', '4', '0', '1', '2', '1', '3', '0', '4', '2', '6', '5', '0', '2', '4', '6', '4', '2', '0', '1', '3', '1', '2', '0', '4', '0', '9', '4', '5', '7', '2', '5', '0', '4', '1', '1', '4', '9', '7', '0', '1', '3', '4', '2', '0', '1', '4', '3', '2', '7']","['4266', '4833', '4400', '4166', '3849', '3233', '4551', '3883', '4332', '4365', '4300', '4081', '4367', '3348', '3667', '5233', '3766', '3700', '4583', '3734', '3849', '4384', '3798', '4482', '4416', '5083', '5716', '3599', '3550', '4684', '5683', '4667', '4450', '3682', '5333', '3515', '4583', '3466', '3233', '4965', '4051', '3334', '5066', '3932', '3733']","['4', '8', '1', '1', '4', '8', '4', '8', '1', '8', '1', '4', '1', '4', '8', '8', '4', '1', '1', '8', '4', '8', '4', '1', '8', '4', '1', '8', '1', '4', '4', '1', '8', '8', '4', '1', '1', '8', '4', '4', '8', '1', '8', '1', '4']",1,POST_TEST
25,0.8666666666666668,15,5202.066666666667,0.6266666666666666,15,6022.6,0.5866666666666666,15,5748.533333333334,25,zpdes,265,mangdoline,"['0.8', '0.6', '0.6', '0.4', '0.6', '1', '0.6', '0.8', '0.4', '0.8', '0.8', '1', '0.4', '1', '0.6', '1', '0.6', '0.4', '0.2', '1', '1', '0.6', '0.8', '0.4', '1', '0.6', '0.6', '0.8', '0.6', '0.8', '1', '0.8', '0.6', '0.6', '0.6', '0.8', '0.6', '1', '0.6', '0.6', '0.8', '0.8', '0.4', '0.6', '0.6']","['3', '2', '1', '8', '0', '4', '2', '6', '5', '1', '5', '1', '4', '0', '6', '3', '1', '5', '7', '9', '3', '1', '8', '0', '6', '0', '4', '2', '1', '3', '2', '8', '0', '6', '3', '5', '4', '3', '0', '2', '7', '1', '2', '6', '8', '0', '4', '6', '3', '2', '4', '2', '1', '0', '8', '3', '0', '4', '2', '1', '3', '9', '1', '7', '8', '4', '2', '3', '1', '0', '2', '4', '3', '9', '6', '3', '2', '1', '0', '4', '1', '2', '0', '5', '7', '6', '4', '5', '8', '0', '1', '7', '5', '8', '9', '0', '4', '1', '3', '2', '3', '4', '0', '2', '1', '9', '1', '0', '3', '7', '0', '1', '2', '3', '8', '1', '5', '9', '8', '0', '2', '0', '4', '1', '3', '2', '1', '5', '8', '0', '3', '4', '7', '5', '0', '1', '0', '2', '3', '7', '4', '5', '1', '3', '8', '3', '4', '0', '8', '1', '3', '0', '4', '2', '1', '4', '2', '6', '3', '0', '0', '2', '7', '8', '1', '8', '3', '4', '6', '1', '7', '2', '6', '1', '3', '4', '8', '1', '3', '2', '0', '1', '5', '6', '2', '1', '3', '2', '0', '4', '0', '7', '5', '3', '4', '2', '0', '5', '9', '3', '1', '5', '3', '0', '2', '0', '1', '7', '3', '4', '3', '7', '2', '9', '8', '1', '6', '9', '0', '3', '1', '8', '4', '6', '0']","['9259', '8659', '6992', '6979', '6212', '6112', '4380', '4835', '6712', '5861', '5546', '5282', '7811', '6362', '6448', '4665', '4197', '5062', '4480', '4730', '5330', '8029', '4230', '5995', '4131', '5066', '4663', '4147', '6013', '4897', '4413', '5696', '4614', '4795', '4580', '5646', '9810', '4667', '6628', '5163', '3880', '5532', '4432', '7044', '4613']","['8', '4', '1', '4', '8', '1', '1', '8', '4', '8', '4', '1', '8', '1', '4', '1', '8', '4', '8', '4', '1', '4', '1', '8', '1', '8', '4', '4', '8', '1', '1', '8', '4', '4', '8', '1', '4', '1', '8', '8', '1', '4', '8', '1', '4']",1,PRE_TEST
26,0.9200000000000002,15,4923.333333333333,0.7333333333333335,15,5571.6,0.5866666666666666,15,5161.8,26,zpdes,265,mangdoline,"['0.8', '1', '0.8', '0.4', '0.6', '1', '0.6', '0.8', '1', '0.8', '0.8', '1', '0.4', '0.6', '0.4', '0.6', '0.8', '1', '0.6', '0.4', '1', '0.6', '1', '1', '1', '0.8', '0.6', '0.4', '1', '0.6', '0.4', '0.8', '0.8', '0.8', '1', '0.8', '0.8', '0.6', '0.4', '0.8', '0.8', '1', '0.8', '0.8', '0.6']","['0', '4', '1', '2', '8', '0', '2', '1', '4', '3', '1', '0', '8', '4', '3', '0', '5', '7', '1', '9', '1', '8', '7', '0', '3', '3', '1', '4', '2', '0', '3', '1', '4', '6', '8', '3', '4', '1', '2', '6', '0', '4', '3', '2', '1', '4', '2', '3', '6', '1', '0', '1', '2', '3', '7', '1', '0', '4', '3', '2', '3', '1', '6', '8', '7', '2', '0', '3', '9', '6', '3', '0', '8', '9', '7', '8', '1', '4', '5', '0', '0', '2', '3', '9', '1', '4', '2', '3', '1', '0', '0', '2', '8', '3', '5', '4', '3', '5', '7', '9', '1', '0', '2', '4', '3', '0', '2', '1', '5', '9', '2', '3', '4', '1', '0', '2', '4', '0', '3', '1', '0', '3', '1', '4', '2', '0', '4', '1', '9', '2', '3', '0', '2', '8', '6', '6', '5', '4', '3', '8', '1', '3', '0', '2', '4', '3', '2', '1', '8', '9', '6', '4', '2', '5', '8', '1', '0', '3', '6', '4', '0', '2', '4', '9', '3', '4', '3', '1', '2', '7', '4', '1', '2', '3', '0', '3', '2', '0', '6', '1', '3', '1', '6', '2', '4', '1', '3', '8', '7', '2', '1', '6', '4', '5', '8', '3', '0', '1', '4', '9', '1', '2', '4', '3', '6', '2', '0', '4', '1', '3', '0', '1', '2', '5', '4', '3', '2', '1', '0', '6', '4', '3', '0', '7', '9']","['5211', '4862', '6628', '4549', '4549', '4666', '5778', '4314', '4813', '9126', '8044', '4865', '7614', '5050', '4664', '4429', '4913', '5229', '6544', '4686', '3231', '4384', '4780', '7461', '4630', '4896', '4202', '5845', '4281', '5695', '4612', '5395', '4413', '4447', '4613', '6961', '5179', '4530', '4264', '5495', '4913', '4663', '5264', '5029', '5134']","['4', '1', '8', '8', '4', '1', '8', '4', '1', '4', '8', '1', '1', '4', '8', '8', '4', '1', '4', '8', '1', '8', '1', '4', '1', '4', '8', '8', '1', '4', '8', '1', '4', '8', '1', '4', '1', '8', '4', '8', '4', '1', '4', '1', '8']",1,POST_TEST
27,1.0,15,5024.0,0.9066666666666667,15,5098.533333333334,0.6799999999999999,15,5788.666666666667,27,baseline,267,nakarab,"['0.6', '1', '1', '1', '0.6', '1', '1', '0.8', '0.6', '0.6', '1', '0.8', '1', '0.6', '1', '0.6', '0.8', '1', '0.6', '1', '1', '1', '0.8', '0.8', '1', '1', '0.6', '1', '0.8', '1', '1', '0.6', '1', '0.8', '1', '0.8', '0.8', '0.8', '1', '0.8', '1', '1', '1', '1', '0.6']","['4', '8', '1', '2', '6', '3', '2', '0', '1', '4', '4', '2', '0', '3', '1', '3', '0', '1', '2', '4', '2', '8', '0', '7', '3', '1', '0', '2', '4', '3', '4', '2', '1', '3', '0', '1', '7', '2', '4', '0', '3', '0', '4', '9', '5', '2', '6', '1', '8', '0', '0', '4', '3', '1', '2', '8', '0', '1', '4', '3', '4', '1', '3', '0', '2', '2', '3', '4', '6', '9', '0', '4', '2', '3', '1', '8', '2', '4', '9', '3', '3', '0', '2', '1', '9', '2', '0', '4', '3', '1', '0', '1', '5', '2', '9', '2', '1', '0', '3', '4', '0', '4', '3', '2', '1', '2', '3', '1', '4', '0', '3', '2', '4', '0', '7', '0', '4', '2', '3', '7', '0', '2', '4', '3', '1', '0', '2', '4', '3', '1', '0', '7', '1', '9', '3', '4', '1', '3', '0', '2', '1', '0', '8', '3', '4', '2', '4', '1', '0', '3', '1', '0', '2', '3', '4', '2', '8', '3', '0', '7', '1', '0', '4', '3', '2', '0', '4', '9', '3', '1', '0', '3', '4', '2', '1', '3', '6', '0', '1', '2', '4', '6', '1', '2', '0', '9', '0', '4', '2', '1', '4', '0', '2', '3', '1', '4', '3', '2', '0', '9', '2', '1', '0', '4', '3', '3', '0', '2', '1', '4', '1', '3', '4', '2', '0', '0', '1', '3', '2', '4', '8', '0', '7', '2', '3']","['4016', '4232', '5416', '4785', '6383', '4567', '4200', '4666', '3815', '3867', '4232', '5265', '5767', '5516', '5633', '5789', '4667', '3833', '4450', '3318', '4650', '4316', '4484', '6167', '4265', '4516', '5183', '5182', '4451', '5682', '5766', '6383', '5199', '11298', '6282', '8816', '6133', '5732', '6832', '5582', '4567', '6067', '5099', '5033', '6566']","['8', '4', '1', '1', '8', '4', '1', '4', '8', '8', '1', '4', '1', '8', '4', '8', '4', '1', '8', '1', '4', '1', '4', '8', '1', '4', '8', '1', '4', '8', '1', '8', '4', '8', '1', '4', '8', '4', '1', '8', '4', '1', '1', '4', '8']",1,PRE_TEST
28,0.9866666666666667,15,5107.733333333334,0.9066666666666666,15,5234.133333333333,0.7733333333333334,15,5493.4,28,baseline,267,nakarab,"['1', '0.8', '0.8', '0.8', '0.8', '1', '0.8', '0.8', '1', '1', '0.8', '1', '0.8', '1', '1', '1', '0.6', '1', '0.8', '0.8', '1', '1', '1', '0.8', '0.8', '1', '0.6', '0.6', '1', '0.6', '1', '0.6', '1', '1', '1', '1', '0.8', '1', '1', '1', '1', '0.8', '1', '1', '0.8']","['4', '0', '3', '2', '1', '4', '8', '0', '3', '1', '2', '9', '0', '1', '4', '2', '3', '0', '5', '1', '1', '9', '2', '3', '4', '4', '3', '2', '1', '0', '5', '1', '3', '0', '4', '3', '4', '7', '0', '2', '0', '2', '3', '1', '4', '1', '0', '4', '2', '3', '4', '5', '0', '3', '2', '0', '3', '1', '2', '4', '0', '4', '2', '6', '3', '3', '4', '0', '2', '1', '3', '1', '0', '4', '2', '3', '4', '1', '2', '0', '8', '1', '4', '5', '0', '2', '4', '3', '0', '1', '4', '1', '3', '0', '6', '3', '0', '1', '4', '5', '0', '4', '2', '3', '1', '3', '4', '1', '2', '0', '4', '1', '0', '2', '3', '3', '1', '0', '8', '2', '1', '2', '4', '0', '9', '0', '1', '2', '4', '3', '7', '3', '6', '4', '0', '0', '3', '4', '7', '9', '1', '3', '2', '0', '4', '8', '3', '5', '0', '2', '0', '4', '2', '3', '1', '2', '4', '1', '8', '6', '2', '4', '3', '1', '0', '2', '3', '0', '1', '4', '2', '4', '1', '0', '3', '0', '3', '2', '4', '1', '4', '2', '3', '0', '9', '2', '3', '4', '0', '1', '4', '0', '2', '3', '1', '2', '4', '3', '0', '1', '3', '0', '1', '2', '4', '6', '4', '1', '0', '2', '3', '1', '4', '0', '2', '4', '2', '0', '3', '1', '4', '2', '5', '3', '0']","['4832', '4701', '4333', '4601', '5583', '4198', '5384', '6931', '5333', '6652', '9817', '4634', '5484', '4882', '5333', '5083', '5166', '4382', '6048', '5250', '6535', '3833', '4834', '4467', '4900', '3918', '4450', '4968', '4250', '4884', '5617', '4650', '5951', '6600', '6083', '4365', '6766', '6183', '6017', '5865', '4750', '4101', '3965', '5700', '5250']","['1', '4', '8', '4', '8', '1', '8', '4', '1', '1', '8', '4', '8', '1', '4', '4', '8', '1', '4', '8', '1', '4', '1', '8', '4', '1', '8', '8', '1', '4', '4', '8', '1', '1', '8', '4', '8', '1', '4', '4', '8', '1', '1', '4', '8']",1,POST_TEST
29,0.9866666666666667,15,4875.2,0.8000000000000002,15,4449.533333333334,0.6,15,5224.333333333333,29,zpdes,268,tilaborde,"['0.8', '0.6', '1', '1', '1', '0.4', '0.8', '0.8', '1', '0.8', '0.6', '0.8', '0.6', '1', '0.4', '0.8', '0.6', '1', '1', '0.6', '0.8', '1', '0.6', '0.6', '0.6', '1', '0.8', '0.6', '1', '1', '1', '1', '0.8', '0.4', '1', '1', '0.4', '1', '0.8', '0.8', '1', '0.6', '0.6', '1', '0.8']","['1', '5', '4', '3', '2', '3', '6', '0', '7', '4', '2', '4', '0', '3', '1', '1', '3', '4', '2', '0', '2', '0', '1', '4', '3', '9', '3', '2', '5', '8', '0', '4', '3', '1', '5', '1', '3', '0', '4', '7', '1', '4', '3', '0', '2', '9', '0', '2', '3', '1', '8', '7', '3', '1', '4', '0', '1', '8', '2', '3', '3', '8', '4', '0', '6', '1', '0', '3', '2', '4', '0', '2', '7', '8', '6', '1', '2', '0', '9', '3', '1', '8', '0', '5', '2', '4', '3', '2', '0', '1', '3', '4', '1', '2', '0', '3', '1', '7', '8', '2', '0', '7', '1', '4', '2', '4', '3', '0', '1', '2', '5', '4', '1', '3', '9', '2', '7', '4', '3', '6', '1', '3', '5', '9', '4', '3', '4', '1', '0', '2', '1', '2', '4', '8', '0', '0', '4', '5', '2', '9', '4', '2', '1', '3', '0', '0', '1', '3', '4', '2', '3', '4', '2', '0', '1', '1', '3', '0', '2', '4', '4', '3', '1', '6', '0', '4', '2', '5', '9', '8', '3', '2', '4', '1', '0', '2', '4', '3', '0', '1', '3', '4', '8', '7', '5', '4', '0', '2', '3', '1', '0', '2', '1', '4', '7', '2', '3', '1', '8', '4', '4', '2', '0', '1', '3', '1', '6', '0', '2', '7', '1', '4', '0', '7', '9', '2', '3', '1', '4', '0', '3', '0', '4', '7', '1']","['5483', '7817', '4917', '5318', '5217', '3967', '4400', '3928', '4650', '4483', '5150', '3679', '4316', '4650', '4816', '5136', '5950', '4385', '4650', '4501', '3984', '5100', '6933', '3850', '4667', '8117', '3633', '4983', '3350', '4933', '3933', '4016', '3533', '7366', '5436', '4617', '5312', '4099', '6865', '3284', '4712', '4467', '4917', '4466', '4250']","['4', '8', '1', '1', '4', '8', '8', '4', '1', '4', '8', '1', '4', '1', '8', '8', '4', '1', '1', '8', '4', '1', '8', '4', '8', '1', '4', '8', '4', '1', '8', '1', '4', '8', '1', '4', '8', '1', '4', '4', '1', '8', '8', '1', '4']",1,PRE_TEST
30,0.9866666666666667,15,4172.4,0.88,15,4374.8,0.64,15,4086.133333333333,30,zpdes,268,tilaborde,"['1', '0.4', '0.6', '1', '0.4', '1', '1', '0.6', '1', '1', '1', '0.8', '1', '1', '0.6', '1', '1', '0.6', '1', '0.6', '1', '1', '1', '1', '0.8', '1', '1', '1', '1', '1', '0.8', '1', '0.6', '0.6', '1', '0.6', '0.4', '1', '1', '1', '0.4', '0.8', '0.8', '0.2', '1']","['0', '4', '2', '3', '1', '0', '9', '8', '2', '7', '7', '0', '6', '3', '1', '4', '2', '0', '3', '1', '5', '9', '0', '2', '6', '2', '4', '0', '1', '3', '2', '3', '4', '1', '0', '7', '0', '2', '1', '5', '4', '1', '3', '0', '2', '4', '0', '3', '2', '1', '2', '3', '0', '1', '4', '0', '6', '3', '1', '4', '1', '2', '0', '3', '4', '3', '0', '4', '2', '1', '2', '1', '9', '4', '5', '0', '3', '2', '4', '1', '1', '3', '4', '0', '2', '3', '2', '8', '1', '5', '0', '4', '2', '3', '1', '7', '3', '8', '1', '4', '1', '3', '2', '0', '4', '3', '0', '2', '1', '4', '1', '0', '3', '4', '2', '4', '3', '0', '2', '1', '0', '4', '1', '9', '2', '2', '4', '1', '0', '3', '2', '3', '0', '4', '1', '1', '0', '3', '4', '2', '2', '0', '4', '1', '3', '1', '4', '0', '2', '3', '9', '3', '2', '1', '0', '4', '2', '3', '0', '1', '3', '6', '0', '1', '7', '4', '0', '5', '3', '8', '0', '1', '4', '3', '2', '7', '3', '2', '8', '0', '4', '5', '6', '1', '9', '3', '4', '2', '0', '1', '0', '1', '4', '3', '2', '0', '3', '2', '1', '4', '0', '5', '9', '2', '7', '0', '2', '3', '9', '4', '4', '0', '3', '9', '2', '8', '5', '6', '2', '7', '2', '0', '3', '4', '1']","['4734', '3950', '3650', '3850', '3700', '3634', '4266', '3649', '3950', '4599', '4016', '3933', '4800', '5217', '4200', '3734', '3968', '4083', '4984', '3850', '3884', '4684', '4417', '4367', '3784', '4850', '10689', '3883', '3400', '3933', '4267', '3916', '7800', '3738', '3833', '3333', '3233', '3417', '3316', '3584', '3467', '3667', '3605', '3200', '4466']","['1', '8', '4', '4', '8', '1', '1', '8', '4', '4', '1', '8', '1', '4', '8', '4', '1', '8', '1', '8', '4', '4', '8', '1', '8', '1', '4', '8', '1', '4', '1', '4', '8', '8', '1', '4', '8', '1', '4', '1', '8', '4', '8', '4', '1']",1,POST_TEST
31,0.9600000000000001,15,4706.4,0.7733333333333333,15,5597.466666666666,0.48000000000000015,15,5680.866666666667,31,zpdes,270,bqueran,"['0.6', '0.8', '1', '0.8', '0.4', '1', '1', '0.6', '0.4', '0.4', '1', '0.8', '0.6', '0.6', '1', '1', '0.4', '0.8', '0.8', '1', '0.8', '0.8', '1', '0.6', '0.8', '0.2', '1', '0.6', '0.6', '0.4', '0.4', '1', '1', '1', '0.8', '0.6', '1', '0.4', '1', '0.8', '0.4', '1', '0.8', '1', '0.2']","['7', '4', '2', '9', '0', '7', '4', '2', '0', '1', '0', '3', '1', '4', '2', '1', '3', '9', '0', '2', '0', '3', '8', '7', '5', '1', '4', '0', '2', '3', '1', '2', '0', '3', '4', '1', '3', '0', '8', '6', '3', '8', '7', '0', '5', '7', '1', '5', '4', '8', '3', '2', '1', '0', '4', '3', '0', '6', '2', '4', '5', '1', '0', '6', '4', '4', '1', '8', '6', '2', '4', '0', '1', '2', '3', '1', '2', '3', '4', '0', '5', '1', '8', '4', '6', '1', '4', '3', '0', '7', '4', '0', '9', '2', '1', '0', '3', '2', '1', '4', '2', '3', '7', '1', '4', '3', '1', '7', '2', '0', '1', '4', '0', '2', '3', '7', '3', '9', '2', '4', '1', '4', '2', '0', '9', '8', '6', '7', '2', '9', '1', '0', '3', '2', '4', '5', '1', '4', '2', '7', '6', '2', '0', '1', '7', '2', '0', '6', '9', '8', '6', '1', '5', '3', '8', '3', '0', '4', '2', '1', '3', '4', '2', '1', '0', '1', '4', '2', '3', '0', '2', '0', '8', '4', '3', '7', '4', '1', '0', '5', '3', '0', '1', '2', '4', '2', '5', '0', '7', '8', '0', '4', '3', '2', '1', '3', '1', '0', '2', '9', '1', '5', '7', '3', '9', '4', '3', '1', '2', '0', '3', '0', '4', '2', '5', '1', '0', '4', '2', '3', '2', '5', '6', '8', '9']","['4566', '4732', '4729', '4732', '6598', '4102', '3649', '12263', '4249', '6849', '4882', '5249', '5715', '5715', '4682', '5232', '4632', '5498', '8065', '4466', '6566', '4665', '6082', '4715', '5732', '4865', '6431', '4999', '4832', '7715', '4650', '3832', '4216', '3865', '4299', '5332', '4149', '8831', '4349', '5982', '5632', '4432', '5231', '3882', '3882']","['8', '4', '1', '4', '8', '1', '1', '4', '8', '8', '1', '4', '8', '4', '1', '1', '8', '4', '8', '1', '4', '8', '1', '4', '4', '8', '1', '4', '1', '8', '8', '1', '4', '1', '8', '4', '1', '8', '4', '4', '8', '1', '1', '4', '8']",1,PRE_TEST
32,0.9733333333333334,15,4693.066666666667,0.9600000000000001,15,4899.0,0.64,15,4747.6,32,zpdes,270,bqueran,"['1', '0.4', '1', '1', '0.6', '1', '1', '1', '0.6', '0.6', '1', '1', '1', '0.8', '0.6', '1', '0.6', '1', '1', '0.6', '1', '0.6', '1', '0.6', '0.6', '1', '1', '0.8', '1', '1', '1', '0.8', '0.6', '1', '1', '0.8', '1', '1', '0.6', '1', '0.8', '1', '0.8', '1', '0.8']","['0', '1', '4', '2', '3', '6', '0', '1', '9', '7', '3', '0', '1', '2', '4', '1', '3', '2', '4', '0', '0', '1', '6', '2', '5', '1', '0', '4', '3', '2', '4', '0', '1', '3', '2', '4', '2', '0', '1', '3', '1', '4', '3', '9', '6', '6', '0', '2', '4', '7', '4', '3', '1', '2', '0', '4', '1', '0', '2', '3', '3', '2', '0', '4', '1', '7', '4', '1', '0', '2', '8', '5', '1', '2', '3', '3', '4', '2', '0', '1', '8', '5', '2', '0', '3', '1', '3', '2', '0', '4', '4', '0', '1', '3', '2', '3', '1', '0', '5', '6', '3', '0', '4', '2', '1', '3', '5', '6', '2', '0', '0', '3', '4', '2', '1', '4', '9', '3', '5', '0', '1', '2', '4', '5', '8', '4', '0', '3', '2', '1', '4', '2', '1', '3', '0', '1', '9', '3', '4', '0', '4', '3', '0', '1', '2', '3', '4', '1', '0', '2', '2', '1', '0', '3', '4', '3', '2', '4', '1', '7', '2', '5', '0', '6', '3', '4', '0', '1', '3', '2', '1', '0', '4', '2', '3', '4', '6', '1', '2', '0', '3', '4', '0', '1', '2', '0', '3', '2', '1', '4', '3', '4', '2', '5', '7', '3', '1', '4', '0', '2', '8', '1', '4', '0', '3', '4', '0', '1', '2', '3', '1', '0', '4', '3', '7', '3', '2', '0', '4', '1', '0', '7', '4', '3', '2']","['3365', '5015', '5251', '4615', '4449', '5115', '5249', '4300', '5099', '5248', '4063', '4982', '5235', '3950', '3349', '4398', '4649', '5532', '4632', '3599', '5083', '4167', '5848', '5082', '6648', '4032', '4599', '4382', '4699', '4449', '4765', '3582', '4365', '5282', '4249', '4865', '4365', '5915', '5049', '7281', '4899', '4865', '4516', '5315', '4698']","['1', '8', '4', '1', '8', '4', '4', '1', '8', '8', '4', '1', '4', '1', '8', '1', '8', '4', '1', '8', '4', '4', '1', '8', '8', '1', '4', '8', '4', '1', '4', '1', '8', '1', '4', '8', '1', '4', '8', '1', '8', '4', '8', '1', '4']",1,POST_TEST
33,0.8533333333333334,15,5154.533333333334,0.5333333333333333,15,4962.2,0.56,15,4486.0,33,baseline,272,Salome.boa,"['1', '0.6', '0.6', '0.6', '0.4', '0.4', '0.6', '1', '0.6', '0.4', '1', '0.6', '0.8', '0.8', '0.4', '1', '0.6', '0.6', '0.4', '0.4', '0.8', '0.8', '0.6', '0.8', '0.6', '0.8', '0.4', '1', '0.4', '0.6', '0.8', '0.4', '0.4', '0.6', '1', '0.4', '0.6', '0.6', '0.6', '1', '0.4', '0.6', '0.6', '0.8', '0.8']","['1', '0', '3', '4', '2', '2', '0', '1', '8', '6', '8', '2', '3', '9', '4', '1', '2', '9', '3', '7', '4', '5', '8', '0', '6', '2', '4', '9', '6', '7', '2', '6', '5', '0', '3', '0', '2', '4', '3', '1', '0', '1', '5', '2', '6', '0', '9', '5', '3', '8', '0', '2', '1', '4', '3', '2', '0', '9', '5', '1', '1', '2', '3', '8', '4', '0', '1', '4', '5', '3', '1', '4', '7', '8', '6', '1', '3', '2', '0', '4', '3', '0', '9', '6', '4', '1', '5', '8', '4', '3', '1', '9', '5', '6', '2', '3', '2', '6', '8', '9', '1', '3', '4', '2', '5', '3', '1', '4', '8', '0', '8', '3', '7', '0', '4', '2', '1', '0', '3', '6', '0', '2', '6', '5', '4', '3', '1', '0', '4', '7', '3', '0', '6', '7', '8', '0', '4', '1', '3', '2', '4', '1', '6', '9', '7', '2', '9', '4', '0', '7', '2', '4', '1', '0', '5', '9', '8', '7', '4', '2', '0', '1', '5', '6', '8', '3', '7', '1', '5', '4', '4', '0', '1', '3', '2', '9', '0', '2', '5', '7', '4', '2', '1', '6', '5', '2', '4', '0', '6', '9', '8', '3', '5', '2', '1', '2', '0', '4', '3', '1', '4', '8', '7', '9', '3', '2', '1', '6', '5', '3', '3', '2', '4', '9', '8', '0', '4', '9', '3', '2', '3', '2', '0', '1', '6']","['5324', '5417', '5417', '3717', '5196', '5465', '3999', '3867', '4319', '4352', '6116', '6468', '3746', '4034', '4083', '3800', '4598', '4100', '4216', '4583', '5616', '4867', '4200', '3633', '4016', '4150', '3833', '3733', '5066', '3799', '11782', '5932', '6449', '6535', '4599', '4016', '4066', '6853', '6482', '5349', '4033', '4132', '5499', '3651', '3933']","['1', '4', '8', '1', '8', '4', '8', '1', '4', '8', '1', '4', '1', '8', '4', '1', '8', '4', '8', '4', '1', '1', '4', '8', '1', '4', '8', '1', '4', '8', '1', '8', '4', '4', '1', '8', '4', '1', '8', '1', '4', '8', '4', '8', '1']",1,PRE_TEST
34,0.9466666666666668,15,5115.933333333333,0.6933333333333334,15,5363.866666666667,0.6,15,5374.933333333333,34,baseline,272,Salome.boa,"['0.4', '1', '0.4', '0.8', '0.6', '1', '0.6', '1', '0.8', '1', '0.4', '0.4', '0.6', '0.8', '0.8', '1', '0.8', '0.8', '0.8', '0.4', '0.8', '1', '0.4', '0.8', '0.8', '0.6', '1', '0.6', '1', '0.6', '0.6', '1', '0.6', '0.6', '0.8', '1', '1', '0.6', '0.8', '0.6', '0.8', '0.8', '0.6', '0.8', '1']","['0', '4', '5', '8', '7', '0', '4', '1', '3', '2', '2', '0', '6', '8', '9', '9', '1', '4', '2', '0', '0', '1', '3', '6', '8', '0', '1', '3', '4', '2', '1', '2', '8', '7', '4', '0', '1', '2', '4', '3', '3', '0', '4', '8', '2', '2', '3', '0', '4', '1', '3', '0', '5', '6', '8', '9', '0', '8', '7', '2', '5', '4', '6', '0', '2', '4', '1', '0', '3', '6', '1', '2', '0', '4', '5', '0', '3', '1', '4', '2', '4', '3', '1', '8', '0', '3', '0', '6', '2', '4', '1', '0', '5', '3', '4', '0', '4', '5', '9', '8', '1', '0', '2', '4', '9', '1', '4', '2', '3', '0', '5', '4', '0', '8', '6', '2', '3', '1', '7', '4', '3', '0', '2', '1', '6', '4', '1', '3', '9', '8', '1', '4', '0', '3', '2', '3', '0', '8', '5', '1', '2', '1', '3', '0', '4', '3', '2', '0', '9', '7', '0', '6', '5', '2', '4', '3', '4', '1', '2', '0', '0', '1', '6', '8', '4', '7', '0', '1', '8', '3', '8', '0', '3', '2', '4', '2', '3', '4', '0', '1', '1', '0', '2', '3', '4', '1', '0', '6', '8', '3', '2', '1', '4', '0', '7', '3', '4', '0', '5', '6', '0', '1', '4', '2', '9', '0', '4', '3', '5', '1', '0', '4', '2', '8', '9', '4', '7', '1', '2', '0', '1', '2', '0', '4', '3']","['3734', '3983', '4367', '3701', '5383', '6632', '5917', '3366', '4866', '4801', '4233', '3815', '3750', '4000', '4399', '4633', '7849', '4233', '3916', '3983', '3566', '4716', '4250', '6482', '6699', '7815', '4050', '3765', '3899', '5182', '5032', '4882', '6466', '5782', '5999', '4899', '4865', '5299', '6083', '5467', '6033', '8932', '5883', '13698', '6516']","['8', '1', '4', '8', '4', '1', '4', '1', '8', '1', '4', '8', '8', '1', '4', '1', '4', '8', '1', '8', '4', '1', '8', '4', '1', '8', '4', '8', '1', '4', '4', '1', '8', '8', '4', '1', '1', '8', '4', '8', '4', '1', '4', '8', '1']",1,POST_TEST
35,0.9466666666666667,15,3615.4,0.5733333333333334,15,5263.733333333334,0.5066666666666667,15,7062.2,35,baseline,274,c,"['1', '0.6', '0.6', '0.8', '0.6', '0.6', '1', '0.6', '0.8', '0.6', '1', '0.4', '0.6', '0.8', '0.4', '0.4', '0.4', '1', '1', '0.6', '0.8', '1', '0.2', '0.6', '0.4', '1', '0.4', '0.6', '1', '0.4', '0.8', '1', '0.8', '0.8', '0.6', '1', '1', '0.4', '0.4', '0.6', '0.2', '0.6', '0.6', '1', '0.4']","['2', '3', '0', '1', '4', '2', '4', '6', '3', '8', '7', '5', '4', '3', '1', '3', '2', '4', '1', '6', '9', '3', '0', '1', '8', '4', '0', '7', '5', '3', '2', '1', '3', '0', '4', '3', '8', '5', '4', '2', '1', '0', '2', '3', '7', '1', '6', '2', '7', '3', '3', '4', '0', '2', '1', '2', '5', '6', '1', '8', '4', '3', '8', '0', '6', '0', '3', '7', '4', '2', '4', '5', '3', '7', '8', '3', '6', '4', '8', '7', '9', '8', '5', '4', '1', '0', '3', '2', '4', '1', '0', '4', '3', '1', '2', '4', '9', '5', '3', '1', '2', '0', '4', '6', '1', '1', '4', '2', '3', '0', '9', '6', '7', '2', '8', '3', '9', '7', '1', '4', '3', '6', '2', '5', '9', '2', '1', '4', '0', '3', '2', '7', '5', '4', '6', '7', '2', '1', '5', '3', '0', '4', '1', '2', '3', '6', '3', '2', '9', '8', '6', '1', '4', '3', '0', '0', '1', '4', '3', '2', '3', '4', '8', '0', '1', '2', '9', '4', '3', '0', '7', '4', '2', '0', '9', '0', '4', '1', '2', '3', '2', '3', '0', '1', '4', '9', '3', '7', '0', '6', '8', '5', '2', '3', '6', '5', '2', '4', '0', '7', '4', '6', '9', '5', '8', '4', '3', '9', '0', '7', '5', '9', '3', '4', '0', '1', '4', '3', '2', '0', '3', '9', '7', '6', '2']","['3498', '8614', '3931', '7214', '5565', '3165', '2966', '4898', '3132', '3382', '2899', '3566', '4832', '3199', '3815', '3049', '5331', '2932', '2149', '4299', '4382', '3516', '3283', '6081', '10213', '4415', '11081', '10513', '4399', '18944', '4682', '4798', '10081', '8197', '5032', '3582', '2966', '6797', '7247', '8215', '5448', '2966', '3449', '2732', '3665']","['1', '8', '4', '1', '8', '4', '1', '8', '4', '4', '1', '8', '4', '1', '8', '4', '8', '1', '1', '8', '4', '1', '8', '4', '8', '1', '4', '4', '1', '8', '4', '1', '8', '8', '4', '1', '1', '4', '8', '8', '4', '1', '4', '1', '8']",1,PRE_TEST
36,0.9466666666666668,15,4871.933333333333,0.7866666666666668,15,4759.6,0.5066666666666667,15,6280.866666666667,36,baseline,274,c,"['1', '1', '0.4', '0.2', '1', '0.6', '1', '0.8', '1', '0.8', '0.6', '1', '0.8', '1', '0.4', '0.6', '1', '0.6', '0.8', '1', '0.8', '0.8', '0.8', '0.6', '0.4', '1', '0.8', '1', '0.4', '0.8', '0.4', '0.4', '0.8', '1', '0.4', '0.6', '1', '0.4', '1', '0.6', '0.8', '0.8', '0.8', '1', '0.6']","['0', '1', '3', '4', '2', '2', '3', '0', '4', '1', '8', '7', '6', '4', '1', '8', '0', '9', '6', '7', '4', '0', '3', '1', '2', '6', '2', '3', '9', '0', '1', '4', '0', '3', '2', '3', '0', '1', '9', '2', '3', '0', '1', '2', '4', '2', '3', '1', '0', '8', '3', '2', '4', '5', '7', '3', '4', '1', '2', '0', '2', '5', '0', '4', '1', '1', '2', '4', '0', '3', '2', '7', '6', '1', '9', '1', '2', '3', '6', '5', '2', '3', '1', '0', '4', '8', '5', '2', '1', '0', '4', '3', '2', '0', '8', '4', '2', '0', '3', '1', '4', '9', '2', '0', '3', '0', '9', '1', '3', '2', '2', '1', '9', '4', '0', '0', '4', '7', '1', '9', '3', '5', '6', '0', '7', '4', '3', '1', '0', '2', '0', '2', '5', '3', '4', '3', '2', '1', '0', '4', '8', '3', '9', '5', '4', '1', '4', '3', '0', '8', '6', '3', '5', '1', '7', '4', '2', '7', '6', '5', '2', '1', '3', '9', '0', '3', '2', '1', '0', '4', '1', '7', '2', '6', '5', '4', '2', '5', '3', '6', '4', '3', '2', '1', '0', '1', '2', '6', '9', '5', '3', '0', '1', '4', '2', '0', '4', '5', '3', '6', '4', '7', '0', '3', '1', '5', '2', '4', '1', '3', '0', '2', '7', '3', '1', '1', '3', '4', '2', '0', '7', '2', '4', '9', '1']","['4682', '4116', '6946', '3981', '4681', '6081', '4669', '4415', '4515', '5665', '4215', '4881', '4315', '3898', '5749', '12312', '3466', '4282', '5632', '4082', '9096', '4698', '6697', '4699', '4481', '4848', '3982', '5132', '7348', '4965', '3832', '5565', '6332', '4866', '4299', '4266', '4682', '5115', '3866', '5963', '7064', '6098', '4215', '3965', '10029']","['1', '4', '8', '8', '1', '4', '1', '8', '4', '4', '8', '1', '4', '1', '8', '8', '1', '4', '4', '1', '8', '4', '1', '8', '8', '4', '1', '1', '8', '4', '4', '8', '1', '1', '8', '4', '1', '8', '4', '8', '1', '4', '4', '1', '8']",1,POST_TEST
37,0.9333333333333333,15,6085.0,0.64,15,6506.933333333333,0.5333333333333333,15,6555.066666666667,37,zpdes,277,Susanne,"['0.6', '0.8', '0.4', '0.6', '0.8', '0.8', '0.4', '0.8', '1', '0.8', '0.2', '0.6', '0.6', '0.6', '0.8', '1', '0.6', '0.6', '1', '0.2', '0.4', '0.8', '0.4', '0.6', '0.6', '0.8', '1', '0.8', '0.8', '1', '0.8', '0.8', '1', '0.4', '0.6', '1', '0.4', '0.6', '1', '1', '0.6', '0.8', '1', '0.8', '0.4']","['2', '7', '3', '1', '6', '0', '2', '5', '1', '3', '9', '6', '5', '1', '0', '2', '6', '3', '5', '4', '0', '4', '7', '3', '2', '0', '1', '6', '4', '3', '2', '6', '5', '1', '9', '0', '1', '2', '4', '9', '4', '0', '2', '1', '3', '1', '4', '3', '7', '2', '7', '5', '4', '8', '6', '0', '3', '9', '1', '8', '8', '0', '1', '4', '6', '2', '3', '9', '8', '4', '0', '4', '1', '7', '2', '3', '1', '2', '4', '0', '6', '3', '1', '0', '9', '6', '9', '1', '3', '0', '3', '4', '2', '0', '1', '9', '7', '5', '2', '8', '8', '6', '1', '9', '2', '4', '1', '7', '2', '3', '9', '0', '3', '7', '6', '0', '1', '3', '8', '6', '0', '9', '8', '2', '4', '2', '4', '0', '1', '7', '4', '0', '1', '2', '3', '8', '3', '2', '4', '1', '3', '0', '2', '6', '4', '1', '0', '2', '3', '4', '6', '4', '2', '3', '1', '4', '1', '0', '2', '5', '4', '3', '1', '0', '2', '2', '9', '8', '6', '1', '4', '2', '3', '9', '8', '1', '0', '4', '3', '2', '0', '8', '4', '7', '9', '8', '2', '0', '6', '3', '2', '1', '0', '3', '4', '1', '0', '4', '3', '2', '6', '4', '3', '0', '7', '3', '2', '0', '8', '4', '2', '4', '1', '0', '3', '3', '2', '9', '4', '0', '8', '3', '2', '9', '7']","['5928', '6559', '5827', '7909', '6793', '6943', '8375', '5279', '6460', '6911', '5412', '6128', '7043', '5428', '5411', '5178', '5928', '5146', '6609', '10539', '6827', '6711', '5746', '5778', '8192', '5628', '5328', '6363', '6809', '7142', '7593', '6294', '5811', '5645', '7159', '6460', '6559', '5644', '4747', '5378', '4995', '10124', '5627', '5244', '5595']","['4', '1', '8', '4', '8', '1', '8', '4', '1', '1', '8', '4', '4', '8', '1', '1', '4', '8', '1', '4', '8', '1', '8', '4', '8', '4', '1', '8', '4', '1', '4', '8', '1', '8', '4', '1', '8', '4', '1', '1', '4', '8', '1', '4', '8']",1,PRE_TEST
38,0.9066666666666668,15,7421.666666666667,0.7333333333333333,15,6358.933333333333,0.5333333333333333,15,6295.266666666666,38,zpdes,277,Susanne,"['0.6', '0.8', '0.6', '0.4', '1', '1', '1', '0.4', '0.6', '0.6', '1', '0.6', '0.4', '1', '0.4', '0.6', '1', '1', '0.8', '0.6', '0.8', '1', '0.8', '0.8', '0.8', '1', '0.2', '0.8', '0.8', '0.4', '0.8', '0.4', '0.8', '1', '0.4', '1', '0.6', '0.6', '0.8', '1', '0.2', '0.8', '1', '0.6', '0.8']","['2', '8', '6', '1', '0', '3', '1', '0', '5', '2', '0', '2', '4', '7', '5', '2', '9', '6', '8', '4', '1', '4', '0', '2', '3', '2', '1', '3', '4', '0', '0', '2', '3', '4', '1', '8', '4', '9', '2', '6', '0', '3', '8', '5', '1', '4', '5', '2', '0', '8', '3', '0', '4', '2', '1', '1', '3', '5', '6', '0', '9', '5', '0', '1', '8', '3', '1', '0', '2', '4', '2', '6', '9', '8', '4', '3', '6', '4', '7', '0', '1', '4', '0', '3', '2', '2', '1', '4', '0', '3', '2', '0', '3', '1', '7', '3', '4', '6', '7', '1', '9', '1', '4', '3', '2', '1', '3', '2', '4', '0', '0', '1', '3', '2', '6', '2', '4', '7', '0', '3', '7', '1', '2', '4', '0', '2', '4', '0', '3', '1', '0', '6', '7', '9', '5', '4', '2', '1', '7', '0', '1', '3', '4', '0', '6', '2', '6', '5', '3', '9', '4', '3', '0', '1', '5', '4', '5', '2', '8', '6', '0', '1', '6', '3', '4', '2', '0', '1', '4', '3', '5', '0', '1', '9', '7', '3', '2', '1', '0', '4', '3', '2', '0', '7', '5', '8', '3', '0', '1', '9', '1', '0', '4', '5', '3', '4', '3', '0', '1', '2', '8', '6', '9', '3', '5', '8', '3', '0', '1', '2', '4', '0', '3', '2', '1', '9', '6', '1', '3', '4', '2', '1', '4', '0', '8']","['5231', '5562', '8143', '7046', '7326', '6424', '6027', '7177', '7114', '5113', '5978', '5911', '5711', '5462', '6561', '9128', '6261', '6111', '24830', '4516', '5077', '6095', '5947', '6877', '6029', '5078', '5546', '6394', '6711', '6464', '5828', '5812', '6177', '6112', '6144', '5428', '7894', '5245', '5681', '6281', '5362', '7726', '8676', '5445', '7477']","['8', '1', '4', '4', '1', '8', '1', '4', '8', '4', '1', '8', '4', '1', '8', '8', '1', '4', '1', '8', '4', '1', '4', '8', '1', '4', '8', '4', '1', '8', '4', '8', '1', '4', '8', '1', '8', '4', '1', '1', '8', '4', '4', '8', '1']",1,POST_TEST
39,0.8933333333333336,15,4172.133333333333,0.76,15,4380.133333333333,0.5733333333333334,15,4651.6,39,zpdes,280,Romain851,"['0.4', '0.6', '0.8', '1', '0.6', '0.8', '0.8', '1', '0.4', '0.8', '1', '0.6', '0.8', '0.8', '0.8', '0.8', '0.6', '0.8', '0.6', '0.8', '1', '0.8', '0.4', '1', '0.8', '0.8', '1', '0.8', '0.6', '0.8', '0.8', '0.6', '0.8', '0.6', '0.8', '1', '0.8', '0.8', '0.6', '0.4', '0.6', '0.8', '0.8', '0.6', '0.6']","['4', '1', '6', '9', '8', '4', '6', '1', '3', '9', '0', '2', '3', '9', '4', '2', '1', '4', '3', '0', '1', '2', '4', '9', '6', '3', '2', '0', '5', '1', '0', '2', '4', '3', '8', '4', '0', '1', '3', '2', '1', '4', '6', '7', '5', '3', '2', '0', '6', '4', '4', '2', '3', '1', '0', '0', '1', '2', '8', '5', '2', '1', '0', '3', '9', '6', '0', '2', '1', '4', '0', '2', '4', '6', '3', '4', '0', '8', '1', '3', '3', '6', '2', '9', '1', '3', '4', '1', '0', '6', '1', '6', '3', '0', '5', '1', '3', '4', '2', '8', '3', '0', '1', '2', '4', '4', '1', '3', '2', '9', '2', '4', '9', '8', '7', '3', '1', '0', '2', '4', '0', '3', '1', '2', '6', '0', '2', '1', '4', '8', '4', '3', '1', '2', '0', '1', '0', '7', '4', '2', '3', '2', '0', '9', '5', '2', '1', '3', '4', '8', '2', '3', '4', '0', '7', '0', '5', '9', '3', '1', '0', '3', '7', '4', '1', '3', '2', '4', '7', '5', '4', '1', '2', '0', '5', '1', '4', '3', '0', '2', '7', '1', '0', '2', '4', '0', '3', '1', '2', '6', '4', '3', '0', '9', '7', '2', '9', '5', '7', '0', '3', '6', '0', '5', '1', '9', '3', '0', '1', '4', '2', '0', '9', '3', '1', '4', '8', '0', '2', '9', '2', '9', '4', '3', '6']","['12139', '5801', '3186', '4735', '4453', '7371', '3768', '3102', '4868', '5452', '4284', '4033', '3302', '9987', '4968', '3351', '4051', '3285', '4517', '4682', '3082', '5050', '5114', '6032', '4966', '3683', '5265', '4883', '4266', '4264', '3215', '3399', '3533', '2535', '3767', '2549', '3833', '2666', '4216', '3866', '3248', '3014', '3231', '3666', '3380']","['8', '4', '1', '1', '8', '4', '4', '1', '8', '4', '1', '8', '4', '1', '8', '1', '8', '4', '8', '4', '1', '4', '8', '1', '4', '8', '1', '1', '8', '4', '1', '8', '4', '8', '4', '1', '4', '1', '8', '8', '4', '1', '1', '8', '4']",1,PRE_TEST
40,0.9866666666666667,15,4169.133333333333,0.7866666666666667,15,4068.733333333333,0.6133333333333334,15,3684.4,40,zpdes,280,Romain851,"['1', '1', '0.8', '0.6', '1', '0.6', '0.6', '1', '0.6', '0.8', '0.8', '0.8', '0.6', '0.8', '1', '1', '0.4', '1', '0.8', '0.4', '1', '0.6', '1', '1', '1', '0.6', '0.4', '0.4', '1', '1', '0.4', '1', '0.6', '0.8', '0.8', '1', '1', '1', '0.6', '0.8', '1', '0.8', '0.8', '1', '0.6']","['1', '4', '2', '0', '3', '0', '4', '1', '2', '3', '3', '0', '5', '2', '4', '5', '1', '3', '6', '2', '2', '0', '3', '4', '1', '7', '5', '1', '3', '2', '9', '2', '4', '1', '6', '4', '3', '0', '1', '2', '2', '3', '9', '1', '5', '6', '1', '3', '0', '2', '2', '6', '3', '0', '4', '2', '9', '4', '3', '1', '3', '2', '6', '7', '0', '1', '0', '8', '4', '2', '3', '2', '0', '4', '1', '1', '0', '3', '4', '2', '9', '3', '0', '5', '8', '4', '0', '3', '2', '1', '4', '2', '7', '0', '3', '4', '8', '3', '7', '6', '4', '2', '1', '3', '0', '5', '1', '0', '2', '8', '1', '2', '4', '3', '0', '1', '4', '0', '2', '3', '4', '0', '1', '2', '3', '6', '3', '7', '0', '1', '7', '2', '6', '4', '8', '0', '5', '7', '2', '9', '1', '2', '0', '3', '4', '1', '3', '4', '0', '2', '9', '3', '5', '7', '4', '0', '4', '2', '3', '1', '5', '2', '7', '4', '3', '8', '4', '1', '3', '0', '1', '7', '0', '2', '3', '4', '0', '1', '3', '2', '2', '3', '1', '4', '0', '0', '3', '4', '2', '1', '4', '5', '3', '0', '9', '0', '4', '2', '3', '6', '1', '0', '2', '3', '4', '0', '4', '2', '3', '5', '6', '2', '3', '1', '0', '3', '1', '4', '2', '0', '5', '1', '0', '4', '7']","['3785', '3900', '5618', '6399', '3217', '4017', '3451', '4568', '5703', '2635', '2635', '4951', '4385', '6234', '11854', '2851', '3151', '2851', '4419', '3952', '3635', '3967', '4451', '3284', '3750', '4469', '2635', '3133', '5385', '2766', '2699', '3167', '4168', '2985', '3583', '3617', '3385', '3852', '3535', '3685', '3053', '3518', '3351', '3184', '3001']","['1', '4', '8', '4', '1', '8', '8', '1', '4', '8', '1', '4', '8', '4', '1', '1', '8', '4', '4', '8', '1', '8', '1', '4', '1', '4', '8', '8', '1', '4', '4', '1', '8', '4', '8', '1', '1', '4', '8', '8', '1', '4', '8', '1', '4']",1,POST_TEST
41,0.9466666666666668,15,5383.133333333333,0.6933333333333332,15,3790.133333333333,0.6266666666666666,15,4379.0,41,baseline,281,ClarisseCharr,"['0.8', '1', '0.8', '0.8', '1', '0.4', '0.6', '0.6', '1', '0.8', '0.6', '1', '1', '0.6', '0.8', '0.4', '0.8', '1', '1', '0.6', '0.8', '0.6', '1', '0.6', '0.6', '1', '0.6', '0.8', '1', '0.8', '0.6', '1', '1', '0.4', '0.8', '0.8', '0.6', '0.2', '1', '0.6', '0.6', '0.8', '1', '0.6', '0.6']","['0', '1', '7', '4', '2', '0', '3', '1', '4', '2', '1', '4', '0', '3', '8', '3', '1', '0', '4', '9', '1', '4', '2', '3', '0', '1', '8', '9', '5', '4', '2', '6', '1', '9', '0', '1', '2', '8', '0', '5', '1', '4', '3', '0', '2', '1', '0', '8', '2', '3', '9', '0', '2', '1', '8', '2', '3', '4', '1', '0', '3', '1', '4', '2', '0', '3', '4', '1', '5', '8', '2', '9', '0', '1', '3', '7', '4', '6', '8', '3', '0', '3', '1', '2', '8', '4', '2', '1', '0', '3', '0', '1', '3', '2', '4', '3', '1', '0', '9', '6', '8', '1', '3', '4', '0', '3', '5', '1', '4', '7', '4', '3', '1', '0', '2', '0', '3', '6', '2', '5', '0', '1', '6', '7', '4', '0', '2', '1', '3', '4', '3', '0', '5', '2', '7', '1', '2', '4', '8', '3', '3', '2', '1', '4', '0', '2', '1', '4', '5', '0', '6', '8', '4', '3', '2', '0', '4', '1', '2', '3', '1', '3', '0', '2', '4', '2', '8', '9', '6', '3', '6', '1', '0', '2', '3', '2', '1', '3', '0', '5', '3', '0', '9', '4', '7', '1', '8', '9', '6', '5', '3', '4', '2', '1', '0', '0', '1', '4', '6', '9', '3', '1', '0', '6', '9', '1', '7', '0', '2', '3', '1', '0', '3', '2', '4', '1', '2', '8', '0', '6', '4', '2', '1', '6', '8']","['5596', '7067', '4015', '3545', '4115', '4516', '3466', '2632', '5082', '3631', '5504', '5866', '3247', '3314', '11728', '4348', '3413', '4766', '4648', '3116', '3164', '4266', '3281', '3981', '4466', '3652', '4386', '3099', '3582', '5132', '5180', '14595', '2930', '4021', '3449', '5430', '3080', '3417', '9512', '3082', '2917', '3219', '3047', '3132', '3649']","['8', '1', '4', '4', '1', '8', '4', '8', '1', '4', '1', '8', '1', '4', '8', '8', '4', '1', '1', '8', '4', '4', '1', '8', '4', '1', '8', '8', '1', '4', '4', '1', '8', '8', '4', '1', '4', '8', '1', '4', '8', '1', '1', '8', '4']",1,PRE_TEST
42,0.9733333333333334,15,3704.866666666667,0.7733333333333334,15,4224.933333333333,0.6133333333333333,15,4168.2,42,baseline,281,ClarisseCharr,"['0.6', '1', '1', '0.6', '0.8', '1', '1', '0.6', '0.4', '0.4', '0.6', '1', '1', '0.4', '0.6', '0.8', '1', '0.8', '0.8', '1', '1', '0.8', '0.8', '1', '0.8', '1', '0.6', '1', '0.8', '0.6', '0.8', '0.8', '1', '0.8', '0.8', '0.6', '0.6', '0.6', '1', '0.4', '0.8', '0.8', '0.8', '1', '0.8']","['3', '0', '1', '8', '7', '4', '1', '0', '3', '2', '3', '1', '0', '4', '2', '1', '0', '9', '7', '3', '0', '3', '4', '5', '1', '4', '2', '1', '0', '3', '3', '4', '0', '2', '1', '1', '3', '6', '2', '9', '1', '4', '5', '6', '8', '0', '1', '8', '6', '5', '2', '1', '0', '9', '6', '3', '2', '0', '4', '1', '3', '0', '4', '2', '1', '0', '7', '4', '5', '6', '9', '1', '7', '0', '3', '3', '1', '0', '4', '6', '1', '0', '2', '4', '3', '6', '1', '0', '2', '3', '9', '1', '3', '0', '2', '1', '0', '4', '3', '2', '4', '1', '2', '0', '3', '2', '0', '4', '7', '1', '3', '0', '4', '1', '9', '3', '1', '4', '0', '2', '2', '3', '4', '0', '8', '3', '0', '1', '2', '4', '3', '2', '0', '7', '8', '0', '3', '2', '1', '4', '1', '0', '4', '2', '6', '5', '3', '0', '2', '6', '4', '0', '1', '5', '3', '2', '1', '0', '7', '3', '2', '0', '1', '3', '4', '1', '0', '5', '4', '2', '3', '0', '4', '5', '2', '0', '6', '3', '2', '5', '0', '1', '7', '4', '9', '2', '7', '3', '5', '0', '1', '3', '0', '2', '4', '4', '0', '9', '5', '8', '4', '0', '3', '2', '6', '4', '0', '3', '9', '1', '3', '0', '5', '2', '1', '1', '2', '3', '0', '4', '0', '1', '2', '8', '4']","['2833', '2750', '6013', '3712', '3466', '3014', '3118', '2398', '5493', '3849', '4083', '3366', '3370', '3383', '3566', '3980', '3862', '5962', '4147', '3932', '3095', '5031', '3945', '3875', '3849', '3567', '3616', '2869', '4431', '4065', '4047', '4434', '4030', '3831', '3382', '3799', '3249', '4749', '3115', '3897', '4328', '3951', '6464', '6546', '7008']","['8', '1', '4', '8', '4', '1', '1', '4', '8', '8', '4', '1', '1', '8', '4', '8', '1', '4', '8', '1', '4', '4', '8', '1', '4', '1', '8', '1', '4', '8', '8', '4', '1', '1', '4', '8', '4', '8', '1', '8', '1', '4', '4', '1', '8']",1,POST_TEST
