,Unnamed: 0,participant_id,task_idx,task_status,results_responses,results_rt,results_ind_previous,results_targetvalue,nb_blocks,result_commission_errors,result_clean_rt,HR-nb,HR-rt,result_nb_omission
0,0,15,1,PRE_TEST,"['1', '1', '1', '0', '0', '1', '0', '2', '0', '1', '1', '0', '0', '0', '0', '1', '1', '1', '1', '1', '0', '1', '1', '0', '0', '1', '0', '0', '0', '1', '0', '0', '1', '1', '1', '0']","['333', '332', '350', '', '', '467', '', '332', '', '417', '400', '', '', '', '', '449', '434', '567', '400', '433', '', '400', '401', '', '', '450', '', '', '', '433', '', '', '466', '399', '433', '']","['1', '2', '6', '5', '4', '4', '3', '4', '5', '2', '0', '5', '5', '3', '2', '4', '1', '1', '6', '4', '1', '2', '2', '5', '3', '2', '0', '5', '4', '4', '3', '1', '6', '2', '2', '3']","['3', '3', '3', '9', '1', '3', '1', '4', '5', '3', '3', '2', '9', '9', '8', '3', '3', '3', '3', '3', '4', '3', '3', '6', '9', '3', '2', '8', '8', '3', '8', '1', '3', '3', '3', '9']",36,1,"[333, 332, 350, 0, 0, 467, 0, 0, 0, 417, 400, 0, 0, 0, 0, 449, 434, 567, 400, 433, 0, 400, 401, 0, 0, 450, 0, 0, 0, 433, 0, 0, 466, 399, 433, 0]",36,420.22222222222223,0
1,1,15,1,POST_TEST,"['1', '1', '2', '1', '0', '0', '1', '0', '0', '0', '1', '0', '0', '1', '1', '1', '0', '0', '1', '0', '1', '1', '1', '0', '0', '1', '0', '1', '1', '0', '1', '0', '1', '1', '0', '0']","['432', '366', '366', '384', '', '', '384', '', '', '', '416', '', '', '366', '450', '368', '', '', '533', '', '435', '483', '367', '', '', '400', '', '401', '566', '', '599', '', '366', '434', '', '']","['2', '0', '3', '4', '0', '2', '0', '3', '0', '6', '3', '5', '6', '2', '0', '0', '5', '3', '4', '5', '4', '0', '2', '0', '1', '3', '4', '5', '1', '3', '0', '1', '1', '1', '4', '2']","['3', '3', '6', '3', '5', '4', '3', '8', '9', '2', '3', '1', '2', '3', '3', '3', '4', '2', '3', '4', '3', '3', '3', '8', '9', '3', '1', '3', '3', '8', '3', '6', '3', '3', '5', '4']",36,1,"[432, 366, 0, 384, 0, 0, 384, 0, 0, 0, 416, 0, 0, 366, 450, 368, 0, 0, 533, 0, 435, 483, 367, 0, 0, 400, 0, 401, 566, 0, 599, 0, 366, 434, 0, 0]",36,430.55555555555554,0
2,2,51,0,PRE_TEST,"['0', '0', '1', '0', '0', '1', '0', '0', '1', '1', '0', '0', '1', '0', '1', '0', '1', '1', '0', '0', '1', '1', '0', '1', '1', '0', '0', '1', '0', '1', '1', '0', '1', '0', '0', '1']","['', '', '451', '', '', '549', '', '', '533', '683', '', '', '533', '', '550', '', '500', '566', '', '', '566', '533', '', '517', '1000', '', '', '650', '', '501', '533', '', '515', '', '', '546']","['2', '0', '4', '6', '3', '4', '1', '6', '3', '1', '1', '6', '2', '5', '3', '6', '4', '6', '3', '3', '3', '6', '4', '5', '0', '2', '1', '2', '6', '4', '0', '3', '2', '6', '6', '0']","['5', '2', '3', '4', '8', '3', '3', '4', '3', '3', '4', '8', '3', '5', '3', '6', '3', '3', '5', '2', '3', '3', '5', '3', '3', '4', '4', '3', '5', '3', '3', '9', '3', '9', '6', '3']",36,0,"[0, 0, 451, 0, 0, 549, 0, 0, 533, 683, 0, 0, 533, 0, 550, 0, 500, 566, 0, 0, 566, 533, 0, 517, 1000, 0, 0, 650, 0, 501, 533, 0, 515, 0, 0, 546]",36,572.1176470588235,1
3,3,51,0,POST_TEST,"['0', '1', '1', '0', '0', '1', '0', '1', '0', '1', '1', '1', '0', '0', '1', '0', '1', '0', '0', '1', '1', '0', '0', '1', '0', '0', '1', '1', '1', '0', '1', '0', '1', '1', '0', '0']","['', '400', '449', '', '', '416', '', '433', '', '450', '450', '484', '', '', '616', '', '466', '', '', '416', '450', '', '', '432', '', '', '450', '416', '450', '', '450', '', '450', '450', '', '']","['4', '6', '5', '1', '2', '0', '4', '4', '5', '5', '6', '3', '5', '2', '1', '0', '0', '3', '2', '1', '4', '4', '5', '2', '6', '5', '1', '4', '3', '0', '6', '1', '0', '5', '3', '1']","['5', '3', '3', '9', '4', '3', '2', '3', '5', '3', '3', '3', '2', '1', '3', '1', '3', '6', '4', '3', '3', '1', '1', '3', '6', '4', '3', '3', '3', '9', '3', '8', '3', '3', '5', '2']",36,0,"[0, 400, 449, 0, 0, 416, 0, 433, 0, 450, 450, 484, 0, 0, 616, 0, 466, 0, 0, 416, 450, 0, 0, 432, 0, 0, 450, 416, 450, 0, 450, 0, 450, 450, 0, 0]",36,451.55555555555554,0
4,4,48,5,PRE_TEST,"['0', '0', '0', '1', '0', '1', '0', '1', '1', '0', '0', '1', '0', '1', '0', '1', '0', '0', '1', '1', '0', '0', '0', '1', '0', '0', '1', '1', '0', '1', '1', '1', '0', '0', '0', '1']","['', '', '', '517', '', '483', '', '482', '483', '', '', '517', '', '500', '', '517', '', '', '517', '534', '', '', '', '550', '', '', '584', '500', '', '500', '583', '501', '', '', '', '617']","['2', '0', '2', '2', '1', '2', '1', '6', '2', '1', '3', '3', '6', '0', '2', '2', '0', '1', '2', '5', '5', '6', '0', '3', '5', '6', '0', '5', '1', '2', '2', '3', '2', '5', '6', '0']","['1', '4', '5', '3', '5', '3', '9', '3', '3', '9', '5', '3', '3', '3', '1', '3', '8', '5', '3', '3', '4', '4', '4', '3', '3', '5', '3', '3', '4', '3', '3', '3', '2', '9', '5', '3']",36,0,"[0, 0, 0, 517, 0, 483, 0, 482, 483, 0, 0, 517, 0, 500, 0, 517, 0, 0, 517, 534, 0, 0, 0, 550, 0, 0, 584, 500, 0, 500, 583, 501, 0, 0, 0, 617]",36,524.0625,2
5,5,48,5,POST_TEST,"['0', '1', '1', '1', '1', '1', '0', '0', '1', '0', '0', '1', '1', '1', '0', '0', '0', '0', '0', '1', '1', '0', '1', '0', '1', '0', '0', '1', '0', '1', '0', '0', '1', '0', '1', '1']","['', '567', '633', '566', '550', '533', '', '', '533', '', '', '583', '617', '567', '', '', '', '', '', '700', '483', '', '667', '', '634', '', '', '550', '', '633', '', '', '533', '', '617', '583']","['0', '0', '3', '3', '4', '1', '0', '2', '2', '5', '5', '4', '0', '5', '5', '1', '1', '6', '5', '2', '1', '5', '0', '0', '4', '2', '4', '1', '0', '2', '0', '0', '6', '2', '1', '3']","['4', '3', '3', '3', '3', '3', '5', '2', '3', '6', '8', '3', '3', '3', '4', '9', '5', '9', '6', '3', '3', '1', '3', '8', '3', '8', '6', '3', '2', '3', '8', '1', '3', '5', '3', '3']",36,0,"[0, 567, 633, 566, 550, 533, 0, 0, 533, 0, 0, 583, 617, 567, 0, 0, 0, 0, 0, 700, 483, 0, 667, 0, 634, 0, 0, 550, 0, 633, 0, 0, 533, 0, 617, 583]",36,586.0555555555555,0
6,6,68,6,PRE_TEST,"['2', '0', '1', '1', '0', '1', '0', '1', '0', '1', '0', '1', '0', '1', '0', '0', '0', '1', '0', '1', '0', '1', '1', '0', '0', '1', '1', '1', '0', '1', '0', '0', '1', '0', '1', '1']","['401', '', '447', '438', '', '483', '', '452', '', '498', '', '500', '', '482', '', '', '', '446', '', '467', '', '451', '483', '', '', '472', '483', '450', '', '467', '', '', '462', '', '451', '470']","['1', '3', '2', '5', '6', '2', '3', '6', '3', '2', '2', '3', '6', '0', '6', '1', '5', '5', '4', '5', '4', '2', '4', '0', '3', '0', '1', '0', '6', '4', '4', '4', '2', '6', '4', '1']","['6', '6', '3', '3', '5', '3', '8', '3', '5', '3', '9', '3', '6', '3', '6', '4', '4', '3', '5', '3', '4', '3', '3', '9', '6', '3', '3', '3', '5', '3', '4', '5', '3', '2', '3', '3']",36,1,"[0, 0, 447, 438, 0, 483, 0, 452, 0, 498, 0, 500, 0, 482, 0, 0, 0, 446, 0, 467, 0, 451, 483, 0, 0, 472, 483, 450, 0, 467, 0, 0, 462, 0, 451, 470]",36,466.77777777777777,0
7,7,68,6,POST_TEST,"['1', '0', '0', '1', '1', '0', '0', '1', '1', '0', '1', '1', '1', '0', '1', '1', '0', '0', '0', '0', '0', '1', '1', '1', '1', '0', '0', '0', '0', '0', '1', '0', '1', '1', '0', '0']","['485', '', '', '452', '518', '', '', '465', '517', '', '433', '499', '498', '', '417', '434', '', '', '', '', '', '433', '466', '493', '482', '', '', '', '', '', '481', '', '586', '451', '', '']","['1', '6', '5', '4', '2', '3', '4', '3', '5', '1', '6', '5', '6', '0', '3', '0', '0', '4', '5', '1', '0', '6', '3', '2', '3', '0', '0', '4', '4', '5', '2', '2', '3', '2', '4', '3']","['3', '8', '6', '3', '3', '5', '4', '3', '3', '9', '3', '3', '3', '5', '3', '3', '8', '4', '6', '8', '2', '3', '3', '3', '3', '9', '5', '1', '2', '2', '3', '9', '3', '3', '3', '9']",36,0,"[485, 0, 0, 452, 518, 0, 0, 465, 517, 0, 433, 499, 498, 0, 417, 434, 0, 0, 0, 0, 0, 433, 466, 493, 482, 0, 0, 0, 0, 0, 481, 0, 586, 451, 0, 0]",36,477.05882352941177,1
8,8,70,5,PRE_TEST,"['1', '0', '0', '0', '0', '1', '1', '0', '1', '1', '1', '1', '0', '0', '0', '1', '1', '0', '0', '0', '0', '1', '0', '0', '0', '0', '1', '1', '0', '1', '1', '0', '1', '1', '1', '1']","['484', '', '', '', '', '482', '450', '', '450', '465', '432', '499', '', '', '', '601', '500', '', '', '', '', '468', '', '', '', '', '616', '533', '', '467', '466', '', '533', '484', '501', '467']","['2', '1', '0', '3', '3', '0', '1', '6', '4', '5', '2', '5', '6', '4', '6', '3', '1', '6', '6', '6', '2', '3', '4', '1', '0', '4', '5', '0', '5', '6', '4', '4', '6', '3', '3', '6']","['3', '8', '9', '4', '4', '3', '3', '1', '3', '3', '3', '3', '6', '9', '1', '3', '3', '2', '6', '9', '6', '3', '5', '6', '1', '5', '3', '3', '1', '3', '3', '8', '3', '3', '3', '3']",36,0,"[484, 0, 0, 0, 0, 482, 450, 0, 450, 465, 432, 499, 0, 0, 0, 601, 500, 0, 0, 0, 0, 468, 0, 0, 0, 0, 616, 533, 0, 467, 466, 0, 533, 484, 501, 467]",36,494.3333333333333,0
9,9,70,5,POST_TEST,"['0', '1', '1', '0', '0', '1', '1', '0', '0', '1', '1', '0', '0', '0', '1', '1', '0', '0', '1', '0', '0', '0', '0', '1', '1', '1', '1', '1', '1', '0', '0', '1', '0', '0', '1', '1']","['', '499', '466', '', '', '532', '533', '', '', '468', '516', '', '', '', '515', '482', '', '', '500', '', '', '', '', '566', '517', '500', '449', '518', '517', '', '', '501', '', '', '481', '501']","['3', '3', '1', '0', '1', '1', '5', '1', '2', '0', '0', '2', '6', '5', '2', '3', '0', '5', '0', '5', '4', '5', '4', '2', '2', '5', '1', '2', '0', '2', '4', '5', '6', '4', '0', '0']","['5', '3', '3', '5', '9', '3', '3', '6', '5', '3', '3', '8', '9', '2', '3', '3', '4', '4', '3', '8', '6', '2', '8', '3', '3', '3', '3', '3', '3', '4', '4', '3', '9', '8', '3', '3']",36,0,"[0, 499, 466, 0, 0, 532, 533, 0, 0, 468, 516, 0, 0, 0, 515, 482, 0, 0, 500, 0, 0, 0, 0, 566, 517, 500, 449, 518, 517, 0, 0, 501, 0, 0, 481, 501]",36,503.3888888888889,0
10,10,72,3,PRE_TEST,"['0', '1', '1', '1', '1', '0', '1', '0', '0', '0', '1', '1', '1', '0', '0', '0', '1', '0', '1', '1', '0', '0', '1', '0', '1', '0', '1', '0', '0', '0', '0', '1', '1', '1', '0', '1']","['', '483', '483', '500', '534', '', '549', '', '', '', '549', '550', '533', '', '', '', '500', '', '550', '517', '', '', '517', '', '500', '', '517', '', '', '', '', '534', '533', '467', '', '567']","['2', '6', '4', '1', '6', '6', '4', '0', '6', '4', '1', '0', '3', '2', '0', '1', '2', '1', '3', '3', '1', '4', '1', '1', '1', '0', '3', '5', '3', '3', '2', '2', '5', '4', '6', '1']","['9', '3', '3', '3', '3', '1', '3', '2', '8', '4', '3', '3', '3', '2', '9', '9', '3', '5', '3', '3', '1', '5', '3', '5', '3', '8', '3', '2', '6', '8', '5', '3', '3', '3', '1', '3']",36,0,"[0, 483, 483, 500, 534, 0, 549, 0, 0, 0, 549, 550, 533, 0, 0, 0, 500, 0, 550, 517, 0, 0, 517, 0, 500, 0, 517, 0, 0, 0, 0, 534, 533, 467, 0, 567]",36,521.2777777777778,0
11,11,72,3,POST_TEST,"['1', '1', '0', '1', '1', '0', '0', '1', '0', '0', '1', '0', '0', '1', '0', '1', '0', '0', '1', '1', '0', '0', '1', '1', '0', '1', '0', '0', '1', '1', '1', '1', '1', '0', '0', '0']","['650', '467', '', '450', '550', '', '', '483', '', '', '617', '', '', '567', '', '600', '', '', '600', '517', '', '', '633', '684', '', '549', '', '', '616', '566', '633', '533', '501', '', '', '']","['5', '6', '0', '2', '6', '6', '1', '2', '0', '7', '3', '4', '3', '1', '2', '5', '5', '3', '5', '2', '0', '6', '5', '5', '0', '7', '0', '7', '2', '1', '5', '4', '0', '2', '0', '1']","['3', '3', '4', '3', '3', '8', '2', '3', '1', '2', '3', '4', '5', '3', '5', '3', '5', '9', '3', '3', '8', '5', '3', '3', '6', '3', '1', '8', '3', '3', '3', '3', '3', '5', '5', '8']",36,0,"[650, 467, 0, 450, 550, 0, 0, 483, 0, 0, 617, 0, 0, 567, 0, 600, 0, 0, 600, 517, 0, 0, 633, 684, 0, 549, 0, 0, 616, 566, 633, 533, 501, 0, 0, 0]",36,567.5555555555555,0
12,12,82,3,PRE_TEST,"['1', '1', '1', '0', '0', '0', '1', '0', '0', '0', '0', '1', '1', '0', '0', '1', '0', '1', '0', '1', '1', '0', '0', '0', '0', '1', '1', '0', '1', '0', '1', '0', '0', '1', '0', '1']","['684', '516', '750', '', '', '', '667', '', '', '', '', '649', '600', '', '', '699', '', '568', '', '667', '650', '', '', '', '', '617', '617', '', '633', '', '650', '', '', '867', '', '651']","['1', '3', '2', '0', '3', '2', '4', '1', '2', '6', '2', '1', '1', '4', '6', '4', '4', '3', '0', '6', '1', '3', '2', '0', '2', '5', '5', '2', '6', '1', '2', '1', '5', '1', '1', '2']","['3', '3', '3', '5', '2', '2', '3', '9', '5', '6', '1', '3', '3', '3', '1', '3', '8', '3', '9', '3', '3', '8', '2', '6', '5', '3', '3', '1', '3', '2', '3', '5', '4', '3', '3', '3']",36,0,"[684, 516, 750, 0, 0, 0, 667, 0, 0, 0, 0, 649, 600, 0, 0, 699, 0, 568, 0, 667, 650, 0, 0, 0, 0, 617, 617, 0, 633, 0, 650, 0, 0, 867, 0, 651]",36,655.3125,2
13,13,82,3,POST_TEST,"['0', '1', '0', '1', '1', '1', '1', '0', '0', '1', '1', '0', '1', '1', '0', '1', '0', '1', '1', '0', '1', '0', '0', '1', '1', '0', '0', '0', '1', '1', '1', '0', '0', '0', '0', '0']","['', '517', '', '517', '534', '533', '566', '', '', '582', '634', '', '500', '717', '', '884', '', '500', '550', '', '551', '', '', '583', '517', '', '', '', '616', '683', '583', '', '', '', '', '']","['1', '0', '0', '1', '5', '5', '6', '6', '2', '4', '1', '1', '1', '3', '6', '0', '1', '5', '3', '5', '1', '1', '1', '0', '1', '5', '5', '5', '0', '1', '1', '1', '5', '6', '2', '2']","['5', '3', '9', '3', '3', '3', '3', '9', '5', '3', '3', '8', '3', '3', '4', '3', '6', '3', '3', '5', '3', '9', '8', '3', '3', '6', '9', '6', '3', '3', '3', '1', '2', '8', '9', '1']",36,0,"[0, 517, 0, 517, 534, 533, 566, 0, 0, 582, 634, 0, 500, 717, 0, 884, 0, 500, 550, 0, 551, 0, 0, 583, 517, 0, 0, 0, 616, 683, 583, 0, 0, 0, 0, 0]",36,587.0555555555555,0
14,14,85,3,PRE_TEST,"['1', '0', '1', '0', '0', '1', '1', '0', '0', '0', '0', '1', '1', '0', '0', '0', '1', '1', '0', '1', '1', '1', '0', '1', '0', '0', '0', '0', '1', '1', '0', '1', '1', '0', '1', '1']","['450', '', '399', '', '', '434', '500', '', '', '', '', '500', '500', '', '', '', '650', '466', '', '584', '450', '465', '', '450', '', '', '', '', '466', '449', '', '483', '466', '', '416', '467']","['1', '1', '6', '1', '6', '5', '1', '6', '1', '5', '2', '2', '4', '0', '5', '1', '2', '4', '2', '1', '2', '6', '4', '4', '6', '0', '5', '6', '2', '4', '6', '3', '1', '6', '5', '2']","['3', '2', '3', '5', '4', '3', '3', '2', '6', '4', '5', '3', '3', '8', '6', '5', '3', '3', '6', '3', '3', '3', '8', '3', '1', '9', '5', '2', '3', '3', '1', '3', '3', '4', '3', '3']",36,0,"[450, 0, 399, 0, 0, 434, 500, 0, 0, 0, 0, 500, 500, 0, 0, 0, 650, 466, 0, 584, 450, 465, 0, 450, 0, 0, 0, 0, 466, 449, 0, 483, 466, 0, 416, 467]",36,477.5,0
15,15,85,3,POST_TEST,"['0', '0', '1', '1', '0', '0', '1', '1', '1', '0', '0', '1', '0', '0', '1', '1', '0', '1', '0', '0', '1', '1', '0', '1', '1', '0', '0', '1', '1', '1', '0', '0', '0', '0', '1', '1']","['', '', '583', '416', '', '', '416', '433', '433', '', '', '416', '', '', '450', '483', '', '449', '', '', '433', '417', '', '449', '449', '', '', '484', '434', '450', '', '', '', '', '467', '516']","['0', '6', '1', '1', '1', '3', '2', '6', '1', '1', '5', '4', '0', '1', '5', '2', '6', '6', '2', '5', '3', '3', '5', '4', '6', '0', '6', '6', '4', '4', '2', '1', '3', '0', '4', '2']","['9', '4', '3', '3', '2', '4', '3', '3', '3', '4', '4', '3', '4', '1', '3', '3', '2', '3', '8', '5', '3', '3', '1', '3', '3', '4', '5', '3', '3', '3', '9', '9', '9', '4', '3', '3']",36,0,"[0, 0, 583, 416, 0, 0, 416, 433, 433, 0, 0, 416, 0, 0, 450, 483, 0, 449, 0, 0, 433, 417, 0, 449, 449, 0, 0, 484, 434, 450, 0, 0, 0, 0, 467, 516]",36,454.3333333333333,0
16,16,84,6,PRE_TEST,"['1', '0', '0', '0', '0', '1', '0', '1', '0', '0', '1', '1', '1', '0', '0', '1', '0', '0', '1', '1', '1', '1', '0', '0', '0', '1', '0', '1', '1', '1', '0', '0', '1', '1', '0', '1']","['451', '', '', '', '', '451', '', '475', '', '', '500', '500', '500', '', '', '425', '', '', '601', '550', '575', '653', '', '', '', '675', '', '525', '529', '600', '', '', '550', '601', '', '575']","['4', '4', '6', '4', '0', '6', '4', '2', '0', '5', '3', '6', '4', '2', '6', '3', '2', '5', '6', '5', '6', '0', '0', '2', '3', '3', '6', '4', '0', '1', '4', '1', '3', '5', '4', '5']","['3', '5', '1', '2', '8', '3', '4', '3', '1', '6', '3', '3', '3', '4', '5', '3', '8', '1', '3', '3', '3', '3', '2', '1', '6', '3', '2', '3', '3', '3', '5', '5', '3', '3', '2', '3']",36,0,"[451, 0, 0, 0, 0, 451, 0, 475, 0, 0, 500, 500, 500, 0, 0, 425, 0, 0, 601, 550, 575, 653, 0, 0, 0, 675, 0, 525, 529, 600, 0, 0, 550, 601, 0, 575]",36,540.8888888888889,0
17,17,84,6,POST_TEST,"['0', '0', '1', '1', '0', '1', '1', '1', '1', '0', '0', '1', '1', '0', '1', '0', '0', '1', '1', '1', '0', '0', '0', '1', '0', '1', '0', '1', '0', '1', '0', '1', '0', '0', '1', '0']","['', '', '525', '525', '', '500', '476', '675', '701', '', '', '473', '898', '', '475', '', '', '650', '575', '499', '', '', '', '774', '', '601', '', '525', '', '699', '', '625', '', '', '625', '']","['5', '0', '1', '2', '0', '0', '3', '4', '1', '6', '1', '4', '3', '1', '3', '6', '4', '6', '0', '3', '1', '2', '1', '0', '2', '1', '2', '4', '0', '2', '3', '1', '0', '3', '4', '5']","['6', '9', '3', '3', '6', '3', '3', '3', '3', '4', '9', '3', '3', '5', '3', '4', '4', '3', '3', '3', '9', '2', '2', '3', '5', '3', '8', '3', '8', '3', '4', '3', '5', '8', '3', '1']",36,0,"[0, 0, 525, 525, 0, 500, 476, 675, 701, 0, 0, 473, 898, 0, 475, 0, 0, 650, 575, 499, 0, 0, 0, 774, 0, 601, 0, 525, 0, 699, 0, 625, 0, 0, 625, 0]",36,601.1666666666666,0
18,18,87,7,PRE_TEST,"['0', '0', '1', '1', '0', '1', '1', '1', '0', '0', '1', '1', '0', '0', '1', '0', '1', '0', '0', '0', '1', '1', '0', '0', '1', '0', '1', '1', '0', '1', '0', '0', '1', '0', '1', '0']","['', '', '384', '399', '', '482', '416', '434', '', '', '450', '450', '', '', '450', '', '500', '', '', '', '467', '484', '', '', '467', '', '534', '434', '', '467', '', '', '450', '', '483', '']","['1', '3', '1', '4', '1', '6', '0', '6', '4', '5', '3', '6', '6', '1', '4', '2', '0', '1', '0', '3', '3', '1', '0', '3', '2', '1', '1', '2', '5', '1', '3', '1', '3', '0', '1', '0']","['8', '2', '3', '3', '5', '3', '3', '3', '1', '4', '3', '3', '9', '6', '3', '8', '3', '3', '1', '8', '3', '3', '1', '1', '3', '1', '3', '3', '5', '3', '9', '8', '3', '2', '3', '5']",36,0,"[0, 0, 384, 399, 0, 482, 416, 434, 0, 0, 450, 450, 0, 0, 450, 0, 500, 0, 0, 0, 467, 484, 0, 0, 467, 0, 534, 434, 0, 467, 0, 0, 450, 0, 483, 0]",36,455.94117647058823,1
19,19,87,7,POST_TEST,"['1', '0', '1', '0', '0', '1', '0', '0', '1', '1', '0', '0', '0', '1', '0', '0', '1', '1', '1', '0', '0', '1', '0', '0', '0', '1', '1', '0', '0', '1', '1', '1', '1', '1', '0', '1']","['416', '', '450', '', '', '500', '', '', '468', '548', '', '', '', '467', '', '', '533', '517', '500', '', '', '467', '', '', '', '467', '433', '', '', '500', '433', '533', '484', '484', '', '499']","['4', '4', '3', '6', '0', '1', '3', '5', '1', '1', '1', '1', '1', '1', '5', '1', '4', '0', '1', '5', '0', '4', '1', '3', '2', '4', '2', '3', '1', '4', '4', '1', '2', '1', '0', '5']","['3', '1', '3', '9', '1', '3', '9', '6', '3', '3', '6', '2', '4', '3', '1', '1', '3', '3', '3', '2', '5', '3', '4', '1', '9', '3', '3', '1', '5', '3', '3', '3', '3', '3', '8', '3']",36,0,"[416, 0, 450, 0, 0, 500, 0, 0, 468, 548, 0, 0, 0, 467, 0, 0, 533, 517, 500, 0, 0, 467, 0, 0, 0, 467, 433, 0, 0, 500, 433, 533, 484, 484, 0, 499]",36,483.27777777777777,0
20,20,90,3,PRE_TEST,"['0', '0', '1', '1', '0', '0', '1', '0', '1', '1', '0', '1', '0', '0', '0', '1', '1', '1', '1', '0', '1', '0', '1', '1', '0', '1', '0', '0', '1', '0', '0', '0', '1', '1', '0', '0']","['', '', '600', '567', '', '', '633', '', '734', '600', '', '601', '', '', '', '667', '600', '633', '633', '', '634', '', '733', '600', '', '634', '', '', '700', '', '', '', '617', '633', '', '']","['6', '4', '6', '5', '3', '3', '6', '3', '6', '5', '2', '6', '0', '1', '3', '0', '6', '3', '5', '5', '2', '6', '5', '5', '5', '5', '3', '4', '1', '3', '0', '3', '5', '3', '5', '2']","['6', '1', '3', '3', '4', '6', '3', '1', '3', '3', '5', '3', '5', '2', '8', '3', '3', '3', '3', '2', '3', '5', '3', '3', '3', '3', '2', '8', '3', '1', '8', '8', '3', '3', '1', '4']",36,0,"[0, 0, 600, 567, 0, 0, 633, 0, 734, 600, 0, 601, 0, 0, 0, 667, 600, 633, 633, 0, 634, 0, 733, 600, 0, 634, 0, 0, 700, 0, 0, 0, 617, 633, 0, 0]",36,636.4117647058823,1
21,21,90,3,POST_TEST,"['1', '1', '1', '0', '0', '1', '1', '0', '0', '1', '0', '0', '0', '0', '1', '1', '1', '0', '0', '0', '1', '0', '1', '0', '1', '1', '1', '0', '0', '1', '1', '0', '1', '1', '0', '0']","['534', '566', '583', '', '', '550', '599', '', '', '567', '', '', '', '', '583', '600', '567', '', '', '', '534', '', '600', '', '667', '600', '517', '', '', '900', '517', '', '583', '584', '', '']","['0', '3', '0', '1', '0', '5', '4', '5', '6', '6', '6', '0', '6', '1', '4', '4', '1', '4', '2', '6', '5', '4', '6', '1', '2', '6', '3', '0', '4', '5', '1', '0', '2', '3', '6', '4']","['3', '3', '3', '4', '9', '3', '3', '2', '1', '3', '5', '1', '4', '4', '3', '3', '3', '1', '4', '4', '3', '2', '3', '6', '3', '3', '3', '9', '8', '3', '3', '2', '3', '3', '4', '6']",36,0,"[534, 566, 583, 0, 0, 550, 599, 0, 0, 567, 0, 0, 0, 0, 583, 600, 567, 0, 0, 0, 534, 0, 600, 0, 667, 600, 517, 0, 0, 900, 517, 0, 583, 584, 0, 0]",36,591.7222222222222,0
22,22,96,6,PRE_TEST,"['0', '1', '1', '0', '0', '1', '0', '1', '1', '1', '0', '1', '1', '1', '0', '0', '1', '0', '0', '0', '1', '1', '0', '0', '1', '1', '1', '0', '1', '1', '0', '0', '0', '0', '0', '0']","['', '500', '499', '', '', '583', '', '566', '548', '733', '', '615', '665', '565', '', '', '499', '', '', '', '599', '615', '', '', '664', '649', '532', '', '515', '533', '', '', '', '', '', '']","['6', '5', '2', '6', '2', '5', '4', '4', '3', '5', '4', '6', '6', '5', '0', '2', '5', '6', '1', '6', '6', '3', '5', '6', '1', '6', '3', '4', '0', '2', '0', '2', '3', '4', '5', '1']","['9', '3', '3', '8', '6', '3', '5', '3', '3', '3', '9', '3', '3', '3', '6', '4', '3', '5', '1', '6', '3', '3', '4', '2', '3', '3', '3', '4', '3', '3', '3', '5', '2', '5', '1', '1']",36,0,"[0, 500, 499, 0, 0, 583, 0, 566, 548, 733, 0, 615, 665, 565, 0, 0, 499, 0, 0, 0, 599, 615, 0, 0, 664, 649, 532, 0, 515, 533, 0, 0, 0, 0, 0, 0]",36,581.1764705882352,1
23,23,96,6,POST_TEST,"['0', '0', '1', '0', '0', '1', '1', '1', '0', '1', '1', '0', '1', '0', '1', '0', '0', '1', '1', '1', '0', '0', '1', '1', '0', '0', '1', '0', '0', '1', '1', '1', '0', '1', '0', '0']","['', '', '464', '', '', '483', '582', '500', '', '515', '565', '', '482', '', '515', '', '', '498', '582', '532', '', '', '698', '482', '', '', '532', '', '', '599', '565', '548', '', '581', '', '']","['4', '2', '6', '4', '5', '5', '2', '5', '3', '5', '1', '5', '1', '6', '3', '1', '1', '5', '0', '2', '5', '5', '5', '5', '1', '4', '0', '6', '4', '6', '0', '4', '5', '6', '1', '0']","['9', '8', '3', '1', '5', '3', '3', '3', '5', '3', '3', '9', '3', '6', '3', '9', '2', '3', '3', '3', '6', '6', '3', '3', '8', '8', '3', '8', '4', '3', '3', '3', '4', '3', '9', '2']",36,0,"[0, 0, 464, 0, 0, 483, 582, 500, 0, 515, 565, 0, 482, 0, 515, 0, 0, 498, 582, 532, 0, 0, 698, 482, 0, 0, 532, 0, 0, 599, 565, 548, 0, 581, 0, 0]",36,540.1666666666666,0
24,24,97,3,PRE_TEST,"['0', '1', '1', '1', '0', '1', '0', '1', '1', '0', '1', '1', '1', '0', '0', '0', '0', '0', '1', '1', '1', '0', '0', '0', '1', '1', '1', '1', '1', '0', '0', '0', '1', '0', '0', '0']","['', '484', '567', '634', '', '617', '', '534', '533', '', '583', '585', '533', '', '', '', '', '', '667', '601', '751', '', '', '', '584', '517', '533', '734', '667', '', '', '', '584', '', '', '']","['1', '5', '3', '5', '0', '0', '1', '0', '3', '5', '6', '5', '2', '5', '4', '2', '1', '5', '3', '6', '4', '4', '0', '1', '0', '4', '0', '1', '3', '1', '0', '3', '0', '2', '1', '6']","['2', '3', '3', '3', '1', '3', '8', '3', '3', '5', '3', '3', '3', '9', '5', '1', '8', '6', '3', '3', '3', '1', '5', '1', '3', '3', '3', '3', '3', '8', '9', '1', '3', '8', '1', '1']",36,0,"[0, 484, 567, 634, 0, 617, 0, 534, 533, 0, 583, 585, 533, 0, 0, 0, 0, 0, 667, 601, 751, 0, 0, 0, 584, 517, 533, 734, 667, 0, 0, 0, 584, 0, 0, 0]",36,594.8888888888889,0
25,25,97,3,POST_TEST,"['1', '0', '1', '0', '1', '1', '0', '0', '0', '1', '1', '0', '1', '0', '1', '0', '0', '1', '1', '0', '0', '1', '0', '0', '1', '0', '0', '0', '1', '1', '0', '0', '0', '1', '1', '1']","['562', '', '624', '', '562', '688', '', '', '', '719', '718', '', '719', '', '751', '', '', '657', '626', '', '', '687', '', '', '875', '', '', '', '594', '937', '', '', '', '626', '688', '657']","['5', '2', '7', '7', '4', '3', '3', '0', '2', '0', '7', '3', '7', '4', '3', '3', '7', '2', '1', '0', '0', '1', '5', '4', '4', '0', '3', '3', '7', '0', '1', '6', '1', '4', '6', '5']","['3', '6', '3', '4', '3', '3', '9', '8', '2', '3', '3', '2', '3', '6', '3', '5', '1', '3', '3', '2', '3', '3', '8', '5', '3', '8', '8', '6', '3', '3', '9', '6', '6', '3', '3', '3']",36,0,"[562, 0, 624, 0, 562, 688, 0, 0, 0, 719, 718, 0, 719, 0, 751, 0, 0, 657, 626, 0, 0, 687, 0, 0, 875, 0, 0, 0, 594, 937, 0, 0, 0, 626, 688, 657]",36,687.6470588235294,1
26,26,116,2,PRE_TEST,"['0', '1', '0', '1', '0', '1', '1', '0', '0', '1', '0', '1', '0', '0', '0', '1', '1', '1', '0', '1', '0', '1', '0', '1', '1', '0', '0', '1', '0', '1', '1', '0', '1', '0', '0', '0']","['', '433', '', '416', '', '449', '467', '', '', '466', '', '399', '', '', '', '449', '467', '416', '', '417', '', '450', '', '466', '483', '', '', '483', '', '1016', '466', '', '483', '', '', '']","['4', '2', '2', '4', '5', '0', '2', '5', '4', '3', '3', '0', '1', '1', '1', '6', '0', '1', '4', '3', '3', '0', '4', '4', '0', '4', '4', '1', '6', '1', '6', '2', '3', '1', '3', '3']","['2', '3', '4', '3', '5', '3', '3', '9', '6', '3', '2', '3', '9', '2', '4', '3', '3', '3', '6', '3', '9', '3', '5', '3', '3', '8', '5', '3', '8', '3', '3', '4', '3', '3', '1', '4']",36,0,"[0, 433, 0, 416, 0, 449, 467, 0, 0, 466, 0, 399, 0, 0, 0, 449, 467, 416, 0, 417, 0, 450, 0, 466, 483, 0, 0, 483, 0, 1016, 466, 0, 483, 0, 0, 0]",36,483.88235294117646,1
27,27,116,2,POST_TEST,"['0', '0', '1', '0', '1', '0', '1', '1', '0', '0', '0', '0', '0', '1', '1', '1', '1', '0', '1', '0', '0', '1', '0', '0', '1', '0', '1', '1', '0', '0', '1', '1', '0', '0', '1', '1']","['', '', '433', '', '483', '', '499', '433', '', '', '', '', '', '433', '416', '500', '449', '', '466', '', '', '466', '', '', '450', '', '433', '449', '', '', '483', '466', '', '', '533', '450']","['3', '6', '2', '5', '6', '1', '5', '1', '5', '3', '2', '5', '1', '5', '1', '5', '1', '1', '2', '1', '2', '5', '1', '2', '2', '2', '3', '4', '1', '4', '6', '0', '1', '4', '6', '6']","['9', '1', '3', '1', '3', '1', '3', '3', '1', '9', '1', '6', '3', '3', '3', '3', '3', '5', '3', '8', '1', '3', '5', '5', '3', '5', '3', '3', '1', '9', '3', '3', '4', '5', '3', '3']",36,0,"[0, 0, 433, 0, 483, 0, 499, 433, 0, 0, 0, 0, 0, 433, 416, 500, 449, 0, 466, 0, 0, 466, 0, 0, 450, 0, 433, 449, 0, 0, 483, 466, 0, 0, 533, 450]",36,461.29411764705884,1
28,28,77,3,PRE_TEST,"['0', '2', '1', '1', '0', '1', '1', '2', '0', '1', '1', '1', '0', '0', '1', '1', '0', '1', '1', '1', '0', '0', '0', '1', '1', '0', '1', '1', '1', '0', '1', '0', '0', '0', '0', '0']","['', '366', '417', '430', '', '416', '416', '366', '', '383', '534', '400', '', '', '417', '415', '', '716', '434', '599', '', '', '', '450', '484', '', '450', '433', '433', '', '420', '', '', '', '', '']","['0', '1', '3', '2', '5', '2', '0', '5', '4', '2', '4', '3', '1', '3', '2', '2', '0', '5', '2', '1', '5', '6', '4', '5', '2', '5', '3', '0', '1', '4', '4', '1', '4', '1', '4', '2']","['1', '9', '3', '3', '2', '3', '3', '8', '4', '3', '3', '3', '8', '4', '3', '3', '5', '3', '3', '3', '2', '8', '4', '3', '3', '4', '3', '3', '3', '5', '3', '8', '9', '2', '2', '4']",36,2,"[0, 0, 417, 430, 0, 416, 416, 0, 0, 383, 534, 400, 0, 0, 417, 415, 0, 716, 434, 599, 0, 0, 0, 450, 484, 0, 450, 433, 433, 0, 420, 0, 0, 0, 0, 0]",36,458.1666666666667,0
29,29,77,3,POST_TEST,"['0', '1', '1', '1', '1', '0', '0', '0', '1', '0', '0', '1', '1', '0', '0', '1', '1', '0', '0', '1', '0', '0', '1', '1', '0', '0', '1', '1', '1', '1', '0', '0', '1', '1', '0', '0']","['', '416', '466', '483', '432', '', '', '', '450', '', '', '583', '567', '', '', '551', '466', '', '', '484', '', '', '533', '417', '', '', '434', '449', '450', '534', '', '', '550', '550', '', '']","['0', '3', '0', '4', '4', '5', '3', '2', '3', '6', '3', '3', '6', '0', '4', '1', '5', '6', '0', '2', '2', '1', '1', '0', '5', '2', '3', '6', '5', '6', '5', '6', '6', '0', '1', '1']","['9', '3', '3', '3', '3', '1', '1', '8', '3', '1', '9', '3', '3', '4', '1', '3', '3', '4', '9', '3', '1', '9', '3', '3', '4', '2', '3', '3', '3', '3', '6', '8', '3', '3', '4', '8']",36,0,"[0, 416, 466, 483, 432, 0, 0, 0, 450, 0, 0, 583, 567, 0, 0, 551, 466, 0, 0, 484, 0, 0, 533, 417, 0, 0, 434, 449, 450, 534, 0, 0, 550, 550, 0, 0]",36,489.72222222222223,0
30,30,140,2,PRE_TEST,"['1', '1', '1', '0', '1', '1', '0', '0', '0', '1', '0', '0', '1', '0', '1', '0', '1', '0', '0', '1', '1', '1', '0', '1', '0', '1', '0', '0', '0', '1', '1', '1', '1', '0', '0', '0']","['432', '466', '399', '', '434', '394', '', '', '', '399', '', '', '417', '', '416', '', '416', '', '', '400', '383', '383', '', '383', '', '416', '', '', '', '416', '433', '416', '466', '', '', '']","['1', '3', '3', '5', '4', '3', '1', '6', '6', '5', '0', '1', '6', '1', '2', '4', '4', '5', '1', '3', '5', '3', '3', '0', '5', '4', '1', '4', '1', '0', '5', '3', '3', '2', '4', '3']","['3', '3', '3', '5', '3', '3', '5', '2', '8', '3', '4', '4', '3', '9', '3', '4', '3', '9', '8', '3', '3', '3', '1', '3', '9', '3', '5', '9', '8', '3', '3', '3', '3', '6', '9', '1']",36,0,"[432, 466, 399, 0, 434, 394, 0, 0, 0, 399, 0, 0, 417, 0, 416, 0, 416, 0, 0, 400, 383, 383, 0, 383, 0, 416, 0, 0, 0, 416, 433, 416, 466, 0, 0, 0]",36,414.94444444444446,0
31,31,140,2,POST_TEST,"['0', '0', '1', '1', '0', '1', '1', '0', '0', '1', '0', '1', '1', '1', '0', '0', '0', '0', '0', '1', '0', '0', '1', '0', '1', '1', '1', '0', '0', '0', '0', '1', '1', '1', '0', '1']","['', '', '433', '433', '', '417', '450', '', '', '449', '', '500', '533', '450', '', '', '', '', '', '450', '', '', '484', '', '449', '516', '467', '', '', '', '', '482', '467', '499', '', '516']","['3', '0', '1', '2', '0', '5', '1', '2', '0', '1', '3', '3', '1', '5', '2', '5', '2', '0', '5', '2', '4', '5', '2', '2', '3', '4', '1', '2', '3', '3', '4', '2', '6', '5', '1', '0']","['8', '4', '3', '3', '9', '3', '3', '9', '4', '3', '8', '3', '3', '3', '9', '1', '4', '8', '6', '3', '2', '1', '3', '6', '3', '3', '3', '8', '6', '5', '9', '3', '3', '3', '3', '3']",36,0,"[0, 0, 433, 433, 0, 417, 450, 0, 0, 449, 0, 500, 533, 450, 0, 0, 0, 0, 0, 450, 0, 0, 484, 0, 449, 516, 467, 0, 0, 0, 0, 482, 467, 499, 0, 516]",36,470.29411764705884,1
32,32,155,1,PRE_TEST,"['0', '1', '0', '0', '1', '2', '0', '0', '1', '0', '0', '2', '1', '0', '2', '2', '0', '1', '1', '2', '1', '1', '2', '2', '1', '2', '1', '0', '1', '2', '2', '1', '1', '1', '2', '0']","['', '735', '', '', '16', '466', '', '', '567', '', '', '468', '917', '', '551', '516', '', '450', '566', '834', '217', '267', '884', '482', '700', '618', '768', '', '500', '482', '685', '868', '585', '885', '549', '']","['3', '4', '2', '6', '0', '2', '5', '2', '4', '0', '5', '0', '6', '3', '4', '6', '2', '1', '2', '5', '6', '1', '2', '3', '5', '6', '2', '0', '3', '0', '0', '6', '5', '1', '3', '6']","['8', '3', '9', '3', '3', '8', '5', '8', '3', '3', '3', '5', '3', '3', '6', '4', '5', '3', '3', '5', '3', '3', '8', '6', '3', '6', '3', '9', '3', '9', '5', '3', '3', '3', '1', '9']",36,11,"[0, 735, 0, 0, 16, 0, 0, 0, 567, 0, 0, 0, 917, 0, 0, 0, 0, 450, 566, 0, 217, 267, 0, 0, 700, 0, 768, 0, 500, 0, 0, 868, 585, 885, 0, 0]",36,574.3571428571429,4
33,33,155,1,POST_TEST,"['0', '1', '0', '0', '1', '0', '1', '1', '1', '0', '0', '1', '1', '1', '0', '0', '1', '0', '0', '1', '1', '0', '1', '1', '1', '0', '1', '0', '0', '0', '0', '1', '0', '0', '1', '1']","['', '832', '', '', '664', '', '649', '1000', '549', '', '', '734', '617', '701', '', '', '617', '', '', '614', '818', '', '649', '683', '717', '', '782', '', '', '', '', '682', '', '', '651', '701']","['5', '1', '7', '7', '1', '0', '5', '6', '1', '7', '2', '2', '4', '0', '2', '0', '2', '0', '4', '1', '7', '7', '4', '5', '5', '2', '0', '5', '5', '4', '0', '5', '0', '4', '0', '4']","['6', '3', '6', '6', '3', '6', '3', '3', '3', '6', '2', '3', '3', '3', '5', '5', '3', '4', '5', '3', '3', '4', '3', '3', '3', '8', '3', '4', '4', '2', '5', '3', '8', '1', '3', '3']",36,0,"[0, 832, 0, 0, 664, 0, 649, 1000, 549, 0, 0, 734, 617, 701, 0, 0, 617, 0, 0, 614, 818, 0, 649, 683, 717, 0, 782, 0, 0, 0, 0, 682, 0, 0, 651, 701]",36,703.3333333333334,0
34,34,158,5,PRE_TEST,"['1', '2', '1', '1', '1', '2', '0', '0', '1', '0', '1', '1', '0', '1', '0', '0', '1', '0', '1', '1', '1', '1', '0', '0', '0', '1', '0', '1', '1', '0', '0', '1', '0', '0', '1', '0']","['400', '433', '516', '583', '567', '616', '', '', '583', '', '600', '566', '', '550', '', '', '533', '', '534', '517', '534', '533', '', '', '', '550', '', '533', '600', '', '', '517', '', '', '549', '']","['5', '5', '5', '6', '5', '1', '0', '0', '3', '3', '3', '3', '3', '0', '3', '0', '1', '0', '1', '1', '0', '6', '0', '1', '2', '5', '0', '1', '3', '0', '5', '4', '1', '4', '4', '0']","['3', '9', '3', '3', '3', '1', '9', '9', '3', '9', '3', '3', '1', '3', '1', '1', '3', '8', '3', '3', '3', '3', '4', '2', '9', '3', '1', '3', '3', '2', '5', '3', '5', '2', '3', '6']",36,2,"[400, 0, 516, 583, 567, 0, 0, 0, 583, 0, 600, 566, 0, 550, 0, 0, 533, 0, 534, 517, 534, 533, 0, 0, 0, 550, 0, 533, 600, 0, 0, 517, 0, 0, 549, 0]",36,542.5,0
35,35,158,5,POST_TEST,"['0', '1', '0', '1', '0', '0', '1', '0', '1', '1', '0', '0', '1', '2', '0', '1', '1', '1', '0', '0', '1', '2', '2', '1', '0', '1', '1', '1', '0', '0', '0', '0', '1', '1', '1', '1']","['', '500', '', '516', '', '', '534', '', '467', '483', '', '', '500', '417', '', '500', '499', '483', '', '', '550', '401', '433', '567', '', '499', '500', '699', '', '', '', '', '500', '517', '567', '499']","['6', '4', '2', '3', '6', '0', '2', '1', '0', '5', '0', '0', '4', '2', '0', '5', '1', '1', '4', '6', '1', '5', '6', '1', '2', '4', '1', '1', '2', '1', '3', '4', '3', '6', '2', '1']","['9', '3', '4', '3', '8', '9', '3', '2', '3', '3', '5', '8', '3', '9', '6', '3', '3', '3', '2', '1', '3', '1', '8', '3', '1', '3', '3', '3', '9', '5', '2', '8', '3', '3', '3', '3']",36,3,"[0, 500, 0, 516, 0, 0, 534, 0, 467, 483, 0, 0, 500, 0, 0, 500, 499, 483, 0, 0, 550, 0, 0, 567, 0, 499, 500, 699, 0, 0, 0, 0, 500, 517, 567, 499]",36,521.1111111111111,0
36,36,165,1,PRE_TEST,"['0', '0', '0', '0', '1', '0', '1', '1', '0', '1', '0', '1', '1', '0', '1', '0', '1', '0', '1', '0', '1', '1', '0', '0', '0', '1', '1', '0', '1', '0', '0', '1', '0', '1', '1', '1']","['', '', '', '', '548', '', '594', '471', '', '514', '', '547', '534', '', '578', '', '576', '', '515', '', '487', '656', '', '', '', '531', '655', '', '545', '', '', '517', '', '519', '494', '531']","['4', '6', '1', '1', '0', '1', '0', '6', '1', '6', '6', '1', '4', '3', '1', '2', '1', '0', '4', '0', '3', '0', '6', '1', '0', '3', '0', '1', '4', '0', '1', '1', '3', '0', '0', '5']","['1', '4', '8', '9', '3', '4', '3', '3', '1', '3', '1', '3', '3', '2', '3', '8', '3', '6', '3', '2', '3', '3', '4', '5', '1', '3', '3', '4', '3', '9', '6', '3', '6', '3', '3', '3']",36,0,"[0, 0, 0, 0, 548, 0, 594, 471, 0, 514, 0, 547, 534, 0, 578, 0, 576, 0, 515, 0, 487, 656, 0, 0, 0, 531, 655, 0, 545, 0, 0, 517, 0, 519, 494, 531]",36,545.1111111111111,0
37,37,165,1,POST_TEST,"['0', '1', '0', '1', '0', '0', '1', '1', '0', '0', '1', '0', '1', '1', '1', '0', '1', '0', '1', '1', '0', '0', '1', '0', '1', '0', '0', '0', '1', '1', '1', '1', '0', '0', '1', '0']","['', '483', '', '566', '', '', '467', '549', '', '', '632', '', '584', '534', '466', '', '533', '', '533', '549', '', '', '533', '', '516', '', '', '', '484', '616', '466', '484', '', '', '566', '']","['4', '2', '3', '5', '3', '1', '1', '6', '4', '3', '1', '6', '4', '4', '3', '3', '3', '3', '5', '1', '4', '4', '6', '0', '4', '5', '2', '1', '4', '6', '5', '3', '1', '6', '3', '2']","['4', '3', '1', '3', '2', '5', '3', '3', '9', '1', '3', '5', '3', '3', '3', '8', '3', '8', '3', '3', '4', '9', '3', '4', '3', '6', '9', '9', '3', '3', '3', '3', '8', '8', '3', '6']",36,0,"[0, 483, 0, 566, 0, 0, 467, 549, 0, 0, 632, 0, 584, 534, 466, 0, 533, 0, 533, 549, 0, 0, 533, 0, 516, 0, 0, 0, 484, 616, 466, 484, 0, 0, 566, 0]",36,531.1666666666666,0
38,38,168,6,PRE_TEST,"['1', '2', '0', '1', '1', '0', '0', '0', '1', '1', '0', '1', '0', '1', '1', '0', '0', '1', '0', '0', '1', '0', '1', '0', '1', '0', '1', '0', '0', '1', '0', '1', '1', '1', '0', '1']","['432', '435', '', '484', '401', '', '', '', '533', '499', '', '466', '', '534', '533', '', '', '550', '', '', '689', '', '620', '', '549', '', '532', '', '', '600', '', '600', '530', '515', '', '483']","['6', '6', '5', '3', '4', '3', '2', '2', '5', '4', '1', '2', '3', '3', '2', '0', '0', '6', '4', '5', '0', '2', '6', '1', '1', '4', '0', '2', '6', '2', '0', '6', '5', '6', '6', '1']","['3', '2', '9', '3', '3', '2', '4', '5', '3', '3', '2', '3', '8', '3', '3', '6', '2', '3', '8', '4', '3', '4', '3', '6', '3', '6', '3', '9', '9', '3', '1', '3', '3', '3', '5', '3']",36,1,"[432, 0, 0, 484, 401, 0, 0, 0, 533, 499, 0, 466, 0, 534, 533, 0, 0, 550, 0, 0, 689, 0, 620, 0, 549, 0, 532, 0, 0, 600, 0, 600, 530, 515, 0, 483]",36,530.5555555555555,0
39,39,168,6,POST_TEST,"['0', '0', '1', '1', '0', '0', '1', '1', '1', '1', '0', '1', '0', '1', '0', '0', '0', '0', '1', '0', '1', '0', '1', '0', '0', '1', '0', '1', '1', '1', '1', '0', '0', '0', '1', '1']","['', '', '450', '500', '', '', '583', '634', '701', '488', '', '698', '', '566', '', '', '', '', '566', '', '532', '', '530', '', '', '551', '', '633', '517', '533', '480', '', '', '', '583', '499']","['1', '3', '5', '0', '6', '1', '4', '6', '4', '1', '6', '6', '2', '2', '5', '5', '3', '2', '0', '0', '5', '2', '6', '6', '5', '2', '0', '0', '5', '1', '6', '3', '4', '3', '2', '3']","['2', '6', '3', '3', '9', '8', '3', '3', '3', '3', '6', '3', '9', '3', '9', '2', '2', '8', '3', '4', '3', '6', '3', '8', '1', '3', '5', '3', '3', '3', '3', '1', '1', '1', '3', '3']",36,0,"[0, 0, 450, 500, 0, 0, 583, 634, 701, 488, 0, 698, 0, 566, 0, 0, 0, 0, 566, 0, 532, 0, 530, 0, 0, 551, 0, 633, 517, 533, 480, 0, 0, 0, 583, 499]",36,558.0,0
40,40,177,3,PRE_TEST,"['1', '0', '0', '0', '1', '1', '1', '0', '0', '1', '1', '1', '0', '1', '1', '0', '0', '0', '0', '1', '0', '1', '1', '0', '1', '0', '0', '1', '1', '0', '1', '1', '0', '0', '1', '0']","['734', '', '', '', '467', '533', '484', '', '', '533', '500', '484', '', '450', '717', '', '', '', '', '517', '', '433', '450', '', '483', '', '', '484', '518', '', '483', '467', '', '', '450', '']","['0', '4', '6', '7', '3', '6', '0', '5', '2', '6', '0', '6', '1', '0', '0', '6', '0', '2', '6', '7', '4', '7', '1', '4', '0', '1', '2', '5', '5', '1', '4', '4', '2', '0', '2', '7']","['3', '9', '5', '9', '3', '3', '3', '8', '5', '3', '3', '3', '1', '3', '3', '1', '8', '8', '9', '3', '4', '3', '3', '2', '3', '6', '5', '3', '3', '1', '3', '3', '8', '5', '3', '8']",36,0,"[734, 0, 0, 0, 467, 533, 484, 0, 0, 533, 500, 484, 0, 450, 717, 0, 0, 0, 0, 517, 0, 433, 450, 0, 483, 0, 0, 484, 518, 0, 483, 467, 0, 0, 450, 0]",36,510.3888888888889,0
41,41,177,3,POST_TEST,"['0', '0', '0', '1', '0', '1', '0', '1', '1', '1', '0', '0', '0', '1', '0', '0', '1', '1', '1', '0', '0', '1', '0', '1', '0', '0', '1', '0', '0', '1', '0', '0', '1', '1', '1', '2']","['', '', '', '433', '', '500', '', '500', '484', '484', '', '', '', '567', '', '', '534', '500', '466', '', '', '483', '', '550', '', '', '467', '', '', '517', '', '', '467', '468', '417', '417']","['6', '7', '2', '0', '1', '3', '3', '2', '0', '4', '3', '5', '3', '2', '6', '5', '2', '5', '3', '7', '2', '1', '2', '7', '1', '2', '5', '1', '0', '4', '6', '7', '7', '6', '5', '2']","['5', '2', '4', '3', '8', '3', '2', '3', '3', '3', '6', '3', '2', '3', '1', '6', '3', '3', '3', '6', '9', '3', '8', '3', '3', '1', '3', '2', '1', '3', '6', '4', '3', '3', '3', '2']",36,1,"[0, 0, 0, 433, 0, 500, 0, 500, 484, 484, 0, 0, 0, 567, 0, 0, 534, 500, 466, 0, 0, 483, 0, 550, 0, 0, 467, 0, 0, 517, 0, 0, 467, 468, 417, 0]",36,489.8125,2
42,42,178,1,PRE_TEST,"['0', '1', '2', '1', '1', '0', '1', '0', '0', '1', '1', '0', '2', '0', '1', '1', '0', '0', '1', '1', '1', '0', '0', '1', '0', '1', '0', '1', '0', '1', '1', '1', '0', '0', '1', '0']","['', '416', '350', '367', '517', '', '416', '', '', '417', '550', '', '367', '', '499', '451', '', '', '466', '466', '633', '', '', '467', '', '468', '', '484', '', '484', '484', '550', '', '', '483', '']","['6', '1', '7', '4', '3', '1', '2', '1', '4', '1', '0', '7', '7', '3', '5', '5', '5', '5', '4', '4', '0', '7', '0', '2', '5', '1', '2', '5', '1', '7', '6', '1', '2', '4', '5', '5']","['4', '3', '5', '3', '3', '9', '3', '1', '6', '3', '3', '6', '6', '5', '3', '3', '5', '1', '3', '3', '3', '4', '2', '3', '2', '3', '2', '3', '9', '3', '3', '3', '2', '4', '3', '8']",36,2,"[0, 416, 0, 367, 517, 0, 416, 0, 0, 417, 550, 0, 0, 0, 499, 451, 0, 0, 466, 466, 633, 0, 0, 467, 0, 468, 0, 484, 0, 484, 484, 550, 0, 0, 483, 0]",36,478.77777777777777,0
43,43,178,1,POST_TEST,"['0', '0', '0', '1', '1', '0', '0', '1', '1', '1', '0', '0', '1', '1', '1', '0', '0', '0', '1', '1', '1', '1', '0', '1', '0', '0', '1', '0', '0', '1', '1', '1', '1', '0', '0', '0']","['', '', '', '449', '566', '', '', '500', '516', '533', '', '', '516', '482', '515', '', '', '', '534', '567', '483', '483', '', '483', '', '', '500', '', '', '516', '533', '467', '534', '', '', '']","['4', '7', '3', '5', '5', '5', '2', '4', '3', '3', '0', '3', '2', '1', '5', '5', '1', '2', '2', '1', '5', '6', '6', '2', '2', '6', '3', '7', '1', '7', '1', '6', '6', '1', '6', '2']","['1', '4', '4', '3', '3', '4', '5', '3', '3', '3', '4', '1', '3', '3', '3', '8', '1', '9', '3', '3', '3', '3', '5', '3', '4', '4', '3', '9', '1', '3', '3', '3', '3', '8', '2', '4']",36,0,"[0, 0, 0, 449, 566, 0, 0, 500, 516, 533, 0, 0, 516, 482, 515, 0, 0, 0, 534, 567, 483, 483, 0, 483, 0, 0, 500, 0, 0, 516, 533, 467, 534, 0, 0, 0]",36,509.8333333333333,0
44,44,179,6,PRE_TEST,"['0', '1', '1', '0', '0', '1', '0', '1', '0', '1', '1', '1', '1', '0', '1', '0', '0', '1', '0', '0', '0', '1', '0', '0', '1', '0', '1', '1', '0', '1', '0', '0', '1', '0', '0', '1']","['', '472', '597', '', '', '486', '', '729', '', '514', '555', '513', '514', '', '514', '', '', '493', '', '', '', '458', '', '', '528', '', '491', '806', '', '528', '', '', '569', '', '', '528']","['2', '4', '0', '1', '0', '3', '5', '0', '2', '2', '2', '6', '2', '7', '2', '4', '2', '2', '2', '0', '2', '0', '5', '2', '1', '7', '4', '4', '2', '6', '2', '4', '5', '1', '2', '4']","['2', '3', '3', '6', '9', '3', '2', '3', '8', '3', '3', '3', '3', '1', '3', '2', '6', '3', '4', '8', '6', '3', '1', '8', '3', '6', '3', '3', '9', '3', '4', '4', '3', '3', '8', '3']",36,0,"[0, 472, 597, 0, 0, 486, 0, 729, 0, 514, 555, 513, 514, 0, 514, 0, 0, 493, 0, 0, 0, 458, 0, 0, 528, 0, 491, 806, 0, 528, 0, 0, 569, 0, 0, 528]",36,546.7647058823529,1
45,45,179,6,POST_TEST,"['1', '0', '1', '1', '1', '1', '0', '0', '0', '0', '0', '1', '1', '1', '2', '1', '0', '1', '0', '0', '0', '0', '1', '1', '1', '0', '0', '0', '1', '1', '1', '1', '0', '0', '0', '0']","['472', '', '486', '528', '652', '514', '', '', '', '', '', '542', '444', '556', '417', '570', '', '541', '', '', '', '', '882', '833', '556', '', '', '', '903', '472', '499', '500', '', '', '', '']","['3', '1', '2', '5', '2', '2', '3', '2', '2', '6', '7', '1', '2', '1', '0', '0', '4', '2', '0', '4', '1', '6', '2', '2', '2', '2', '5', '1', '5', '7', '7', '4', '2', '5', '2', '7']","['3', '9', '3', '3', '3', '3', '8', '6', '1', '4', '1', '3', '3', '3', '9', '3', '9', '3', '8', '9', '4', '6', '3', '3', '3', '5', '6', '1', '3', '3', '3', '3', '2', '6', '3', '5']",36,1,"[472, 0, 486, 528, 652, 514, 0, 0, 0, 0, 0, 542, 444, 556, 0, 570, 0, 541, 0, 0, 0, 0, 882, 833, 556, 0, 0, 0, 903, 472, 499, 500, 0, 0, 0, 0]",36,585.2941176470588,1
46,46,180,2,PRE_TEST,"['1', '0', '1', '1', '0', '0', '0', '0', '1', '1', '0', '0', '1', '1', '1', '0', '0', '1', '1', '0', '0', '1', '0', '0', '0', '1', '1', '0', '1', '1', '1', '1', '0', '0', '0', '1']","['383', '', '367', '416', '', '', '', '', '401', '466', '', '', '399', '433', '467', '', '', '500', '451', '', '', '450', '', '', '', '466', '416', '', '483', '466', '483', '483', '', '', '', '433']","['3', '3', '4', '2', '3', '1', '7', '5', '5', '6', '3', '0', '5', '2', '3', '1', '3', '6', '1', '1', '7', '5', '7', '6', '4', '0', '3', '2', '2', '0', '5', '1', '2', '0', '6', '5']","['3', '2', '3', '3', '4', '1', '9', '6', '3', '3', '9', '2', '3', '3', '3', '6', '1', '3', '3', '4', '5', '3', '1', '2', '9', '3', '3', '2', '3', '3', '3', '3', '5', '4', '4', '3']",36,0,"[383, 0, 367, 416, 0, 0, 0, 0, 401, 466, 0, 0, 399, 433, 467, 0, 0, 500, 451, 0, 0, 450, 0, 0, 0, 466, 416, 0, 483, 466, 483, 483, 0, 0, 0, 433]",36,442.3888888888889,0
47,47,180,2,POST_TEST,"['1', '1', '0', '1', '1', '0', '0', '0', '0', '1', '1', '0', '0', '1', '0', '1', '1', '0', '1', '0', '0', '0', '1', '1', '0', '1', '0', '1', '1', '0', '0', '0', '1', '1', '0', '1']","['466', '483', '', '434', '434', '', '', '', '', '466', '417', '', '', '532', '', '467', '450', '', '467', '', '', '', '500', '500', '', '484', '', '500', '516', '', '', '', '534', '516', '', '550']","['6', '2', '5', '7', '3', '4', '6', '3', '6', '3', '2', '3', '0', '4', '5', '3', '3', '4', '3', '6', '0', '2', '3', '5', '5', '4', '5', '7', '0', '5', '5', '0', '7', '6', '0', '7']","['3', '3', '1', '3', '3', '8', '1', '6', '4', '3', '3', '1', '6', '3', '1', '3', '3', '1', '3', '2', '4', '5', '3', '3', '8', '3', '6', '3', '3', '6', '5', '8', '3', '3', '2', '3']",36,0,"[466, 483, 0, 434, 434, 0, 0, 0, 0, 466, 417, 0, 0, 532, 0, 467, 450, 0, 467, 0, 0, 0, 500, 500, 0, 484, 0, 500, 516, 0, 0, 0, 534, 516, 0, 550]",36,484.22222222222223,0
48,48,183,3,PRE_TEST,"['0', '1', '0', '1', '1', '0', '0', '1', '1', '0', '1', '0', '1', '0', '1', '0', '1', '1', '0', '0', '1', '0', '0', '0', '1', '1', '1', '0', '0', '1', '1', '1', '0', '0', '1', '0']","['', '567', '', '565', '699', '', '', '666', '633', '', '599', '', '666', '', '667', '', '667', '699', '', '', '668', '', '', '', '866', '770', '668', '', '', '667', '701', '734', '', '', '600', '']","['4', '6', '2', '2', '5', '2', '1', '5', '6', '2', '4', '4', '4', '2', '2', '6', '3', '5', '2', '1', '4', '2', '3', '6', '0', '3', '2', '2', '5', '5', '5', '6', '3', '4', '4', '5']","['9', '3', '6', '3', '3', '9', '9', '3', '3', '9', '3', '5', '3', '9', '3', '6', '3', '3', '8', '2', '3', '2', '9', '1', '3', '3', '3', '1', '6', '3', '3', '3', '5', '2', '3', '4']",36,0,"[0, 567, 0, 565, 699, 0, 0, 666, 633, 0, 599, 0, 666, 0, 667, 0, 667, 699, 0, 0, 668, 0, 0, 0, 866, 770, 668, 0, 0, 667, 701, 734, 0, 0, 600, 0]",36,672.3333333333334,0
49,49,183,3,POST_TEST,"['1', '0', '1', '0', '1', '0', '0', '0', '1', '1', '0', '0', '1', '0', '0', '1', '1', '0', '1', '1', '0', '1', '1', '1', '0', '0', '1', '1', '0', '0', '0', '0', '1', '0', '1', '1']","['601', '', '736', '', '667', '', '', '', '602', '599', '', '', '600', '', '', '668', '734', '', '667', '668', '', '766', '620', '607', '', '', '700', '1002', '', '', '', '', '799', '', '600', '700']","['5', '0', '4', '4', '2', '1', '1', '5', '1', '1', '4', '1', '0', '5', '4', '6', '0', '5', '1', '4', '6', '0', '2', '3', '3', '3', '5', '2', '6', '6', '1', '5', '0', '4', '4', '3']","['3', '5', '3', '9', '3', '2', '1', '6', '3', '3', '4', '2', '3', '9', '1', '3', '3', '6', '3', '3', '2', '3', '3', '3', '1', '1', '3', '3', '8', '5', '2', '8', '3', '8', '3', '3']",36,0,"[601, 0, 736, 0, 667, 0, 0, 0, 602, 599, 0, 0, 600, 0, 0, 668, 734, 0, 667, 668, 0, 766, 620, 607, 0, 0, 700, 1002, 0, 0, 0, 0, 799, 0, 600, 700]",36,685.3333333333334,0
50,50,184,6,PRE_TEST,"['1', '0', '1', '0', '0', '1', '1', '0', '0', '1', '1', '1', '0', '1', '0', '0', '1', '0', '0', '1', '1', '0', '0', '0', '0', '0', '1', '1', '1', '1', '1', '1', '1', '0', '0', '0']","['650', '', '584', '', '', '567', '500', '', '', '634', '484', '567', '', '567', '', '', '567', '', '', '600', '500', '', '', '', '', '', '534', '534', '501', '433', '334', '533', '618', '', '', '']","['2', '7', '5', '6', '4', '1', '7', '5', '6', '1', '5', '4', '2', '4', '5', '6', '1', '4', '7', '7', '5', '3', '5', '5', '6', '3', '7', '2', '0', '1', '5', '2', '3', '5', '5', '6']","['3', '1', '3', '1', '8', '3', '3', '1', '5', '3', '3', '3', '6', '3', '2', '1', '3', '5', '4', '3', '3', '1', '5', '9', '5', '1', '3', '3', '3', '3', '3', '3', '3', '5', '4', '6']",36,0,"[650, 0, 584, 0, 0, 567, 500, 0, 0, 634, 484, 567, 0, 567, 0, 0, 567, 0, 0, 600, 500, 0, 0, 0, 0, 0, 534, 534, 501, 433, 334, 533, 618, 0, 0, 0]",36,539.2777777777778,0
51,51,184,6,POST_TEST,"['1', '1', '0', '1', '0', '1', '0', '0', '1', '0', '0', '1', '0', '1', '0', '1', '0', '1', '1', '0', '0', '1', '1', '0', '0', '1', '1', '1', '0', '0', '0', '0', '0', '1', '1', '1']","['517', '550', '', '517', '', '616', '', '', '484', '', '', '601', '', '450', '', '516', '', '517', '566', '', '', '500', '533', '', '', '484', '516', '550', '', '', '', '', '', '517', '500', '517']","['6', '1', '3', '5', '5', '1', '5', '5', '0', '5', '1', '7', '0', '1', '5', '0', '7', '6', '3', '4', '3', '4', '7', '3', '1', '1', '7', '1', '0', '3', '6', '6', '2', '4', '3', '5']","['3', '3', '9', '3', '9', '3', '8', '1', '3', '2', '8', '3', '8', '3', '1', '3', '6', '3', '3', '8', '8', '3', '3', '4', '2', '3', '3', '3', '1', '8', '4', '5', '6', '3', '3', '3']",36,0,"[517, 550, 0, 517, 0, 616, 0, 0, 484, 0, 0, 601, 0, 450, 0, 516, 0, 517, 566, 0, 0, 500, 533, 0, 0, 484, 516, 550, 0, 0, 0, 0, 0, 517, 500, 517]",36,525.0555555555555,0
52,52,185,3,PRE_TEST,"['0', '0', '0', '1', '1', '1', '1', '1', '2', '0', '0', '1', '1', '2', '0', '0', '1', '1', '0', '1', '0', '1', '0', '0', '0', '0', '1', '1', '1', '1', '1', '0', '0', '0', '1', '1']","['', '', '', '484', '566', '501', '466', '416', '400', '', '', '465', '484', '484', '', '', '567', '484', '', '483', '', '500', '', '', '', '', '533', '417', '451', '467', '516', '', '', '', '600', '566']","['2', '3', '7', '2', '3', '1', '5', '5', '2', '0', '5', '2', '0', '3', '1', '4', '0', '7', '2', '4', '5', '7', '5', '0', '0', '5', '5', '7', '2', '4', '3', '4', '3', '4', '3', '5']","['9', '2', '9', '3', '3', '3', '3', '3', '6', '6', '2', '3', '3', '8', '9', '9', '3', '3', '2', '3', '4', '3', '9', '9', '1', '9', '3', '3', '3', '3', '3', '9', '4', '5', '3', '3']",36,2,"[0, 0, 0, 484, 566, 501, 466, 416, 0, 0, 0, 465, 484, 0, 0, 0, 567, 484, 0, 483, 0, 500, 0, 0, 0, 0, 533, 417, 451, 467, 516, 0, 0, 0, 600, 566]",36,498.1111111111111,0
53,53,185,3,POST_TEST,"['1', '0', '1', '0', '1', '0', '1', '0', '1', '0', '1', '0', '1', '0', '0', '0', '1', '1', '1', '0', '0', '1', '0', '0', '0', '0', '1', '1', '1', '1', '0', '2', '0', '1', '1', '1']","['465', '', '483', '', '484', '', '533', '', '550', '', '533', '', '534', '', '', '', '533', '499', '551', '', '', '500', '', '', '', '', '565', '466', '467', '416', '', '350', '', '583', '500', '617']","['4', '6', '3', '5', '4', '7', '0', '3', '4', '0', '7', '4', '0', '7', '2', '6', '7', '4', '5', '5', '7', '4', '2', '6', '3', '3', '7', '3', '6', '7', '5', '1', '0', '1', '7', '1']","['3', '1', '3', '8', '3', '6', '3', '8', '3', '8', '3', '4', '3', '2', '9', '1', '3', '3', '3', '8', '9', '3', '5', '4', '4', '2', '3', '3', '3', '3', '9', '6', '6', '3', '3', '3']",36,1,"[465, 0, 483, 0, 484, 0, 533, 0, 550, 0, 533, 0, 534, 0, 0, 0, 533, 499, 551, 0, 0, 500, 0, 0, 0, 0, 565, 466, 467, 416, 0, 0, 0, 583, 500, 617]",36,515.5,0
54,54,176,4,PRE_TEST,"['0', '0', '1', '1', '1', '1', '2', '0', '0', '1', '0', '0', '1', '0', '0', '0', '1', '0', '1', '1', '0', '1', '0', '1', '0', '1', '0', '1', '0', '0', '1', '0', '0', '1', '1', '1']","['', '', '684', '401', '352', '734', '406', '', '', '467', '', '', '268', '', '', '', '484', '', '519', '483', '', '583', '', '583', '', '501', '', '584', '', '', '634', '', '', '552', '500', '600']","['2', '5', '3', '5', '1', '3', '1', '2', '3', '1', '2', '2', '5', '1', '1', '1', '4', '6', '0', '3', '3', '5', '0', '3', '1', '2', '6', '6', '1', '1', '1', '3', '2', '5', '1', '5']","['5', '4', '3', '3', '3', '3', '1', '4', '1', '3', '8', '1', '3', '2', '6', '3', '3', '1', '3', '3', '6', '3', '9', '3', '5', '3', '5', '3', '1', '2', '3', '2', '6', '3', '3', '3']",36,1,"[0, 0, 684, 401, 352, 734, 0, 0, 0, 467, 0, 0, 268, 0, 0, 0, 484, 0, 519, 483, 0, 583, 0, 583, 0, 501, 0, 584, 0, 0, 634, 0, 0, 552, 500, 600]",36,525.2352941176471,1
55,55,176,4,POST_TEST,"['0', '1', '1', '1', '0', '1', '0', '1', '0', '1', '0', '0', '0', '1', '0', '0', '0', '0', '1', '0', '1', '1', '0', '1', '1', '0', '1', '1', '2', '0', '1', '0', '1', '0', '1', '0']","['', '832', '583', '517', '', '500', '', '584', '', '534', '', '', '', '600', '', '', '', '', '600', '', '651', '467', '', '550', '569', '', '534', '601', '418', '', '600', '', '551', '', '567', '']","['0', '0', '5', '0', '0', '6', '4', '3', '3', '0', '0', '5', '1', '1', '2', '3', '6', '3', '5', '6', '3', '2', '4', '4', '2', '6', '4', '2', '1', '5', '5', '4', '0', '3', '5', '3']","['8', '3', '3', '3', '9', '3', '8', '3', '8', '3', '1', '4', '6', '3', '6', '3', '9', '5', '3', '5', '3', '3', '1', '3', '3', '1', '3', '3', '8', '9', '3', '8', '3', '5', '3', '5']",36,1,"[0, 832, 583, 517, 0, 500, 0, 584, 0, 534, 0, 0, 0, 600, 0, 0, 0, 0, 600, 0, 651, 467, 0, 550, 569, 0, 534, 601, 0, 0, 600, 0, 551, 0, 567, 0]",36,578.8235294117648,1
56,56,190,0,PRE_TEST,"['0', '1', '1', '0', '1', '0', '1', '0', '1', '0', '0', '0', '1', '1', '0', '0', '0', '1', '1', '1', '1', '1', '1', '0', '1', '1', '0', '0', '0', '0', '0', '1', '0', '1', '0', '1']","['', '433', '649', '', '483', '', '633', '', '501', '', '', '', '483', '449', '', '', '', '466', '466', '483', '466', '483', '467', '', '449', '500', '', '', '', '', '', '500', '', '501', '', '502']","['0', '3', '0', '4', '2', '6', '2', '7', '5', '6', '1', '1', '6', '5', '4', '2', '1', '4', '5', '7', '5', '2', '0', '4', '5', '3', '1', '1', '3', '6', '2', '6', '1', '5', '6', '6']","['2', '3', '3', '4', '3', '8', '3', '9', '3', '2', '2', '1', '3', '3', '9', '6', '2', '3', '3', '3', '3', '3', '3', '5', '3', '3', '9', '4', '9', '2', '1', '3', '8', '3', '1', '3']",36,0,"[0, 433, 649, 0, 483, 0, 633, 0, 501, 0, 0, 0, 483, 449, 0, 0, 0, 466, 466, 483, 466, 483, 467, 0, 449, 500, 0, 0, 0, 0, 0, 500, 0, 501, 0, 502]",36,495.22222222222223,0
57,57,190,0,POST_TEST,"['1', '1', '0', '1', '0', '1', '0', '0', '1', '0', '0', '0', '0', '1', '1', '0', '1', '1', '1', '0', '0', '0', '1', '0', '0', '1', '1', '1', '0', '1', '0', '1', '1', '1', '0', '0']","['417', '450', '', '467', '', '517', '', '', '450', '', '', '', '', '533', '534', '', '583', '783', '516', '', '', '', '484', '', '', '500', '533', '483', '', '500', '', '500', '533', '500', '', '']","['4', '3', '0', '1', '1', '7', '6', '3', '4', '4', '2', '0', '7', '5', '1', '1', '2', '0', '4', '0', '4', '5', '0', '4', '1', '7', '3', '4', '1', '5', '1', '1', '6', '7', '5', '1']","['3', '3', '9', '3', '6', '3', '4', '1', '3', '5', '5', '4', '2', '3', '3', '9', '3', '3', '3', '5', '9', '5', '3', '5', '1', '3', '3', '3', '1', '3', '1', '3', '3', '3', '4', '9']",36,0,"[417, 450, 0, 467, 0, 517, 0, 0, 450, 0, 0, 0, 0, 533, 534, 0, 583, 783, 516, 0, 0, 0, 484, 0, 0, 500, 533, 483, 0, 500, 0, 500, 533, 500, 0, 0]",36,515.7222222222222,0
58,58,196,0,PRE_TEST,"['1', '2', '1', '1', '0', '0', '0', '1', '0', '1', '0', '1', '0', '0', '1', '1', '1', '0', '1', '0', '0', '0', '0', '1', '1', '0', '1', '1', '0', '1', '0', '1', '1', '0', '1', '0']","['200', '449', '533', '849', '', '', '', '566', '', '566', '', '583', '', '', '650', '699', '549', '', '516', '', '', '', '', '667', '734', '', '733', '582', '', '532', '', '666', '799', '', '566', '']","['6', '2', '6', '6', '6', '4', '0', '0', '4', '3', '4', '5', '2', '6', '4', '1', '1', '4', '0', '1', '4', '0', '4', '6', '0', '7', '0', '1', '5', '7', '6', '6', '4', '4', '0', '5']","['3', '9', '3', '3', '4', '6', '5', '3', '1', '3', '8', '3', '2', '1', '3', '3', '3', '1', '3', '2', '9', '5', '2', '3', '3', '6', '3', '3', '9', '3', '1', '3', '3', '8', '3', '4']",36,1,"[200, 0, 533, 849, 0, 0, 0, 566, 0, 566, 0, 583, 0, 0, 650, 699, 549, 0, 516, 0, 0, 0, 0, 667, 734, 0, 733, 582, 0, 532, 0, 666, 799, 0, 566, 0]",36,610.5555555555555,0
59,59,196,0,POST_TEST,"['0', '0', '1', '1', '0', '1', '1', '0', '2', '1', '1', '0', '1', '0', '0', '2', '1', '1', '1', '0', '0', '0', '1', '0', '0', '0', '1', '1', '1', '0', '1', '1', '1', '0', '0', '0']","['', '', '602', '584', '', '517', '568', '', '384', '734', '718', '', '633', '', '', '434', '533', '599', '517', '', '', '', '634', '', '', '', '535', '584', '568', '', '649', '634', '583', '', '', '']","['3', '4', '0', '0', '0', '4', '6', '3', '6', '7', '6', '0', '5', '7', '7', '7', '1', '0', '3', '7', '2', '5', '1', '1', '6', '2', '4', '6', '1', '6', '7', '5', '0', '0', '2', '7']","['2', '2', '3', '3', '6', '3', '3', '1', '4', '3', '3', '1', '3', '6', '9', '6', '3', '3', '3', '1', '6', '5', '3', '5', '6', '3', '3', '3', '3', '4', '3', '3', '3', '6', '6', '1']",36,2,"[0, 0, 602, 584, 0, 517, 568, 0, 0, 734, 718, 0, 633, 0, 0, 0, 533, 599, 517, 0, 0, 0, 634, 0, 0, 0, 535, 584, 568, 0, 649, 634, 583, 0, 0, 0]",36,599.5294117647059,1
