,participant_id,task_idx,task_status,participant_name,condition,results_responses,results_rt,results_targetvalue,results_flagcorrect,results_stimind,results_trial
0,228,7,PRE_TEST,Axelle,zpdes,"0,0,0,0,0,0,0,0,0,0,0,0,0,0,0,0,0,0,0,0,0,0,0,0,0,0,0,1,0,0,0,1,0,0,0,0,1,0,1,1,1,0,0,0,1,0,0,0,0,0,0,1,0,0,0,1,0,0,0,0,1,0,0,1,1,0,1,0,0,1,0,1,0,0,0,0,0,0,1,0,0,0,0,0,0,0,0,0,0,0,0,1,0,1,0,0,0,0,1,1,0,0,0,0,0,0,0,0,0,0,0,0,0,0,0,0,0,0,1,0",",,,,,,,,,,,,,,,,,,,,,,,,,,,1016,,,,883,,,,,901,,1017,850,949,,,,965,,,,,,,899,,,,866,,,,,900,,,933,933,,915,,,1016,,916,,,,,,,832,,,,,,,,,,,,,951,,999,,,,,800,999,,,,,,,,,,,,,,,,,,,915,","1,1,1,0,1,1,1,0,0,1,1,1,0,0,0,0,2,1,0,1,2,2,1,0,1,2,1,2,1,0,2,2,0,1,1,1,2,0,2,2,0,1,0,0,2,0,1,1,0,2,1,2,2,1,1,2,1,0,2,1,2,1,1,2,2,0,2,0,1,1,1,2,0,2,1,2,0,0,2,0,0,1,0,1,2,0,1,2,1,0,1,2,2,2,1,0,1,1,2,2,2,0,0,0,2,0,2,2,0,2,2,2,2,0,0,0,2,0,0,0","true,true,true,true,true,true,true,true,true,true,true,true,true,true,true,true,false,true,true,true,false,false,true,true,true,false,true,true,true,true,false,true,true,true,true,true,true,true,true,true,false,true,true,true,true,true,true,true,true,false,true,true,false,true,true,true,true,true,false,true,true,true,true,true,true,true,true,true,true,false,true,true,true,false,true,false,true,true,true,true,true,true,true,true,false,true,true,false,true,true,true,true,false,true,true,true,true,true,true,true,false,true,true,true,false,true,false,false,true,false,false,false,false,true,true,true,false,true,false,true","5,2,4,0,3,1,7,1,2,0,6,24,3,4,5,6,24,9,7,19,9,19,22,8,29,22,38,29,30,9,30,38,10,35,17,26,35,11,17,26,12,8,13,14,8,15,14,28,16,28,21,14,21,16,31,16,36,17,31,10,36,23,15,10,15,18,23,19,12,37,13,12,20,37,27,13,21,22,27,23,24,32,25,33,32,26,34,33,39,27,11,34,11,39,25,28,18,20,18,25,20,29,30,31,4,32,5,2,33,7,0,3,1,34,35,36,6,37,38,39","0,1,2,3,4,5,6,7,8,9,10,11,12,13,14,15,16,17,18,19,20,21,22,23,24,25,26,27,28,29,30,31,32,33,34,35,36,37,38,39,40,41,42,43,44,45,46,47,48,49,50,51,52,53,54,55,56,57,58,59,60,61,62,63,64,65,66,67,68,69,70,71,72,73,74,75,76,77,78,79,80,81,82,83,84,85,86,87,88,89,90,91,92,93,94,95,96,97,98,99,100,101,102,103,104,105,106,107,108,109,110,111,112,113,114,115,116,117,118,119"
1,228,7,POST_TEST,Axelle,zpdes,"0,0,0,0,0,0,0,0,0,0,0,0,0,0,0,0,0,0,0,0,0,0,1,0,1,0,1,1,1,0,0,0,0,0,0,0,1,1,0,1,0,0,0,0,0,0,0,0,0,1,1,1,0,1,1,0,0,0,0,0,0,1,1,1,0,0,0,0,0,0,1,1,0,1,0,0,0,0,0,0,1,1,0,0,0,0,1,0,1,0,1,0,0,0,0,0,0,0,0,0,1,0,1,0,0,1,1,0,1,0,0,1,0,1,0,0,0,1,1,0",",,,,,,,,,,,,,,,,,,,,,,849,,923,,932,833,966,,,,,,,,732,964,,798,,,,,,,,,,917,883,865,,734,751,,,,,,,715,852,835,,,,,,,1014,783,,835,,,,,,,833,817,,,,,834,,731,,817,,,,,,,,,,883,,33,,,1001,915,,1016,,,869,,883,,,,932,833,","1,0,1,1,1,1,1,1,0,1,0,0,0,0,0,0,1,1,2,0,1,1,2,1,2,1,2,2,2,0,1,1,1,2,2,1,2,2,0,0,1,0,1,1,2,2,0,2,1,1,0,2,1,2,2,1,0,2,1,1,1,2,2,2,0,0,1,1,0,1,2,2,1,2,1,0,1,2,2,0,1,2,2,0,0,0,1,0,1,1,2,2,0,0,2,1,0,1,2,0,2,2,0,0,2,2,2,2,0,2,2,0,0,2,0,0,0,0,0,0","true,true,true,true,true,true,true,true,true,true,true,true,true,true,true,true,true,true,false,true,true,true,true,true,true,true,true,true,true,true,true,true,true,false,false,true,true,true,true,false,true,true,true,true,false,false,true,false,true,false,false,true,true,true,true,true,true,false,true,true,true,true,true,true,true,true,true,true,true,true,true,true,true,true,true,true,true,false,false,true,false,true,false,true,true,true,false,true,false,true,true,false,true,true,false,true,true,true,false,true,true,false,false,true,false,true,true,false,false,false,false,false,true,true,true,true,true,false,false,true","3,0,4,7,0,1,2,5,1,6,2,3,4,5,6,7,32,11,32,8,39,28,11,15,39,37,28,15,37,9,30,22,29,30,22,19,29,19,10,11,14,12,31,9,31,14,13,9,25,36,14,36,13,25,13,8,15,8,24,38,10,38,24,10,16,17,27,23,18,20,23,27,35,20,33,19,12,35,33,20,16,12,16,21,22,23,21,24,34,18,21,34,25,26,18,17,27,26,17,28,26,3,29,30,4,1,0,2,31,7,5,32,33,6,34,35,36,37,38,39","0,1,2,3,4,5,6,7,8,9,10,11,12,13,14,15,16,17,18,19,20,21,22,23,24,25,26,27,28,29,30,31,32,33,34,35,36,37,38,39,40,41,42,43,44,45,46,47,48,49,50,51,52,53,54,55,56,57,58,59,60,61,62,63,64,65,66,67,68,69,70,71,72,73,74,75,76,77,78,79,80,81,82,83,84,85,86,87,88,89,90,91,92,93,94,95,96,97,98,99,100,101,102,103,104,105,106,107,108,109,110,111,112,113,114,115,116,117,118,119"
2,231,7,PRE_TEST,Johanie,baseline,"0,0,0,0,0,0,0,0,0,0,0,0,0,0,0,0,1,1,1,0,0,0,0,0,1,0,0,1,0,1,1,0,1,0,0,1,0,0,0,0,0,1,1,1,0,0,0,1,0,1,1,1,0,0,1,1,0,0,0,1,1,0,0,0,0,0,0,0,1,0,0,1,0,0,1,1,0,1,0,1,1,0,0,0,0,0,0,1,1,0,0,0,0,1,0,0,0,0,0,1,1,1,0,1,0,1,0,1,1,0,1,1,1,1,1,0,1,0,0,0",",,,,,,,,,,,,,,,,948,783,883,,,,,,1016,,,882,,815,866,,916,,,816,,,,,,1015,866,833,,,,782,,866,966,800,,,699,616,,,,966,999,,,,,,,,766,,,816,,,983,982,,649,,816,1000,,,,,,,849,799,,,,,816,,,,,,682,1015,782,,766,,866,,833,816,,932,867,982,983,1016,,899,,,","1,0,0,1,1,1,1,1,0,1,1,0,1,1,0,1,2,2,2,1,0,0,0,1,2,1,1,2,0,2,2,0,1,1,1,2,2,0,2,1,1,0,2,2,1,1,1,2,1,2,2,2,1,1,2,2,0,0,0,1,0,1,2,1,2,0,0,0,2,1,1,2,0,0,1,2,1,2,0,2,0,1,1,0,2,1,0,2,2,0,0,0,1,0,2,1,1,0,1,2,2,0,0,2,0,2,0,2,2,0,2,2,2,0,2,0,0,2,0,0","true,true,true,true,true,true,true,true,true,true,true,true,true,true,true,true,true,true,true,true,true,true,true,true,true,true,true,true,true,true,true,true,false,true,true,true,false,true,false,true,true,false,true,true,true,true,true,true,true,true,true,true,true,true,true,true,true,true,true,false,false,true,false,true,false,true,true,true,true,true,true,true,true,true,false,true,true,true,true,true,false,true,true,true,false,true,true,true,true,true,true,true,true,false,false,true,true,true,true,true,true,false,true,true,true,true,true,true,true,true,true,true,true,false,true,true,false,false,true,true","2,0,1,4,5,3,1,7,2,6,0,3,39,9,4,38,39,38,9,30,5,6,7,37,30,11,16,37,8,16,11,9,26,10,32,10,26,10,32,34,17,11,17,34,22,33,35,22,31,33,31,35,19,36,19,36,12,13,14,12,15,15,12,27,15,16,17,18,27,29,25,29,19,20,18,25,28,18,21,28,22,13,21,23,13,20,24,21,20,25,26,27,23,28,23,14,8,29,24,14,8,30,31,24,32,5,33,7,2,34,4,0,3,35,1,36,37,6,38,39","0,1,2,3,4,5,6,7,8,9,10,11,12,13,14,15,16,17,18,19,20,21,22,23,24,25,26,27,28,29,30,31,32,33,34,35,36,37,38,39,40,41,42,43,44,45,46,47,48,49,50,51,52,53,54,55,56,57,58,59,60,61,62,63,64,65,66,67,68,69,70,71,72,73,74,75,76,77,78,79,80,81,82,83,84,85,86,87,88,89,90,91,92,93,94,95,96,97,98,99,100,101,102,103,104,105,106,107,108,109,110,111,112,113,114,115,116,117,118,119"
3,231,7,POST_TEST,Johanie,baseline,"0,0,0,0,0,0,0,0,0,0,0,0,0,1,1,0,0,0,1,0,0,0,0,0,1,1,0,0,0,0,1,0,0,0,0,0,1,1,0,0,0,0,0,0,1,0,1,1,0,0,0,0,0,0,0,1,0,1,0,0,1,0,1,0,0,0,1,0,1,1,0,0,1,0,1,0,0,0,0,0,1,0,0,0,0,1,0,0,0,1,1,0,0,0,1,1,1,0,0,1,0,0,1,1,0,0,1,0,0,0,1,1,0,1,0,0,0,1,0,0",",,,,,,,,,,,,,749,516,,,,732,,,,,,882,749,,,,,932,,,,,,883,800,,,,,,,933,,649,650,,,,,,,,732,,732,,,1000,,766,,,,882,,766,666,,,850,,799,,,,,,1015,,,,,733,,,,849,833,,,,732,682,633,,,749,,,733,850,,,949,,,,866,750,,799,,,,699,,","1,1,1,1,0,1,1,0,1,1,0,1,1,2,2,0,1,0,2,0,0,1,1,0,2,2,0,1,0,0,2,1,1,0,0,0,2,2,1,1,2,0,1,1,2,1,2,2,2,0,1,1,1,2,0,2,1,2,1,0,2,0,2,1,1,1,2,1,2,2,0,1,2,0,2,0,0,1,0,0,2,0,1,0,1,2,1,0,0,2,2,1,1,1,2,2,2,1,1,2,0,0,2,2,0,0,2,2,0,0,2,2,2,2,0,0,0,2,0,0","true,true,true,true,true,true,true,true,true,true,true,true,true,true,true,true,true,true,true,true,true,true,true,true,true,true,true,true,true,true,true,true,true,true,true,true,true,true,true,true,false,true,true,true,true,true,true,true,false,true,true,true,true,false,true,true,true,true,true,true,true,true,true,true,true,true,true,true,true,true,true,true,true,true,true,true,true,true,true,true,true,true,true,true,true,true,true,true,true,true,true,true,true,true,true,true,true,true,true,true,true,true,true,true,true,true,true,false,true,true,true,true,false,true,true,true,true,true,true,true","2,6,7,0,0,1,3,1,5,4,2,36,12,36,12,3,11,4,11,5,6,30,17,7,30,17,8,26,9,10,26,15,14,11,12,13,15,14,21,22,21,14,16,28,22,19,16,19,28,15,23,35,8,23,16,35,33,8,37,17,33,18,37,9,25,20,25,27,9,20,19,10,27,20,10,21,22,24,23,24,24,25,31,26,38,31,18,27,28,38,18,32,13,39,32,39,13,29,34,29,29,30,34,2,31,32,1,6,33,34,0,7,3,5,35,36,37,4,38,39","0,1,2,3,4,5,6,7,8,9,10,11,12,13,14,15,16,17,18,19,20,21,22,23,24,25,26,27,28,29,30,31,32,33,34,35,36,37,38,39,40,41,42,43,44,45,46,47,48,49,50,51,52,53,54,55,56,57,58,59,60,61,62,63,64,65,66,67,68,69,70,71,72,73,74,75,76,77,78,79,80,81,82,83,84,85,86,87,88,89,90,91,92,93,94,95,96,97,98,99,100,101,102,103,104,105,106,107,108,109,110,111,112,113,114,115,116,117,118,119"
4,232,7,PRE_TEST,mabortoluzzi,zpdes,"0,0,0,0,1,0,0,0,0,0,0,0,0,0,1,0,0,0,0,1,0,0,0,1,0,1,1,0,0,0,0,1,0,1,1,1,0,0,1,0,1,0,0,1,0,0,0,1,0,0,1,0,0,0,0,1,0,0,1,0,1,0,0,0,0,0,1,1,0,0,1,0,0,0,0,0,0,0,0,1,0,0,0,0,1,0,0,1,0,1,1,1,0,1,0,0,0,0,0,0,1,1,0,0,0,0,0,1,0,1,0,0,0,0,1,1,0,0,1,1",",,,,858,,,,,,,,,,937,,,,,872,,,,787,,613,729,,,,,808,,692,895,729,,,676,,755,,,700,,,,730,,,666,,,,,746,,,620,,805,,,,,,729,629,,,645,,,,,,,,,816,,,,,612,,,1004,,774,741,541,,917,,,,,,,822,737,,,,,,941,,692,,,,,761,633,,,938,725","1,0,0,1,1,1,1,0,1,1,1,0,1,0,2,1,0,1,0,2,2,1,1,2,1,2,2,0,1,0,1,2,1,2,0,2,1,0,2,1,0,1,1,2,2,1,0,2,0,1,2,1,0,2,1,2,1,1,2,0,2,1,2,1,0,1,2,2,0,0,2,1,1,2,1,2,0,0,0,2,0,0,1,1,2,1,1,2,1,2,2,2,0,0,0,0,1,1,0,2,2,0,0,2,0,2,0,2,0,2,2,0,2,0,0,2,0,2,0,0","true,true,true,true,false,true,true,true,true,true,true,true,true,true,true,true,true,true,true,true,false,true,true,true,true,true,true,true,true,true,true,true,true,true,false,true,true,true,true,true,false,true,true,true,false,true,true,true,true,true,true,true,true,false,true,true,true,true,true,true,true,true,false,true,true,true,true,true,true,true,true,true,true,false,true,false,true,true,true,true,true,true,true,true,true,true,true,true,true,true,true,true,true,false,true,true,true,true,true,false,true,false,true,false,true,false,true,true,true,true,false,true,false,true,false,true,true,false,false,false","1,0,1,7,0,3,2,2,4,5,6,3,19,4,19,18,5,29,6,29,18,10,36,10,15,36,15,7,37,8,12,37,20,12,9,20,34,10,34,16,11,28,35,16,28,25,12,35,13,26,25,24,14,26,30,24,11,8,30,15,11,22,8,31,16,38,22,31,17,18,38,17,9,17,14,9,19,20,21,14,22,23,39,13,39,23,21,13,27,21,23,27,24,25,26,27,32,33,28,33,32,29,30,1,31,7,32,3,33,4,6,34,0,35,36,2,37,5,38,39","0,1,2,3,4,5,6,7,8,9,10,11,12,13,14,15,16,17,18,19,20,21,22,23,24,25,26,27,28,29,30,31,32,33,34,35,36,37,38,39,40,41,42,43,44,45,46,47,48,49,50,51,52,53,54,55,56,57,58,59,60,61,62,63,64,65,66,67,68,69,70,71,72,73,74,75,76,77,78,79,80,81,82,83,84,85,86,87,88,89,90,91,92,93,94,95,96,97,98,99,100,101,102,103,104,105,106,107,108,109,110,111,112,113,114,115,116,117,118,119"
5,232,7,POST_TEST,mabortoluzzi,zpdes,"0,0,0,0,0,0,0,0,0,1,0,0,1,0,0,1,0,0,0,0,0,0,0,0,0,0,0,1,0,0,1,1,0,0,0,0,1,1,0,0,0,1,0,0,1,1,1,1,0,0,1,1,1,1,0,0,1,1,0,1,0,1,1,1,1,0,0,1,0,0,0,0,1,1,0,1,1,0,0,1,0,0,0,1,0,1,0,0,1,0,0,0,0,0,0,0,1,0,0,0,0,0,0,1,1,0,1,1,0,1,0,0,0,0,0,0,0,0,1,0",",,,,,,,,,946,,,729,,,829,,,,,,,,,,,,679,,,621,838,,,,,850,605,,,,641,,,717,704,683,904,,,715,554,663,880,,,992,712,,675,,880,729,863,737,,,677,,,,,716,1000,,741,704,,,696,,,,1000,,1004,,,771,,,,,,,,638,,,,,,,829,842,,654,879,,850,,,,,,,,,638,","1,1,1,1,1,0,1,1,0,1,0,0,1,0,1,2,2,0,1,0,2,0,1,0,0,0,0,2,1,1,2,2,1,0,1,0,2,2,0,0,1,1,1,1,2,2,2,2,1,1,2,1,0,2,1,1,2,2,1,2,1,1,2,2,2,1,0,2,0,1,1,0,2,1,1,2,2,0,1,2,1,0,1,2,1,2,2,0,2,0,0,1,1,1,2,2,2,0,0,0,0,0,0,2,2,2,2,2,0,2,0,0,0,2,2,0,0,0,0,0","true,true,true,true,true,true,true,true,true,false,true,true,false,true,true,true,false,true,true,true,false,true,true,true,true,true,true,true,true,true,true,true,true,true,true,true,true,true,true,true,true,false,true,true,true,true,true,true,true,true,true,false,false,true,true,true,true,true,true,true,true,false,true,true,true,true,true,true,true,true,true,true,true,false,true,true,true,true,true,true,true,true,true,true,true,true,false,true,true,true,true,true,true,true,false,false,true,true,true,true,true,true,true,true,true,false,true,true,true,true,true,true,true,false,false,true,true,true,false,true","6,4,1,5,7,0,2,0,1,3,2,3,26,4,32,26,32,5,28,6,28,7,12,8,9,10,11,12,30,9,30,9,11,12,27,13,11,27,14,15,34,39,13,25,34,39,25,13,33,21,33,36,16,21,8,19,36,19,35,8,23,10,35,23,10,14,17,14,18,31,20,19,31,24,15,20,24,20,37,15,38,21,17,37,29,38,17,22,29,23,24,22,16,18,22,18,16,25,26,27,28,29,30,1,5,7,2,6,31,4,32,33,34,3,0,35,36,37,38,39","0,1,2,3,4,5,6,7,8,9,10,11,12,13,14,15,16,17,18,19,20,21,22,23,24,25,26,27,28,29,30,31,32,33,34,35,36,37,38,39,40,41,42,43,44,45,46,47,48,49,50,51,52,53,54,55,56,57,58,59,60,61,62,63,64,65,66,67,68,69,70,71,72,73,74,75,76,77,78,79,80,81,82,83,84,85,86,87,88,89,90,91,92,93,94,95,96,97,98,99,100,101,102,103,104,105,106,107,108,109,110,111,112,113,114,115,116,117,118,119"
6,233,7,PRE_TEST,aliz.tey,zpdes,"0,0,0,0,0,0,0,0,0,0,0,0,0,0,1,0,0,0,0,1,0,1,0,1,0,1,0,0,1,1,0,0,1,0,0,1,0,0,0,1,1,0,1,1,0,0,0,0,1,1,1,0,0,0,1,1,0,0,1,1,0,1,0,0,1,0,1,0,0,1,0,0,1,1,1,0,0,0,0,0,1,1,0,1,0,1,0,1,0,0,0,0,1,0,1,1,0,0,0,0,0,0,0,1,1,0,0,0,0,1,1,1,1,0,0,0,1,0,0,0",",,,,,,,,,,,,,,916,,,,,1017,,866,,1016,,1000,,,882,850,,,700,,,900,,,,1016,715,,883,700,,,,,1000,850,650,,,,672,966,,,867,849,,733,,,816,,717,,,833,,,1041,1000,950,,,,,,984,650,,750,,1000,,884,,,,,1015,,1000,950,,,,,,,,800,932,,,,,951,733,899,1000,,,,966,,,","0,1,1,1,1,0,1,1,0,1,1,1,0,0,2,1,0,1,1,2,2,2,0,1,1,2,0,1,2,2,1,1,2,0,0,2,1,0,1,2,0,1,2,2,1,1,0,1,2,2,2,0,1,1,2,0,1,0,2,0,0,2,0,0,1,1,2,1,1,2,1,0,2,2,2,1,0,1,1,2,2,2,1,0,1,2,0,2,1,0,1,0,2,2,0,0,0,1,1,0,0,0,2,2,2,0,2,2,2,2,2,0,0,0,0,0,2,0,2,0","true,true,true,true,true,true,true,true,true,true,true,true,true,true,true,true,true,true,true,true,false,true,true,false,true,true,true,true,true,true,true,true,true,true,true,true,true,true,true,true,false,true,true,true,true,true,true,true,true,true,true,true,true,true,true,false,true,true,true,false,true,true,true,true,false,true,true,true,true,true,true,true,true,true,true,true,true,true,true,false,true,true,true,false,true,true,true,true,true,true,true,true,true,false,false,false,true,true,true,true,true,true,false,true,true,true,false,false,false,true,true,false,false,true,true,true,true,true,false,true","0,7,2,3,1,1,6,5,2,4,0,12,3,4,12,32,5,25,16,25,32,16,6,13,36,13,7,23,36,23,17,38,17,8,9,38,33,10,15,33,11,24,15,24,31,34,12,28,31,34,28,13,11,30,11,14,14,15,30,16,17,14,18,19,27,20,27,39,22,20,21,20,39,22,21,8,21,37,10,37,8,10,19,22,35,19,23,35,26,24,9,25,26,9,26,27,28,18,29,29,30,31,18,29,2,32,3,5,6,1,7,33,34,35,36,37,0,38,4,39","0,1,2,3,4,5,6,7,8,9,10,11,12,13,14,15,16,17,18,19,20,21,22,23,24,25,26,27,28,29,30,31,32,33,34,35,36,37,38,39,40,41,42,43,44,45,46,47,48,49,50,51,52,53,54,55,56,57,58,59,60,61,62,63,64,65,66,67,68,69,70,71,72,73,74,75,76,77,78,79,80,81,82,83,84,85,86,87,88,89,90,91,92,93,94,95,96,97,98,99,100,101,102,103,104,105,106,107,108,109,110,111,112,113,114,115,116,117,118,119"
7,233,7,POST_TEST,aliz.tey,zpdes,"0,0,0,0,0,0,0,0,0,0,0,0,0,0,0,0,1,0,0,0,1,0,0,0,1,0,0,1,0,0,1,1,0,1,0,0,0,0,0,1,0,1,1,1,0,1,1,0,1,0,1,0,0,1,0,0,0,0,1,1,0,0,0,0,0,0,1,0,1,0,1,1,0,1,0,1,1,1,0,0,0,1,0,0,0,1,1,0,1,1,0,0,1,1,0,1,1,1,0,0,1,0,0,0,0,1,0,0,0,0,1,0,1,0,1,0,1,0,0,0",",,,,,,,,,,,,,,,,850,,,,950,,,,782,,,900,,,933,732,,933,,,,,,982,,867,916,826,,1016,932,,1015,,849,,,766,,,,,784,833,,,,,,,967,,666,,877,950,,867,,966,933,799,,,,783,,,,816,749,,800,916,,,932,733,,1000,950,1016,,,700,,,,,849,,,,,1017,,950,,666,,950,,,","1,1,0,1,1,1,0,0,1,1,1,0,0,1,1,0,2,2,1,0,2,1,0,0,2,1,1,2,0,1,2,2,0,0,0,0,1,1,1,2,1,2,2,2,1,1,2,1,2,1,2,0,1,2,0,1,1,2,2,2,0,0,1,0,0,1,2,0,2,0,1,1,1,0,1,2,2,2,2,1,0,2,1,0,0,1,2,1,2,1,0,1,2,2,1,0,2,0,1,2,2,0,0,0,2,2,0,0,0,2,2,0,0,2,2,2,2,0,0,0","true,true,true,true,true,true,true,true,true,true,true,true,true,true,true,true,true,false,true,true,true,true,true,true,true,true,true,true,true,true,true,true,true,false,true,true,true,true,true,true,true,true,true,true,true,false,true,true,true,true,true,true,true,true,true,true,true,false,true,true,true,true,true,true,true,true,true,true,true,true,false,false,true,false,true,true,true,true,false,true,true,true,true,true,true,false,true,true,true,false,true,true,true,true,true,false,true,false,true,false,true,true,true,true,false,true,true,true,true,false,true,true,false,false,true,false,true,true,true,true","3,4,0,6,2,7,1,2,1,5,0,3,4,17,26,5,17,26,15,6,15,24,7,8,24,18,38,18,9,16,38,16,10,11,12,13,33,11,36,11,39,33,36,39,35,13,35,25,13,10,25,14,21,10,15,34,27,21,27,34,16,17,30,18,19,20,30,20,20,21,28,22,23,22,19,28,22,23,19,29,23,29,14,24,25,12,14,32,12,37,26,8,32,37,9,27,8,28,31,9,31,29,30,31,3,2,32,33,34,4,6,35,36,0,7,1,5,37,38,39","0,1,2,3,4,5,6,7,8,9,10,11,12,13,14,15,16,17,18,19,20,21,22,23,24,25,26,27,28,29,30,31,32,33,34,35,36,37,38,39,40,41,42,43,44,45,46,47,48,49,50,51,52,53,54,55,56,57,58,59,60,61,62,63,64,65,66,67,68,69,70,71,72,73,74,75,76,77,78,79,80,81,82,83,84,85,86,87,88,89,90,91,92,93,94,95,96,97,98,99,100,101,102,103,104,105,106,107,108,109,110,111,112,113,114,115,116,117,118,119"
8,234,7,PRE_TEST,nolan,zpdes,"0,0,0,0,0,0,0,0,0,0,0,0,0,1,0,0,0,1,1,0,0,0,0,0,1,1,0,1,0,0,0,1,0,0,1,1,0,0,1,1,0,0,1,0,0,1,0,0,1,1,0,0,0,0,0,1,0,0,1,0,1,0,1,0,0,0,1,1,0,1,0,0,1,1,0,0,1,0,0,0,0,0,0,0,1,1,0,0,0,0,0,0,0,1,0,0,1,0,0,0,0,1,0,0,0,0,0,1,0,0,0,0,0,0,0,0,1,0,0,1",",,,,,,,,,,,,,935,,,,884,950,,,,,,917,784,,884,,,,984,,,751,951,,,767,918,,,917,,,901,,,968,901,,,,,,884,,,967,,835,,901,,,,784,801,,917,,,884,1000,,,751,,,,,,,,783,934,,,,,,,,968,,,801,,,,,801,,,,,,784,,,,,,,,,968,,,834","1,0,1,0,1,1,1,1,0,1,1,1,0,2,1,0,0,2,0,1,0,1,0,1,2,2,0,2,1,1,2,2,1,1,2,2,1,0,1,2,0,1,2,1,1,2,1,2,2,2,1,0,0,0,0,2,1,1,2,0,2,1,0,1,1,0,2,2,1,2,1,1,2,2,0,0,2,0,1,1,1,1,2,2,2,2,0,1,0,0,2,1,1,2,0,1,2,0,2,0,0,2,0,0,0,2,2,0,2,0,2,2,2,0,0,2,0,0,0,0","true,true,true,true,true,true,true,true,true,true,true,true,true,true,true,true,true,true,false,true,true,true,true,true,true,true,true,true,true,true,false,true,true,true,true,true,true,true,false,true,true,true,true,true,true,true,true,false,true,true,true,true,true,true,true,true,true,true,true,true,true,true,false,true,true,true,true,true,true,true,true,true,true,true,true,true,true,true,true,true,true,true,false,false,true,true,true,true,true,true,false,true,true,true,true,true,true,true,false,true,true,true,true,true,true,false,false,false,false,true,false,false,false,true,true,false,false,true,true,false","7,0,4,1,5,2,6,0,2,3,1,25,3,25,29,4,5,29,6,11,7,33,8,19,11,33,9,19,12,39,12,39,36,28,36,28,10,10,37,10,11,24,37,17,32,24,13,32,17,13,8,12,13,14,15,8,18,31,18,16,31,34,17,9,21,18,34,9,20,21,27,16,20,27,19,20,16,21,23,15,30,22,30,23,15,22,22,26,23,24,26,38,14,38,25,35,14,26,35,27,28,7,29,30,31,5,4,32,2,33,3,6,0,34,35,1,36,37,38,39","0,1,2,3,4,5,6,7,8,9,10,11,12,13,14,15,16,17,18,19,20,21,22,23,24,25,26,27,28,29,30,31,32,33,34,35,36,37,38,39,40,41,42,43,44,45,46,47,48,49,50,51,52,53,54,55,56,57,58,59,60,61,62,63,64,65,66,67,68,69,70,71,72,73,74,75,76,77,78,79,80,81,82,83,84,85,86,87,88,89,90,91,92,93,94,95,96,97,98,99,100,101,102,103,104,105,106,107,108,109,110,111,112,113,114,115,116,117,118,119"
9,234,7,POST_TEST,nolan,zpdes,"1,0,0,0,0,0,0,0,0,0,0,0,0,0,1,0,1,0,0,0,0,1,0,1,0,1,0,1,0,1,0,0,0,0,0,1,0,0,1,0,0,1,1,1,1,0,0,0,0,0,0,1,0,0,0,1,1,1,0,0,0,1,0,1,1,1,0,0,0,1,0,1,0,0,0,0,0,1,0,0,1,0,0,0,0,1,0,1,0,1,1,0,0,0,0,0,0,0,1,1,1,1,0,0,0,0,0,0,1,0,0,1,0,0,0,0,0,1,0,1","33,,,,,,,,,,,,,,851,,734,,,,,1001,,917,,917,,951,,751,,,,,,884,,,801,,,950,934,968,1001,,,,,,,935,,,,901,901,1001,,,,950,,952,901,884,,,,851,,900,,,,,,851,,,884,,,,,784,,934,,818,951,,,,,,,,834,1001,867,901,,,,,,,1001,,,867,,,,,,1001,,918","1,1,1,0,1,1,1,0,1,1,0,1,1,1,2,0,2,2,1,1,0,2,1,2,0,2,0,1,0,2,1,1,0,2,1,2,0,1,2,1,1,2,1,2,2,0,2,0,0,1,1,2,1,0,1,2,2,2,0,1,0,1,0,2,2,0,0,1,1,2,1,2,2,0,0,1,1,2,0,0,2,0,1,1,1,2,0,2,1,2,2,0,0,1,0,1,0,1,2,0,2,2,0,2,0,0,0,2,0,2,2,2,0,2,0,0,0,2,2,0","false,true,true,true,true,true,true,true,true,true,true,true,true,true,true,true,true,false,true,true,true,true,true,true,true,true,true,false,true,true,true,true,true,false,true,true,true,true,true,true,true,true,false,true,true,true,false,true,true,true,true,true,true,true,true,true,true,true,true,true,true,false,true,true,true,false,true,true,true,true,true,true,false,true,true,true,true,true,true,true,true,true,true,true,true,true,true,true,true,true,true,true,true,true,true,true,true,true,true,false,true,true,true,false,true,true,true,false,false,false,false,true,true,false,true,true,true,true,false,false","1,3,5,0,7,0,4,1,2,6,2,25,36,16,25,3,16,36,26,29,4,29,10,26,5,10,6,14,7,14,38,11,8,38,35,11,9,24,35,21,39,24,32,39,21,10,32,11,12,9,20,9,15,13,30,20,15,30,14,31,15,37,16,31,37,17,18,22,34,22,28,34,28,19,20,17,19,17,21,22,19,23,18,33,8,33,24,18,13,8,13,25,26,23,27,12,28,27,23,29,12,27,30,1,31,32,33,5,34,4,3,7,35,0,36,37,38,2,6,39","0,1,2,3,4,5,6,7,8,9,10,11,12,13,14,15,16,17,18,19,20,21,22,23,24,25,26,27,28,29,30,31,32,33,34,35,36,37,38,39,40,41,42,43,44,45,46,47,48,49,50,51,52,53,54,55,56,57,58,59,60,61,62,63,64,65,66,67,68,69,70,71,72,73,74,75,76,77,78,79,80,81,82,83,84,85,86,87,88,89,90,91,92,93,94,95,96,97,98,99,100,101,102,103,104,105,106,107,108,109,110,111,112,113,114,115,116,117,118,119"
10,246,7,PRE_TEST,elod.joubert,baseline,"0,0,0,0,0,0,0,0,0,0,0,0,0,0,0,0,1,0,0,0,1,1,0,0,0,1,1,1,0,0,0,0,0,1,1,1,0,0,0,1,1,1,0,0,0,0,1,0,1,0,0,0,0,1,1,0,0,0,0,0,1,0,0,0,1,0,1,0,1,1,1,0,0,1,0,0,0,0,0,0,0,0,1,0,1,1,0,0,0,0,1,0,0,1,0,0,0,0,0,0,0,0,1,0,0,0,0,1,1,0,0,1,0,1,0,1,0,1,1,1",",,,,,,,,,,,,,,,,1000,,,,983,883,,,,1000,800,934,,,,,,966,966,799,,,,900,1000,1016,,,,,1015,,1000,,,,,867,966,,,,,,833,,,,999,,900,,867,1017,883,,,983,,,,,,,,,1015,,883,900,,,,,1016,,,1000,,,,,,,,,934,,,,,983,948,,,1000,,950,,949,,917,899,999","1,0,1,1,0,1,1,1,1,0,1,0,1,0,0,1,2,1,0,0,2,2,1,1,1,2,2,2,1,0,0,1,1,2,2,2,1,0,1,2,0,2,1,1,0,0,2,1,2,1,1,0,2,2,2,1,0,0,0,0,2,1,1,1,2,1,2,1,2,2,2,1,0,2,1,0,2,1,1,0,2,0,2,1,0,2,0,1,0,2,0,1,1,2,1,1,2,2,2,0,0,0,2,0,0,0,0,2,2,0,0,2,2,2,0,2,0,2,0,0","true,true,true,true,true,true,true,true,true,true,true,true,true,true,true,true,true,true,true,true,true,true,true,true,true,true,true,true,true,true,true,true,true,true,true,true,true,true,true,true,false,true,true,true,true,true,true,true,true,true,true,true,false,true,true,true,true,true,true,true,true,true,true,true,true,true,true,true,true,true,true,true,true,true,true,true,false,true,true,true,false,true,true,true,false,true,true,true,true,false,false,true,true,true,true,true,false,false,false,true,true,true,true,true,true,true,true,true,true,true,true,true,false,true,true,true,true,true,false,false","4,0,7,2,1,0,1,5,6,2,3,3,12,4,5,17,12,38,6,7,17,38,22,35,19,35,22,19,34,8,9,37,23,34,23,37,25,10,21,25,11,21,26,8,12,13,26,39,8,15,27,14,39,27,15,31,15,16,17,18,31,29,18,10,29,20,18,14,10,20,14,9,19,9,11,20,11,13,30,21,30,22,13,16,23,16,24,36,25,36,26,28,33,28,24,32,33,24,32,27,28,29,7,30,31,32,33,4,2,34,35,0,5,3,36,1,37,6,38,39","0,1,2,3,4,5,6,7,8,9,10,11,12,13,14,15,16,17,18,19,20,21,22,23,24,25,26,27,28,29,30,31,32,33,34,35,36,37,38,39,40,41,42,43,44,45,46,47,48,49,50,51,52,53,54,55,56,57,58,59,60,61,62,63,64,65,66,67,68,69,70,71,72,73,74,75,76,77,78,79,80,81,82,83,84,85,86,87,88,89,90,91,92,93,94,95,96,97,98,99,100,101,102,103,104,105,106,107,108,109,110,111,112,113,114,115,116,117,118,119"
11,246,7,POST_TEST,elod.joubert,baseline,"0,0,0,0,0,0,0,0,0,0,0,0,0,0,1,0,1,1,0,1,1,0,1,0,0,0,0,0,1,1,0,0,0,0,1,0,0,0,0,0,1,0,0,0,0,1,0,1,0,0,0,0,1,1,0,0,0,0,1,0,0,1,0,0,0,1,0,1,0,0,0,0,1,1,1,0,0,1,1,0,0,0,0,0,0,0,0,1,0,1,1,0,0,1,0,0,0,1,1,0,1,1,1,0,1,0,0,1,0,0,1,1,0,0,0,0,1,0,0,0",",,,,,,,,,,,,,,950,,949,967,,1016,1016,,950,,,,,,1000,983,,,,,983,,,,,,917,,,,,916,,983,,,,,884,849,,,,,1016,,,900,,,,916,,984,,,,,984,817,1016,,,966,817,,,,,,,,,883,,933,833,,,1000,,,,934,1016,,883,883,867,,967,,,899,,,984,983,,,,,900,,,","1,1,0,1,0,1,1,1,0,1,1,1,1,1,2,1,2,2,1,2,0,0,2,1,0,1,0,1,2,2,1,2,0,1,2,1,2,1,0,2,2,0,1,1,0,2,2,0,0,0,1,1,2,2,1,0,0,0,1,2,0,2,1,1,0,2,1,2,0,1,1,2,2,2,1,0,1,2,2,0,0,0,1,1,1,0,2,2,0,2,1,0,2,0,1,1,1,2,2,0,2,2,2,0,2,0,0,2,0,2,2,2,0,0,0,0,2,0,0,0","true,true,true,true,true,true,true,true,true,true,true,true,true,true,true,true,true,true,true,true,false,true,true,true,true,true,true,true,true,true,true,false,true,true,true,true,false,true,true,false,true,true,true,true,true,true,false,false,true,true,true,true,true,true,true,true,true,true,false,false,true,true,true,true,true,true,true,true,true,true,true,false,true,true,false,true,true,true,true,true,true,true,true,true,true,true,false,true,true,true,false,true,false,false,true,true,true,true,true,true,true,true,true,true,true,true,true,true,true,false,true,true,true,true,true,true,true,true,true,true","5,6,0,4,1,3,2,0,2,7,1,34,25,22,34,20,25,22,31,20,3,4,31,35,5,32,6,21,35,32,14,21,7,11,14,13,11,39,8,39,13,9,12,29,10,29,12,11,12,13,28,9,28,9,23,14,15,16,24,23,17,24,18,19,18,19,17,18,19,8,37,17,8,37,26,20,15,26,15,21,22,23,38,33,30,24,33,38,25,30,10,26,10,27,27,36,16,27,16,28,36,6,5,29,4,30,31,3,32,2,0,7,33,34,35,36,1,37,38,39","0,1,2,3,4,5,6,7,8,9,10,11,12,13,14,15,16,17,18,19,20,21,22,23,24,25,26,27,28,29,30,31,32,33,34,35,36,37,38,39,40,41,42,43,44,45,46,47,48,49,50,51,52,53,54,55,56,57,58,59,60,61,62,63,64,65,66,67,68,69,70,71,72,73,74,75,76,77,78,79,80,81,82,83,84,85,86,87,88,89,90,91,92,93,94,95,96,97,98,99,100,101,102,103,104,105,106,107,108,109,110,111,112,113,114,115,116,117,118,119"
12,247,7,PRE_TEST,kelly.vin,zpdes,"0,0,0,0,0,0,0,0,0,0,0,0,0,0,0,0,0,0,0,0,0,0,0,0,1,0,0,0,0,0,0,0,0,0,0,0,0,0,0,0,0,0,0,1,0,0,0,0,0,0,1,0,0,1,0,0,0,0,1,0,0,0,0,0,1,1,0,0,1,0,0,1,0,0,1,1,0,0,0,1,0,0,1,1,1,1,1,0,1,1,1,0,0,0,0,0,0,0,1,1,1,0,0,0,1,0,0,1,0,1,0,1,1,1,1,0,0,0,0,0",",,,,,,,,,,,,,,,,,,,,,,,,950,,,,,,,,,,,,,,,,,,,987,,,,,,,866,,,837,,,,,965,,,,,,1006,1007,,,787,,,1007,,,1007,1008,,,,1007,,,1007,1000,879,986,1007,,852,1007,1007,,,,,,,,1007,1007,1007,,,,992,,,1008,,1014,,994,1007,908,1007,,,,,","1,1,0,1,1,0,1,1,1,0,1,1,1,1,1,2,2,2,2,0,0,1,1,0,2,0,2,0,0,1,0,0,2,1,1,0,2,2,0,1,1,1,2,2,2,1,0,0,1,1,2,1,2,2,0,1,2,1,2,0,2,1,1,0,2,2,1,0,2,1,1,2,0,1,2,2,1,1,0,2,1,1,2,1,2,2,1,0,2,0,2,0,0,0,1,0,0,1,2,2,0,2,0,0,2,0,0,2,2,0,2,2,2,2,0,0,0,0,0,0","true,true,true,true,true,true,true,true,true,true,true,true,true,true,true,false,false,false,false,true,true,true,true,true,true,true,false,true,true,true,true,true,false,true,true,true,false,false,true,true,true,true,false,true,false,true,true,true,true,true,true,true,false,true,true,true,false,true,true,true,false,true,true,true,true,true,true,true,true,true,true,true,true,true,true,true,true,true,true,true,true,true,true,false,true,true,false,true,true,false,true,true,true,true,true,true,true,true,true,true,false,false,true,true,true,true,true,true,false,false,false,true,true,true,false,true,true,true,true,true","4,6,0,3,7,1,5,1,0,2,2,21,35,11,9,35,21,11,9,3,4,19,37,5,19,6,37,7,8,30,9,10,30,26,34,11,34,26,12,29,39,36,39,36,29,31,13,14,38,25,31,22,25,38,15,27,22,12,27,16,12,15,24,17,24,15,23,18,23,13,8,13,19,16,8,16,33,20,20,33,32,17,20,18,17,32,28,21,18,22,28,23,24,25,14,26,27,10,14,10,28,4,29,30,7,31,32,6,1,33,3,5,2,0,34,35,36,37,38,39","0,1,2,3,4,5,6,7,8,9,10,11,12,13,14,15,16,17,18,19,20,21,22,23,24,25,26,27,28,29,30,31,32,33,34,35,36,37,38,39,40,41,42,43,44,45,46,47,48,49,50,51,52,53,54,55,56,57,58,59,60,61,62,63,64,65,66,67,68,69,70,71,72,73,74,75,76,77,78,79,80,81,82,83,84,85,86,87,88,89,90,91,92,93,94,95,96,97,98,99,100,101,102,103,104,105,106,107,108,109,110,111,112,113,114,115,116,117,118,119"
13,247,7,POST_TEST,kelly.vin,zpdes,"0,0,0,0,0,0,0,0,0,0,0,0,0,1,0,0,0,0,0,0,0,0,0,1,0,0,0,0,1,0,0,0,0,0,1,0,0,0,0,1,0,0,0,0,0,0,0,0,0,1,0,0,1,0,0,0,1,1,0,0,1,0,0,0,0,0,0,0,0,0,0,0,0,0,0,1,0,0,0,0,0,0,0,0,0,0,0,0,0,0,1,0,0,0,0,0,0,0,0,0,0,0,1,0,0,0,0,0,0,0,0,0,0,1,0,0,0,0,1,0",",,,,,,,,,,,,,1007,,,,,,,,,,1006,,,,,1007,,,,,,1008,,,,,1007,,,,,,,,,,808,,,1006,,,,1008,602,,,1007,,,,,,,,,,,,,,,1007,,,,,,,,,,,,,,,879,,,,,,,,,,,,708,,,,,,,,,,,531,,,,,1007,","1,1,1,1,1,0,0,1,1,1,0,1,1,2,2,0,1,1,0,2,1,2,0,2,1,1,2,1,2,0,0,2,0,0,1,0,1,2,1,2,1,0,2,0,2,0,1,0,2,1,0,2,1,0,1,1,2,2,1,2,1,2,1,2,1,1,2,2,2,0,1,0,1,0,1,2,2,0,1,2,0,1,0,2,1,1,2,0,2,0,2,1,1,2,1,0,0,2,2,0,0,0,2,0,2,2,2,0,0,2,2,0,2,2,0,0,0,0,0,0","true,true,true,true,true,true,true,true,true,true,true,true,true,true,false,true,true,true,true,false,true,false,true,true,true,true,false,true,true,true,true,false,true,true,false,true,true,false,true,true,true,true,false,true,false,true,true,true,false,false,true,false,false,true,true,true,true,true,true,false,false,false,true,false,true,true,false,false,false,true,true,true,true,true,true,true,false,true,true,false,true,true,true,false,true,true,false,true,false,true,true,true,true,false,true,true,true,false,false,true,true,true,true,true,false,false,false,true,true,false,false,true,false,true,true,true,true,true,false,true","1,5,3,4,6,0,1,7,2,0,2,24,26,24,26,3,18,35,4,18,31,35,5,31,15,27,15,29,27,6,7,29,8,9,37,10,28,37,20,28,10,11,20,12,10,13,23,14,23,17,15,17,21,16,11,33,11,21,36,33,13,36,12,13,32,22,32,12,22,17,38,18,16,19,14,38,16,20,8,14,21,9,22,8,25,34,9,23,25,24,34,30,19,30,39,25,26,19,39,27,28,29,3,30,6,1,4,31,32,5,0,33,2,7,34,35,36,37,38,39","0,1,2,3,4,5,6,7,8,9,10,11,12,13,14,15,16,17,18,19,20,21,22,23,24,25,26,27,28,29,30,31,32,33,34,35,36,37,38,39,40,41,42,43,44,45,46,47,48,49,50,51,52,53,54,55,56,57,58,59,60,61,62,63,64,65,66,67,68,69,70,71,72,73,74,75,76,77,78,79,80,81,82,83,84,85,86,87,88,89,90,91,92,93,94,95,96,97,98,99,100,101,102,103,104,105,106,107,108,109,110,111,112,113,114,115,116,117,118,119"
14,251,7,PRE_TEST,Î²en10,baseline,"0,0,0,0,0,0,0,0,0,0,0,1,0,0,0,0,0,1,1,1,0,0,0,0,1,0,0,1,1,0,0,0,0,0,0,0,1,1,1,1,0,0,0,1,0,0,1,1,1,0,0,0,0,0,1,1,0,0,0,1,0,0,0,1,1,0,0,0,0,0,1,0,0,1,0,0,1,0,0,0,0,0,0,0,0,0,0,1,1,1,1,1,0,1,1,0,0,0,1,1,0,0,1,0,0,1,1,0,0,1,1,1,0,1,0,0,0,0,0,0",",,,,,,,,,,,832,,,,,,899,833,841,,,,,1015,,,933,824,,,,,,,,724,758,908,857,,,,840,,,741,533,775,,,,,,874,815,,,,850,,,,849,816,,,,,,966,,,874,,,1000,,,,,,,,,,,866,600,857,983,891,,782,682,,,,816,566,,,949,,,816,891,,,850,858,799,,765,,,,,,","1,1,0,1,1,1,1,0,1,1,0,0,1,1,1,0,0,2,2,2,0,1,0,1,2,1,0,2,2,0,0,0,1,1,1,1,2,2,2,2,1,0,1,2,1,1,2,2,2,0,0,0,1,1,2,1,0,0,2,2,1,1,0,2,2,1,1,0,0,0,2,2,1,0,0,1,2,2,1,0,1,0,2,2,1,1,1,2,2,2,1,0,1,2,2,0,1,1,2,2,0,0,0,0,2,2,2,0,0,2,2,2,2,0,2,0,0,0,0,0","true,true,true,true,true,true,true,true,true,true,true,false,true,true,true,true,true,true,true,true,true,true,true,true,true,true,true,true,true,true,true,true,true,true,true,true,true,true,true,true,true,true,true,true,true,true,true,true,true,true,true,true,true,true,true,false,true,true,false,true,true,true,true,true,true,true,true,true,true,true,true,false,true,false,true,true,true,false,true,true,true,true,false,false,true,true,true,true,true,true,false,false,true,true,true,true,true,true,true,true,true,true,false,true,false,true,true,true,true,true,true,true,false,false,false,true,true,true,true,true","5,0,0,3,1,7,2,1,6,4,2,3,22,38,33,4,5,22,38,33,6,37,7,30,37,25,8,30,25,9,10,11,10,17,35,16,17,10,35,16,39,12,18,39,31,21,18,21,31,13,14,15,34,26,34,12,16,17,26,12,9,23,18,9,23,13,11,19,20,21,13,11,19,22,23,20,19,20,28,24,36,25,28,36,8,27,32,27,32,8,24,26,29,24,29,27,14,15,14,15,28,29,30,31,1,5,3,32,33,7,0,2,4,34,6,35,36,37,38,39","0,1,2,3,4,5,6,7,8,9,10,11,12,13,14,15,16,17,18,19,20,21,22,23,24,25,26,27,28,29,30,31,32,33,34,35,36,37,38,39,40,41,42,43,44,45,46,47,48,49,50,51,52,53,54,55,56,57,58,59,60,61,62,63,64,65,66,67,68,69,70,71,72,73,74,75,76,77,78,79,80,81,82,83,84,85,86,87,88,89,90,91,92,93,94,95,96,97,98,99,100,101,102,103,104,105,106,107,108,109,110,111,112,113,114,115,116,117,118,119"
15,251,7,POST_TEST,Î²en10,baseline,"0,0,0,0,0,0,0,0,0,0,0,0,1,0,0,1,0,0,0,1,0,0,0,1,1,1,1,0,1,0,0,1,1,0,0,0,0,1,0,1,1,1,0,0,0,0,0,1,1,0,1,0,0,0,1,0,0,1,1,0,0,0,0,0,0,1,1,1,1,0,0,0,1,0,1,0,0,1,0,0,1,0,0,1,0,0,1,0,0,0,0,1,0,1,1,0,0,0,0,1,0,0,1,0,0,0,1,1,0,1,0,0,1,1,1,0,0,0,0,0",",,,,,,,,,,,,800,,,800,,,,849,,,,812,758,949,750,,775,,,808,841,,,,,816,,932,848,1016,,,,,,774,874,,791,,,,649,,,883,916,,,,,,,733,732,765,990,,,,815,,716,,,749,,,915,,,849,,,965,,,,,833,,732,749,,,,,832,,,908,,,,766,759,,866,,,899,833,875,,,,,","1,1,1,0,1,0,1,0,1,1,1,1,0,0,0,2,0,1,0,2,1,1,1,2,2,2,1,1,2,0,1,2,2,1,0,1,0,2,1,2,2,0,0,0,1,1,1,2,2,0,2,1,0,1,2,0,1,2,2,0,1,1,1,1,0,2,2,2,2,1,1,0,2,0,2,1,1,2,1,0,2,1,0,2,0,0,2,0,1,1,1,2,1,2,2,0,2,0,1,0,2,0,2,0,2,0,2,2,0,0,0,2,2,2,2,0,0,0,0,0","true,true,true,true,true,true,true,true,true,true,true,true,false,true,true,true,true,true,true,true,true,true,true,true,true,true,false,true,true,true,true,true,true,true,true,true,true,true,true,true,true,false,true,true,true,true,true,true,true,true,true,true,true,true,true,true,true,true,true,true,true,true,true,true,true,true,true,true,true,true,true,true,true,true,true,true,true,true,true,true,true,true,true,true,true,true,true,true,true,true,true,true,true,true,true,true,false,true,true,false,false,true,true,true,false,true,true,true,true,false,true,false,true,true,true,true,true,true,true,true","2,7,4,0,5,1,6,2,1,0,3,38,3,4,5,38,6,16,7,16,13,15,37,13,15,37,24,18,24,8,35,18,35,10,9,30,10,10,28,30,28,11,12,13,19,25,17,19,17,14,25,27,15,23,27,16,31,23,31,17,34,8,11,39,18,34,8,11,39,26,29,19,26,20,29,21,33,21,12,21,33,20,22,12,23,24,20,25,32,36,14,32,9,14,36,26,9,27,22,28,22,29,7,30,4,31,2,5,32,33,34,6,0,3,1,35,36,37,38,39","0,1,2,3,4,5,6,7,8,9,10,11,12,13,14,15,16,17,18,19,20,21,22,23,24,25,26,27,28,29,30,31,32,33,34,35,36,37,38,39,40,41,42,43,44,45,46,47,48,49,50,51,52,53,54,55,56,57,58,59,60,61,62,63,64,65,66,67,68,69,70,71,72,73,74,75,76,77,78,79,80,81,82,83,84,85,86,87,88,89,90,91,92,93,94,95,96,97,98,99,100,101,102,103,104,105,106,107,108,109,110,111,112,113,114,115,116,117,118,119"
16,254,7,PRE_TEST,scostard,baseline,"0,0,0,0,0,0,0,0,0,0,0,0,0,0,1,0,0,0,0,1,0,0,0,0,0,1,1,0,1,1,1,0,0,1,0,0,0,1,0,1,1,0,1,1,0,1,0,0,0,0,0,1,1,1,1,0,0,1,1,1,0,0,1,0,0,1,1,0,0,0,0,0,0,1,0,0,0,1,0,0,0,1,0,0,0,0,0,0,1,1,0,0,0,1,1,1,0,1,0,0,0,1,0,0,0,0,0,1,1,0,0,0,1,0,0,1,0,0,0,1",",,,,,,,,,,,,,,882,,,,,783,,,,,,749,733,,799,846,981,,,881,,,,999,,764,783,,883,864,,816,,,,,,865,965,1015,1015,,,734,915,1016,,,800,,,967,749,,,,,,,1015,,,,1015,,,,682,,,,,,,813,972,,,,684,868,883,,764,,,,1018,,,,,,965,834,,,,849,,,782,,,,1013","1,1,1,1,0,0,1,1,1,0,1,1,0,0,2,0,1,0,0,2,0,1,1,0,1,2,2,0,0,2,0,1,1,2,0,1,0,2,1,2,0,1,2,2,1,0,0,2,1,1,1,2,2,1,2,0,0,1,2,2,1,1,2,1,0,2,2,1,1,2,0,0,0,2,1,0,0,2,1,1,1,2,2,1,0,2,0,1,2,1,1,2,1,2,2,2,1,1,2,0,2,2,0,0,0,0,0,2,2,2,2,2,2,0,0,0,0,0,0,2","true,true,true,true,true,true,true,true,true,true,true,true,true,true,true,true,true,true,true,true,true,true,true,true,true,true,true,true,false,true,false,true,true,true,true,true,true,true,true,true,false,true,true,true,true,false,true,false,true,true,true,true,true,false,true,true,true,false,true,true,true,true,true,true,true,true,true,true,true,false,true,true,true,true,true,true,true,true,true,true,true,true,false,true,true,false,true,true,true,false,true,false,true,true,true,true,true,false,false,true,false,true,true,true,true,true,true,true,true,false,false,false,true,true,true,false,true,true,true,true","6,0,2,3,0,1,1,4,7,2,5,39,3,4,39,5,24,6,7,24,8,11,20,9,23,20,11,10,11,23,12,29,18,29,13,25,14,18,9,25,15,35,9,35,30,16,17,30,34,27,37,27,34,13,37,18,19,10,13,10,38,33,38,31,20,33,31,19,36,19,21,22,23,36,21,24,25,21,14,22,28,14,22,8,26,28,27,15,8,12,32,15,16,12,16,32,17,26,17,28,6,26,29,30,31,32,33,0,4,3,7,2,1,34,35,36,37,38,39,5","0,1,2,3,4,5,6,7,8,9,10,11,12,13,14,15,16,17,18,19,20,21,22,23,24,25,26,27,28,29,30,31,32,33,34,35,36,37,38,39,40,41,42,43,44,45,46,47,48,49,50,51,52,53,54,55,56,57,58,59,60,61,62,63,64,65,66,67,68,69,70,71,72,73,74,75,76,77,78,79,80,81,82,83,84,85,86,87,88,89,90,91,92,93,94,95,96,97,98,99,100,101,102,103,104,105,106,107,108,109,110,111,112,113,114,115,116,117,118,119"
17,254,7,POST_TEST,scostard,baseline,"0,0,0,0,0,0,0,0,0,0,0,0,0,0,0,1,1,1,0,0,0,0,0,0,1,1,1,0,0,0,0,0,1,0,0,1,1,0,1,0,0,0,1,1,0,0,0,0,1,0,1,1,1,0,0,0,0,1,0,0,0,1,0,0,0,1,1,1,1,0,0,1,1,1,0,0,0,0,0,1,1,0,0,1,0,0,0,0,1,1,0,0,1,0,0,1,0,0,0,1,1,1,0,0,0,0,0,0,0,1,1,0,1,1,1,0,0,1,0,0",",,,,,,,,,,,,,,,901,752,767,,,,,,,1000,865,770,,,,,,967,,,784,968,,967,,,,1014,920,,,,,835,,716,868,984,,,,,937,,,,950,,,,850,817,884,850,,,1002,985,901,,,,,,1000,951,,,1001,,,,,1009,834,,,1001,,,800,,,,813,951,1001,,,,,,,,1003,1057,,850,1000,967,,,888,,","1,0,1,1,1,0,1,1,0,1,1,1,0,1,1,2,2,2,0,0,0,1,1,1,2,2,2,0,0,0,1,1,2,0,1,2,0,0,2,1,0,1,2,2,1,1,1,2,2,1,2,2,0,1,0,2,1,0,1,2,1,2,1,1,0,2,2,0,2,1,0,1,2,2,0,1,0,1,1,2,2,0,0,2,0,1,0,0,0,2,1,0,0,0,1,2,1,1,1,2,2,2,0,2,2,0,0,2,2,0,2,2,2,0,0,2,0,2,0,0","true,true,true,true,true,true,true,true,true,true,true,true,true,true,true,true,true,true,true,true,true,true,true,true,true,true,true,true,true,true,true,true,true,true,true,true,false,true,true,true,true,true,true,true,true,true,true,false,true,true,true,true,false,true,true,false,true,false,true,false,true,true,true,true,true,true,true,false,true,true,true,false,true,true,true,true,true,true,true,true,true,true,true,true,true,true,true,true,false,true,true,true,false,true,true,true,true,true,true,true,true,true,true,false,false,true,true,false,false,false,true,false,true,false,false,false,true,true,true,true","6,0,4,3,7,1,1,0,2,2,5,38,3,27,10,38,27,10,4,5,6,12,17,20,17,20,12,7,8,9,18,33,18,10,9,33,11,12,9,28,13,35,28,35,19,30,14,30,19,32,14,32,14,23,15,23,15,16,24,15,37,24,22,25,17,37,22,18,25,36,19,34,36,34,20,31,21,29,8,31,29,22,23,8,24,11,25,26,27,11,16,28,29,30,39,16,21,26,13,39,26,21,31,13,4,32,33,3,6,34,7,0,1,35,36,2,37,5,38,39","0,1,2,3,4,5,6,7,8,9,10,11,12,13,14,15,16,17,18,19,20,21,22,23,24,25,26,27,28,29,30,31,32,33,34,35,36,37,38,39,40,41,42,43,44,45,46,47,48,49,50,51,52,53,54,55,56,57,58,59,60,61,62,63,64,65,66,67,68,69,70,71,72,73,74,75,76,77,78,79,80,81,82,83,84,85,86,87,88,89,90,91,92,93,94,95,96,97,98,99,100,101,102,103,104,105,106,107,108,109,110,111,112,113,114,115,116,117,118,119"
18,257,7,PRE_TEST,mayol,baseline,"0,0,0,0,0,0,0,0,0,0,0,0,0,0,1,0,0,0,0,0,0,0,1,0,0,0,0,0,0,0,1,0,1,1,0,0,0,0,1,0,1,0,1,1,1,0,0,0,0,1,1,0,0,0,1,0,0,1,0,1,0,0,1,0,0,1,0,1,0,1,0,1,1,1,0,1,1,0,1,0,0,1,0,0,1,0,0,0,0,1,0,0,1,1,0,0,1,0,0,1,0,0,1,0,1,0,0,0,0,0,0,0,0,0,0,1,0,0,1,0",",,,,,,,,,,,,,,932,,,,,,,,932,,,,,,,,883,,816,816,,,,,816,,999,,916,766,866,,,,,916,997,,,,799,,,932,,1016,,,815,,,982,,965,,949,,766,983,899,,899,749,,916,,,949,,,965,,,,,749,,,750,999,,,949,,,933,,,849,,833,,,,,,,,,,,900,,,666,","1,0,1,0,1,1,0,1,1,1,1,0,1,0,2,1,0,0,0,1,2,1,2,0,2,0,1,1,1,0,0,2,2,2,0,0,1,1,1,2,2,1,2,2,0,0,1,0,1,2,2,0,0,1,1,1,1,2,2,2,1,2,2,1,0,2,1,0,1,2,0,2,1,1,1,0,2,2,2,1,1,0,0,0,2,2,0,1,1,2,0,1,2,2,1,1,2,1,0,2,2,2,0,2,0,0,2,2,0,2,2,0,0,0,0,0,2,2,0,0","true,true,true,true,true,true,true,true,true,true,true,true,true,true,true,true,true,true,true,true,false,true,true,true,false,true,true,true,true,true,false,false,true,true,true,true,true,true,false,false,true,true,true,true,false,true,true,true,true,true,true,true,true,true,false,true,true,true,false,true,true,false,true,true,true,true,true,false,true,true,true,true,false,false,true,false,true,false,true,true,true,false,true,true,true,false,true,true,true,true,true,true,true,true,true,true,true,true,true,true,false,false,false,false,false,true,false,false,true,false,false,true,true,true,true,false,false,false,false,true","2,0,7,1,5,0,2,4,3,6,1,3,19,4,19,22,5,6,7,21,22,20,21,8,20,9,23,15,17,10,11,23,15,17,12,13,37,39,28,37,39,12,28,12,14,15,34,16,9,34,9,17,18,18,36,11,8,36,18,11,14,8,14,35,19,35,31,20,13,31,21,13,26,38,10,22,26,38,10,30,24,23,24,25,30,24,26,29,16,29,27,25,16,25,32,27,32,33,28,27,2,33,29,7,30,31,5,4,32,0,3,33,34,35,36,37,1,6,38,39","0,1,2,3,4,5,6,7,8,9,10,11,12,13,14,15,16,17,18,19,20,21,22,23,24,25,26,27,28,29,30,31,32,33,34,35,36,37,38,39,40,41,42,43,44,45,46,47,48,49,50,51,52,53,54,55,56,57,58,59,60,61,62,63,64,65,66,67,68,69,70,71,72,73,74,75,76,77,78,79,80,81,82,83,84,85,86,87,88,89,90,91,92,93,94,95,96,97,98,99,100,101,102,103,104,105,106,107,108,109,110,111,112,113,114,115,116,117,118,119"
19,257,7,POST_TEST,mayol,baseline,"0,0,0,0,0,0,0,0,0,0,0,0,0,0,1,0,1,0,1,0,1,1,0,0,0,0,0,0,1,1,1,1,0,1,1,0,1,0,0,0,0,1,1,1,1,1,1,0,1,0,1,1,1,0,0,1,1,0,0,1,1,0,0,0,0,1,1,1,1,0,0,1,0,1,0,0,0,0,1,0,1,1,0,1,0,1,0,1,0,1,0,1,1,0,1,0,0,0,1,0,0,1,0,1,1,0,0,0,0,0,0,1,1,1,0,0,0,0,0,1",",,,,,,,,,,,,,,865,,765,,1016,,882,799,,,,,,,866,832,999,1015,,983,933,,966,,,,,1015,899,1016,816,1015,750,,998,,882,932,799,,,1015,1016,,,849,881,,,,,865,1016,849,900,,,982,,882,,,,,866,,866,966,,965,,999,,1015,,1017,,899,833,,916,,,,1015,,,816,,1015,1016,,,,,,,749,683,932,,,,,,899","0,0,1,1,1,1,1,1,1,1,0,0,1,1,2,1,2,0,0,1,2,2,1,0,0,1,1,2,1,2,2,0,1,2,2,0,0,1,1,2,1,2,1,0,0,2,2,0,0,1,1,0,2,2,1,0,0,1,2,2,0,0,1,1,0,0,2,2,0,1,1,2,0,2,1,0,1,1,2,0,2,2,1,0,1,2,1,2,0,1,2,0,2,0,1,1,1,1,2,2,2,2,0,2,0,0,0,2,2,2,2,0,2,2,2,0,0,0,0,0","true,true,true,true,true,true,true,true,true,true,true,true,true,true,true,true,true,true,false,true,true,true,true,true,true,true,true,false,false,true,true,false,true,true,true,true,false,true,true,false,true,true,false,false,false,true,true,true,false,true,false,false,true,false,true,false,false,true,false,true,false,true,true,true,true,false,true,true,false,true,true,true,true,true,true,true,true,true,true,true,true,true,true,false,true,true,true,true,true,false,false,false,true,true,false,true,true,true,true,false,false,true,true,true,false,true,true,false,false,false,false,false,true,true,false,true,true,true,true,false","0,1,3,0,7,4,2,1,5,6,2,3,37,35,37,8,35,4,5,16,8,16,27,6,7,38,34,27,12,34,38,8,11,12,11,9,10,32,22,32,36,22,13,11,12,36,13,13,14,29,26,15,26,29,24,16,17,9,24,9,18,19,19,18,20,21,19,18,22,10,30,10,23,30,31,24,39,15,31,25,15,39,25,26,17,25,33,17,27,28,33,28,28,29,21,14,23,20,23,21,14,20,30,3,31,32,33,0,7,4,1,34,6,2,5,35,36,37,38,39","0,1,2,3,4,5,6,7,8,9,10,11,12,13,14,15,16,17,18,19,20,21,22,23,24,25,26,27,28,29,30,31,32,33,34,35,36,37,38,39,40,41,42,43,44,45,46,47,48,49,50,51,52,53,54,55,56,57,58,59,60,61,62,63,64,65,66,67,68,69,70,71,72,73,74,75,76,77,78,79,80,81,82,83,84,85,86,87,88,89,90,91,92,93,94,95,96,97,98,99,100,101,102,103,104,105,106,107,108,109,110,111,112,113,114,115,116,117,118,119"
20,260,7,PRE_TEST,elogaugi,baseline,"0,0,0,0,0,1,0,0,0,0,0,0,0,0,0,1,0,0,0,1,0,0,1,1,0,1,0,0,0,0,0,1,1,0,0,1,1,0,1,0,0,0,0,0,0,0,0,0,1,1,0,0,0,0,0,1,0,1,0,1,0,0,0,1,1,0,1,1,1,0,0,0,1,1,1,0,1,0,0,1,0,0,0,1,1,1,0,1,1,0,0,0,1,0,1,1,0,1,0,0,1,0,0,1,0,0,0,0,0,0,0,0,0,0,0,0,0,0,1,0",",,,,,866,,,,,,,,,,783,,,,717,,,766,1000,,883,,,,,,1000,967,,,1000,900,,649,,,,,,,,,,983,867,,,,,,833,,816,,1016,,,,950,1020,,950,933,983,,,,866,1016,1001,,917,,,833,,,,816,966,966,,949,1000,,,,750,,1000,966,,750,,,916,,,934,,,,,,,,,,,,,,,666,","1,1,1,0,1,0,1,1,0,1,1,0,1,0,0,2,0,1,1,2,1,1,2,0,0,2,2,0,0,1,0,1,2,1,1,2,2,0,2,0,1,0,0,2,1,0,0,1,2,2,0,1,1,0,2,1,0,2,0,2,1,1,2,2,0,1,0,2,1,1,1,0,2,1,2,2,2,1,0,2,1,1,1,0,2,2,1,2,2,0,1,1,2,1,2,0,1,2,1,0,2,2,2,2,0,2,2,2,2,0,2,0,0,2,0,0,0,0,0,0","true,true,true,true,true,false,true,true,true,true,true,true,true,true,true,true,true,true,true,true,true,true,true,false,true,true,false,true,true,true,true,false,true,true,true,true,true,true,true,true,true,true,true,false,true,true,true,true,true,true,true,true,true,true,false,false,true,true,true,true,true,true,false,true,false,true,false,true,false,true,true,true,true,false,true,false,true,true,true,true,true,true,true,false,true,true,true,true,true,true,true,true,true,true,true,false,true,true,true,true,true,false,false,true,true,false,false,false,false,true,false,true,true,false,true,true,true,true,false,true","7,1,0,0,5,1,2,3,2,6,4,3,18,4,5,18,6,38,31,38,23,8,31,7,8,23,8,9,10,37,11,12,37,24,16,12,24,12,16,13,10,14,15,10,28,16,17,29,28,29,18,17,32,19,17,22,20,32,21,22,19,20,19,20,22,27,23,27,39,9,25,24,39,13,9,25,13,14,25,14,21,34,15,26,34,21,33,15,33,27,26,11,26,36,11,28,35,36,30,29,35,1,7,30,30,5,0,3,2,31,4,32,33,6,34,35,36,37,38,39","0,1,2,3,4,5,6,7,8,9,10,11,12,13,14,15,16,17,18,19,20,21,22,23,24,25,26,27,28,29,30,31,32,33,34,35,36,37,38,39,40,41,42,43,44,45,46,47,48,49,50,51,52,53,54,55,56,57,58,59,60,61,62,63,64,65,66,67,68,69,70,71,72,73,74,75,76,77,78,79,80,81,82,83,84,85,86,87,88,89,90,91,92,93,94,95,96,97,98,99,100,101,102,103,104,105,106,107,108,109,110,111,112,113,114,115,116,117,118,119"
21,260,7,POST_TEST,elogaugi,baseline,"0,0,0,0,0,0,0,0,0,0,0,0,0,0,1,0,0,0,1,1,0,1,0,1,0,0,0,1,1,1,0,0,0,0,0,0,0,0,0,0,0,0,0,1,0,0,0,1,1,0,1,0,0,0,1,1,1,0,1,0,1,1,0,1,0,1,1,0,0,1,0,1,1,1,0,0,0,0,1,0,0,1,1,1,0,0,0,1,0,1,0,1,0,1,0,0,0,1,1,1,1,0,0,0,1,1,0,1,1,0,0,0,0,1,0,0,0,0,1,0",",,,,,,,,,,,,,,900,,,,867,650,,900,,716,,,,816,784,1000,,,,,,,,,,,,,,767,,,,816,767,,800,,,,766,867,651,,816,,833,857,,933,,800,783,,,900,,883,1000,1000,,,,,783,,,967,666,700,,,,716,,884,,867,,783,,,,867,792,683,899,,,,833,833,,733,833,,,,,867,,,,,867,","1,1,1,0,1,1,0,0,1,1,1,0,0,0,0,1,1,1,2,2,1,2,1,2,0,1,1,2,2,2,0,0,1,1,0,0,2,1,2,0,0,0,2,1,1,0,2,2,1,1,2,0,1,1,2,2,1,1,2,0,2,2,1,0,1,2,2,1,1,1,0,2,2,2,0,0,1,1,2,0,1,2,2,0,0,1,1,2,0,1,2,2,1,0,1,0,1,2,2,2,0,0,0,0,2,2,0,2,2,0,2,0,0,2,0,0,0,0,2,2","true,true,true,true,true,true,true,true,true,true,true,true,true,true,false,true,true,true,true,true,true,true,true,true,true,true,true,true,true,true,true,true,true,true,true,true,false,true,false,true,true,true,false,false,true,true,false,true,false,true,true,true,true,true,true,true,false,true,true,true,true,true,true,false,true,true,true,true,true,false,true,true,true,true,true,true,true,true,true,true,true,true,true,false,true,true,true,true,true,false,false,true,true,false,true,true,true,true,true,true,false,true,true,true,true,true,true,true,true,true,false,true,true,true,true,true,true,true,true,false","7,2,6,0,3,4,1,2,1,0,5,3,4,5,6,38,13,10,38,10,16,13,12,16,7,8,26,12,26,8,8,9,31,30,10,11,31,32,30,12,13,14,32,18,21,15,18,21,29,27,29,16,28,15,27,28,35,19,15,17,35,19,14,18,25,14,25,33,37,9,19,37,33,9,20,21,24,34,24,22,36,34,36,23,24,20,23,20,25,39,23,39,11,26,17,27,22,11,17,22,28,29,30,31,7,6,32,2,4,33,3,34,35,1,36,37,38,39,0,5","0,1,2,3,4,5,6,7,8,9,10,11,12,13,14,15,16,17,18,19,20,21,22,23,24,25,26,27,28,29,30,31,32,33,34,35,36,37,38,39,40,41,42,43,44,45,46,47,48,49,50,51,52,53,54,55,56,57,58,59,60,61,62,63,64,65,66,67,68,69,70,71,72,73,74,75,76,77,78,79,80,81,82,83,84,85,86,87,88,89,90,91,92,93,94,95,96,97,98,99,100,101,102,103,104,105,106,107,108,109,110,111,112,113,114,115,116,117,118,119"
22,261,7,PRE_TEST,audrey-baeyens,zpdes,"0,0,0,0,0,0,0,0,0,0,0,0,0,0,1,0,1,1,0,0,0,0,0,1,0,1,1,0,0,0,0,1,1,0,0,1,1,0,0,1,0,0,0,0,1,1,1,0,0,0,0,0,1,1,1,0,0,1,0,0,1,0,0,0,1,0,0,1,0,1,0,1,0,0,1,0,0,1,0,1,0,0,1,1,0,1,0,0,0,0,1,0,0,0,0,0,0,1,0,0,0,0,0,1,1,1,1,1,0,0,0,0,1,0,0,0,0,1,1,0",",,,,,,,,,,,,,,767,,800,817,,,,,,1001,,1001,701,,,,,784,951,,,1001,900,,,967,,,,,901,733,767,,,,,,834,817,817,,,834,,,817,,,,1000,,,750,,817,,984,,,884,,,817,,867,,,917,801,,867,,,,,783,,,,,,,834,,,,,,817,950,817,968,850,,,,,817,,,,,734,701,","0,1,1,1,1,1,0,0,1,1,1,0,1,0,1,0,2,2,0,1,1,1,1,2,0,2,2,2,1,1,0,2,2,1,1,2,2,0,0,0,1,1,1,0,2,2,2,1,1,0,0,1,2,2,2,1,1,2,0,0,2,0,1,1,2,0,1,2,1,2,1,2,0,1,2,0,0,2,1,0,1,1,2,2,1,2,0,0,1,2,2,0,0,0,0,1,1,2,1,2,2,0,0,2,2,2,2,2,0,0,2,0,2,0,0,0,0,2,0,0","true,true,true,true,true,true,true,true,true,true,true,true,true,true,false,true,true,true,true,true,true,true,true,true,true,true,true,false,true,true,true,true,true,true,true,true,true,true,true,false,true,true,true,true,true,true,true,true,true,true,true,true,true,true,true,true,true,true,true,true,true,true,true,true,true,true,true,true,true,true,true,true,true,true,true,true,true,true,true,false,true,true,true,true,true,true,true,true,true,false,true,true,true,true,true,true,true,true,true,false,false,true,true,true,true,true,true,true,true,true,false,true,true,true,true,true,true,true,false,true","0,7,6,0,5,3,1,2,1,2,4,3,25,4,13,5,25,13,6,22,8,35,29,22,7,8,35,29,16,36,8,16,36,34,24,34,24,9,10,11,31,18,27,12,31,27,18,39,15,13,14,32,39,15,32,21,19,21,15,16,19,17,30,14,30,18,20,14,23,20,12,23,19,11,12,20,21,11,33,22,26,28,33,28,10,26,23,24,37,10,37,25,26,27,28,38,17,38,9,17,9,29,30,6,0,5,3,7,31,32,1,33,4,34,35,36,37,2,38,39","0,1,2,3,4,5,6,7,8,9,10,11,12,13,14,15,16,17,18,19,20,21,22,23,24,25,26,27,28,29,30,31,32,33,34,35,36,37,38,39,40,41,42,43,44,45,46,47,48,49,50,51,52,53,54,55,56,57,58,59,60,61,62,63,64,65,66,67,68,69,70,71,72,73,74,75,76,77,78,79,80,81,82,83,84,85,86,87,88,89,90,91,92,93,94,95,96,97,98,99,100,101,102,103,104,105,106,107,108,109,110,111,112,113,114,115,116,117,118,119"
23,261,7,POST_TEST,audrey-baeyens,zpdes,"0,0,0,0,0,0,0,0,0,0,0,0,0,0,0,1,1,0,0,0,0,1,0,0,1,0,1,0,0,1,1,0,0,0,0,0,1,1,0,0,0,0,0,1,0,0,0,0,1,0,1,0,0,0,1,1,1,0,0,0,0,0,0,0,1,1,0,0,0,0,0,1,1,0,0,0,1,0,0,1,1,1,0,0,0,0,0,0,1,0,1,0,0,1,1,0,0,0,1,0,1,1,1,0,0,0,0,0,0,0,0,0,1,1,1,1,1,1,0,0",",,,,,,,,,,,,,,,667,984,,,,,684,,,800,,784,,,633,800,,,,,,767,583,,,,,,867,,,,,984,,650,,,,734,666,650,,,,,,,,700,934,,,,,,701,717,,,,700,,,751,666,667,,,,,,,817,,767,,,750,750,,,,1001,,767,734,867,,,,,,,,,,751,783,717,611,901,884,,","0,1,0,0,1,1,1,1,1,1,1,1,0,1,0,2,2,1,0,0,0,2,1,1,2,0,2,1,1,2,2,0,0,0,1,1,2,2,1,0,0,0,0,2,1,0,0,1,2,1,2,1,1,0,2,2,2,0,0,1,0,0,1,1,2,2,2,0,1,1,0,2,2,1,1,1,2,1,1,2,2,2,2,0,1,0,1,0,2,1,2,0,1,2,2,1,1,1,2,0,2,2,2,0,0,0,2,2,0,0,0,0,2,2,2,2,0,2,0,0","true,true,true,true,true,true,true,true,true,true,true,true,true,true,true,true,true,true,true,true,true,true,true,true,true,true,true,true,true,true,true,true,true,true,true,true,true,true,true,true,true,true,true,true,true,true,true,true,true,true,true,true,true,true,true,true,true,true,true,true,true,true,true,true,true,true,false,true,true,true,true,true,true,true,true,true,true,true,true,true,true,true,false,true,true,true,true,true,true,true,true,true,true,true,true,true,true,true,true,true,true,true,true,true,true,true,false,false,true,true,true,true,true,true,true,true,false,true,true,true","0,2,1,2,0,1,4,6,5,7,3,13,3,16,4,16,13,18,5,6,7,18,30,28,30,8,28,26,11,26,11,9,10,11,25,24,25,24,37,12,13,14,15,37,17,16,17,14,17,35,14,19,32,18,35,32,19,19,20,9,21,22,31,20,9,31,20,23,36,27,24,27,36,15,33,8,15,12,23,33,8,12,23,25,21,26,38,27,21,10,38,28,22,10,22,29,34,39,29,29,39,34,2,30,31,32,0,6,33,34,35,36,4,7,1,3,37,5,38,39","0,1,2,3,4,5,6,7,8,9,10,11,12,13,14,15,16,17,18,19,20,21,22,23,24,25,26,27,28,29,30,31,32,33,34,35,36,37,38,39,40,41,42,43,44,45,46,47,48,49,50,51,52,53,54,55,56,57,58,59,60,61,62,63,64,65,66,67,68,69,70,71,72,73,74,75,76,77,78,79,80,81,82,83,84,85,86,87,88,89,90,91,92,93,94,95,96,97,98,99,100,101,102,103,104,105,106,107,108,109,110,111,112,113,114,115,116,117,118,119"
24,263,7,PRE_TEST,clara,baseline,"0,0,0,0,0,0,0,0,0,0,0,0,0,0,0,1,1,0,1,1,0,0,0,0,1,0,0,1,0,1,1,0,0,1,0,0,0,0,0,1,0,1,1,0,0,0,1,0,0,0,1,1,0,1,0,0,0,1,0,1,0,0,1,0,0,0,0,0,1,1,1,0,0,0,1,0,0,1,1,0,0,0,0,1,0,0,0,0,0,1,0,0,0,0,1,0,0,0,1,1,1,1,0,0,0,0,0,1,1,0,1,0,0,0,1,0,1,0,0,0",",,,,,,,,,,,,,,,1000,916,,949,1000,,,,,1000,,,983,,699,982,,,1000,,,,,,1000,,817,850,,,,801,,,,950,783,,833,,,,884,,1000,,,834,,,,,,816,818,716,,,,716,,,732,933,,,,,1000,,,,,,1017,,,,,900,,,,717,783,717,832,,,,,,916,783,,733,,,,750,,967,,,","0,0,1,0,1,1,1,1,1,1,1,0,1,1,1,2,2,1,2,2,0,1,1,2,1,0,1,2,2,2,0,0,0,1,0,1,2,0,1,2,1,0,2,1,2,1,2,0,0,1,2,2,1,0,0,1,1,2,2,0,1,2,2,1,1,1,1,2,2,2,2,0,0,0,1,1,0,2,1,2,0,0,0,2,1,0,2,1,1,2,0,1,2,0,2,1,0,0,1,2,0,2,0,0,2,0,0,2,0,2,2,2,2,0,2,0,2,0,0,0","true,true,true,true,true,true,true,true,true,true,true,true,true,true,true,true,true,true,true,true,true,true,true,false,false,true,true,true,false,true,false,true,true,false,true,true,false,true,true,true,true,false,true,true,false,true,true,true,true,true,true,true,true,false,true,true,true,true,false,false,true,false,true,true,true,true,true,false,true,true,true,true,true,true,false,true,true,true,false,false,true,true,true,true,true,true,false,true,true,true,true,true,false,true,true,true,true,true,false,true,false,true,true,true,false,true,true,true,false,false,true,false,false,true,true,true,true,true,true,true","0,1,5,2,6,7,3,0,4,2,1,3,38,12,21,38,12,34,21,34,4,24,8,24,10,5,11,8,11,10,6,7,8,39,9,16,39,10,14,16,28,11,14,27,28,17,27,12,13,25,17,25,15,14,15,22,9,15,22,16,23,9,23,19,20,33,13,33,19,20,13,17,18,19,26,37,20,26,32,37,21,22,23,32,35,24,35,29,30,29,25,36,30,26,36,18,27,28,31,18,29,31,30,31,6,32,33,7,34,5,1,0,3,35,4,36,2,37,38,39","0,1,2,3,4,5,6,7,8,9,10,11,12,13,14,15,16,17,18,19,20,21,22,23,24,25,26,27,28,29,30,31,32,33,34,35,36,37,38,39,40,41,42,43,44,45,46,47,48,49,50,51,52,53,54,55,56,57,58,59,60,61,62,63,64,65,66,67,68,69,70,71,72,73,74,75,76,77,78,79,80,81,82,83,84,85,86,87,88,89,90,91,92,93,94,95,96,97,98,99,100,101,102,103,104,105,106,107,108,109,110,111,112,113,114,115,116,117,118,119"
25,263,7,POST_TEST,clara,baseline,"0,0,0,0,0,1,1,0,0,0,0,0,0,1,0,1,0,1,1,0,0,0,0,0,0,0,0,0,0,0,0,0,1,0,0,0,0,0,0,0,1,0,0,0,1,0,0,0,0,0,0,0,0,0,1,0,0,1,0,0,0,0,0,0,0,0,0,1,0,0,1,0,1,0,1,0,0,0,0,0,0,1,0,0,0,0,1,0,1,0,1,0,0,1,1,0,1,0,0,0,0,0,0,1,1,1,0,1,1,0,1,0,1,0,1,0,1,0,0,1",",,,,,833,983,,,,,,,832,,950,,1000,1016,,,,,,,,,,,,,,899,,,,,,,,732,,,,750,,,,,,,,,,816,,,667,,,,,,,,,,632,,,900,,683,,849,,,,,,,800,,,,,1000,,767,,1000,,,750,867,,766,,,,,,,832,733,899,,1016,1000,,683,,733,,1000,,751,,,733","0,1,1,1,1,0,1,1,1,0,1,1,1,2,1,2,1,2,2,0,1,1,0,0,2,2,0,0,1,1,2,1,2,2,0,1,1,0,0,2,2,1,1,0,2,1,2,2,0,1,1,1,1,2,2,2,1,2,2,0,0,1,1,0,1,2,2,2,1,0,0,1,2,0,2,1,0,0,1,2,0,0,1,2,0,0,2,1,1,1,2,0,0,2,2,1,0,2,1,0,0,0,2,2,0,2,0,0,2,2,2,2,0,0,2,0,0,0,2,0","true,true,true,true,true,false,false,true,true,true,true,true,true,true,true,true,true,true,true,true,true,true,true,true,false,false,true,true,true,true,false,true,true,false,true,true,true,true,true,false,true,true,true,true,true,true,false,false,true,true,true,true,true,false,true,false,true,true,false,true,true,true,true,true,true,false,false,true,true,true,false,true,true,true,true,true,true,true,true,false,true,false,true,false,true,true,true,true,false,true,true,true,true,true,true,true,false,false,true,true,true,true,false,true,false,true,true,false,true,false,true,false,false,true,true,true,false,true,false,false","0,1,7,2,0,1,3,6,4,2,5,23,31,23,13,31,35,13,35,3,24,21,4,5,21,24,6,7,36,32,36,22,32,22,8,12,27,9,10,12,27,38,9,11,9,28,38,28,12,34,37,15,26,37,34,15,30,26,30,13,14,19,11,15,18,19,11,18,8,16,17,29,8,18,29,20,19,20,14,20,21,22,10,14,23,24,10,17,39,16,17,25,26,39,16,33,27,33,25,28,29,30,1,25,31,7,32,33,2,4,0,6,34,35,3,36,37,38,5,39","0,1,2,3,4,5,6,7,8,9,10,11,12,13,14,15,16,17,18,19,20,21,22,23,24,25,26,27,28,29,30,31,32,33,34,35,36,37,38,39,40,41,42,43,44,45,46,47,48,49,50,51,52,53,54,55,56,57,58,59,60,61,62,63,64,65,66,67,68,69,70,71,72,73,74,75,76,77,78,79,80,81,82,83,84,85,86,87,88,89,90,91,92,93,94,95,96,97,98,99,100,101,102,103,104,105,106,107,108,109,110,111,112,113,114,115,116,117,118,119"
26,265,7,PRE_TEST,mangdoline,zpdes,"0,0,0,0,0,0,0,0,0,0,0,0,0,0,0,0,1,0,0,1,1,0,0,1,0,0,0,1,0,1,1,0,1,0,0,0,0,0,0,0,1,0,0,1,0,0,0,1,0,0,0,0,0,0,0,0,1,0,0,0,0,0,0,0,1,0,1,0,0,1,0,0,0,1,1,0,1,0,1,0,0,0,0,0,1,0,0,0,1,1,0,1,0,0,0,0,1,0,0,1,0,0,0,0,0,0,0,0,0,0,0,0,0,0,0,0,0,0,0,0",",,,,,,,,,,,,,,,,1000,,,933,1000,,,768,,,,833,,1003,951,,972,,,,,,,,934,,,1002,,,,816,,,,,,,,,1001,,,,,,,,1015,,817,,,900,,,,934,1002,,1032,,982,,,,,,866,,,,965,1001,,741,,,,,1001,,,1001,,,,,,,,,,,,,,,,,,,,","0,1,1,1,0,0,1,1,1,1,1,0,1,0,0,1,2,1,1,2,2,0,1,2,0,1,1,2,1,2,2,0,2,0,1,0,2,1,1,0,2,1,0,2,2,1,0,2,0,0,0,1,0,1,2,1,2,0,0,1,2,0,1,1,2,1,2,2,0,2,1,0,1,2,2,0,1,0,2,1,1,2,0,2,0,1,1,1,2,2,0,2,0,1,1,1,2,1,2,2,2,0,0,0,2,2,0,0,2,2,2,2,0,2,0,2,0,0,0,0","true,true,true,true,true,true,true,true,true,true,true,true,true,true,true,true,true,true,true,true,true,true,true,true,true,true,true,true,true,true,true,true,true,true,true,true,false,true,true,true,true,true,true,true,false,true,true,true,true,true,true,true,true,true,false,true,true,true,true,true,false,true,true,true,true,true,true,false,true,true,true,true,true,true,true,true,false,true,true,true,true,false,true,false,false,true,true,true,true,true,true,true,true,true,true,true,true,true,false,true,false,true,true,true,false,false,true,true,false,false,false,false,true,false,true,false,true,true,true,true","0,7,1,0,1,2,2,6,3,5,4,3,16,4,5,38,16,11,34,11,38,6,25,34,7,37,30,25,31,37,30,8,31,9,19,10,19,18,33,11,18,8,12,33,8,20,13,20,14,15,16,9,17,27,9,29,27,18,19,12,29,20,36,23,12,28,23,36,21,28,22,22,15,22,15,23,39,24,39,17,35,17,25,35,26,32,26,14,26,32,27,14,28,21,13,10,21,24,13,24,10,29,30,31,7,0,32,33,1,5,3,6,34,2,35,4,36,37,38,39","0,1,2,3,4,5,6,7,8,9,10,11,12,13,14,15,16,17,18,19,20,21,22,23,24,25,26,27,28,29,30,31,32,33,34,35,36,37,38,39,40,41,42,43,44,45,46,47,48,49,50,51,52,53,54,55,56,57,58,59,60,61,62,63,64,65,66,67,68,69,70,71,72,73,74,75,76,77,78,79,80,81,82,83,84,85,86,87,88,89,90,91,92,93,94,95,96,97,98,99,100,101,102,103,104,105,106,107,108,109,110,111,112,113,114,115,116,117,118,119"
27,265,7,POST_TEST,mangdoline,zpdes,"0,0,0,0,0,0,0,0,0,0,0,0,0,1,0,1,0,0,0,1,1,0,0,0,0,1,0,0,0,1,0,1,0,0,1,0,1,0,0,1,0,0,0,0,0,0,1,0,0,0,0,0,0,0,1,1,0,0,0,0,1,1,0,0,0,0,0,1,0,0,1,0,0,0,0,0,1,0,1,1,0,0,0,0,0,0,0,0,0,0,0,1,0,0,1,0,0,0,0,0,1,0,0,0,0,1,0,0,0,0,0,1,0,0,0,0,0,0,0,0",",,,,,,,,,,,,,883,,1000,,,,999,1016,,,,,899,,,,999,,900,,,1016,,1015,,,1016,,,,,,,915,,,,,,,,782,899,,,,,948,1000,,,,,,899,,,900,,,,,,982,,966,982,,,,,,,,,,,,883,,,1000,,,,,,1002,,,,,983,,,,,,982,,,,,,,,","1,1,1,1,1,1,1,0,0,1,0,1,0,2,0,1,1,0,0,2,2,1,0,0,1,2,1,1,2,2,0,2,1,1,2,0,0,0,2,1,0,0,0,0,2,0,0,1,1,1,2,1,0,2,2,2,0,0,1,1,2,2,0,0,1,1,1,2,1,2,2,0,2,1,1,1,2,1,2,2,2,1,1,0,2,0,0,2,1,1,2,2,1,0,2,1,1,0,1,2,2,2,0,2,0,2,2,0,2,2,2,0,0,2,2,0,0,0,0,0","true,true,true,true,true,true,true,true,true,true,true,true,true,true,true,false,true,true,true,true,true,true,true,true,true,true,true,true,false,true,true,true,true,true,true,true,false,true,false,false,true,true,true,true,false,true,false,true,true,true,false,true,true,false,true,true,true,true,true,true,true,true,true,true,true,true,true,true,true,false,true,true,false,true,true,true,true,true,true,true,false,true,true,true,false,true,true,false,true,true,false,true,true,true,true,true,true,true,true,false,true,false,true,false,true,true,false,true,false,false,false,false,true,false,false,true,true,true,true,true","0,2,4,6,1,7,5,0,1,3,2,25,3,25,4,26,17,5,6,26,17,31,7,8,24,31,16,18,24,16,9,18,21,22,21,10,11,12,22,32,13,14,15,16,32,17,18,33,10,39,33,28,19,10,39,28,20,21,12,14,12,14,22,23,8,19,30,19,11,8,30,24,11,38,27,37,38,20,37,27,20,23,35,25,23,26,27,35,13,36,13,36,29,28,29,15,9,29,34,9,15,34,30,0,31,6,4,32,1,7,2,33,34,3,5,35,36,37,38,39","0,1,2,3,4,5,6,7,8,9,10,11,12,13,14,15,16,17,18,19,20,21,22,23,24,25,26,27,28,29,30,31,32,33,34,35,36,37,38,39,40,41,42,43,44,45,46,47,48,49,50,51,52,53,54,55,56,57,58,59,60,61,62,63,64,65,66,67,68,69,70,71,72,73,74,75,76,77,78,79,80,81,82,83,84,85,86,87,88,89,90,91,92,93,94,95,96,97,98,99,100,101,102,103,104,105,106,107,108,109,110,111,112,113,114,115,116,117,118,119"
28,267,7,PRE_TEST,nakarab,baseline,"0,0,0,0,0,0,0,0,0,0,0,0,0,1,1,0,0,0,1,0,0,1,0,1,0,1,0,0,0,0,0,0,0,0,1,1,1,1,0,0,0,0,0,0,0,0,1,0,1,0,0,0,1,0,0,1,0,1,0,0,1,1,0,0,1,0,0,1,0,0,0,1,0,0,0,0,0,0,0,0,0,1,0,0,0,0,0,0,1,1,0,0,1,0,0,0,1,0,0,0,0,1,1,0,0,1,1,0,0,1,1,1,0,0,1,1,0,1,0,1",",,,,,,,,,,,,,1000,834,,,,867,,,933,,1000,,1001,,,,,,,,,1000,833,983,998,,,,,,,,,867,,966,,,,866,,,916,,917,,,1001,1001,,,918,,,1000,,,,1000,,,,,,,,,,899,,,,,,,999,850,,,883,,,,999,,,,,932,916,,,950,765,,,932,865,865,,,1000,832,,932,,834","1,0,1,1,0,1,1,1,1,1,0,1,1,2,2,1,1,0,2,1,0,2,1,2,0,2,1,0,0,2,1,0,0,1,0,2,2,0,0,0,0,1,1,1,2,2,0,0,2,0,1,1,2,1,0,2,1,2,1,0,2,2,1,1,2,1,1,2,2,0,0,2,1,0,0,0,2,1,1,0,0,2,2,1,1,0,1,2,2,2,1,1,0,2,1,2,2,1,1,0,0,2,2,0,2,2,2,0,0,2,2,2,0,2,0,0,0,0,2,0","true,true,true,true,true,true,true,true,true,true,true,true,true,true,true,true,true,true,true,true,true,true,true,true,true,true,true,true,true,false,true,true,true,true,false,true,true,false,true,true,true,true,true,true,false,false,false,true,true,true,true,true,true,true,true,true,true,true,true,true,true,true,true,true,true,true,true,true,false,true,true,true,true,true,true,true,false,true,true,true,true,true,false,true,true,true,true,false,true,true,true,true,false,false,true,false,true,true,true,true,true,true,true,true,false,true,true,true,true,true,true,true,true,false,false,false,true,false,false,false","1,0,3,5,1,6,0,7,2,4,2,23,17,23,17,18,21,3,18,31,4,21,30,31,5,30,29,6,7,29,25,8,9,13,10,25,13,11,12,13,14,35,14,32,35,14,15,16,32,17,36,9,36,20,18,9,22,20,19,19,19,22,24,16,24,12,33,12,16,20,21,33,34,22,23,24,34,8,11,25,26,8,11,10,39,27,26,10,26,39,28,37,28,28,38,37,38,27,15,29,30,15,27,31,5,3,1,32,33,7,6,2,34,0,35,36,37,38,4,39","0,1,2,3,4,5,6,7,8,9,10,11,12,13,14,15,16,17,18,19,20,21,22,23,24,25,26,27,28,29,30,31,32,33,34,35,36,37,38,39,40,41,42,43,44,45,46,47,48,49,50,51,52,53,54,55,56,57,58,59,60,61,62,63,64,65,66,67,68,69,70,71,72,73,74,75,76,77,78,79,80,81,82,83,84,85,86,87,88,89,90,91,92,93,94,95,96,97,98,99,100,101,102,103,104,105,106,107,108,109,110,111,112,113,114,115,116,117,118,119"
29,267,7,POST_TEST,nakarab,baseline,"0,0,0,0,0,0,0,0,0,0,0,0,0,0,1,0,1,0,0,0,1,0,0,0,0,0,1,0,1,0,0,0,0,0,0,0,0,0,1,0,1,0,0,0,0,0,0,0,0,0,1,1,1,0,0,0,0,1,1,0,0,0,0,0,1,0,0,0,1,1,0,0,0,0,1,0,0,1,0,1,1,0,0,0,0,1,0,1,0,0,1,1,0,0,0,0,1,1,0,0,0,1,0,0,1,0,0,1,0,0,0,1,0,1,0,0,1,0,0,0",",,,,,,,,,,,,,,933,,983,,,,967,,,,,,891,,1000,,,,,,,,,,950,,948,,,,,,,,,,935,1012,1000,,,,,978,851,,,,,,915,,,,1016,1000,,,,,962,,,1000,,949,1011,,,,,850,,816,,,949,850,,,,,1016,817,,,,842,,,883,,,933,,,,882,,1000,,,951,,,","0,1,1,1,0,1,0,1,1,1,1,0,1,0,2,0,0,1,0,1,2,1,0,2,1,0,2,0,2,0,1,1,0,2,2,0,1,1,2,0,2,0,0,0,0,0,1,1,1,0,2,2,2,0,1,1,1,2,2,2,0,0,1,1,2,1,1,0,2,2,2,1,0,1,2,1,1,2,1,2,2,2,1,0,1,2,1,2,1,1,2,2,1,1,2,0,2,2,1,0,0,2,2,2,0,0,0,2,0,2,2,0,0,2,0,2,2,0,0,0","true,true,true,true,true,true,true,true,true,true,true,true,true,true,true,true,false,true,true,true,true,true,true,false,true,true,true,true,true,true,true,true,true,false,false,true,true,true,true,true,true,true,true,true,true,true,true,true,true,true,true,true,true,true,true,true,true,true,true,false,true,true,true,true,true,true,true,true,true,true,false,true,true,true,true,true,true,true,true,true,true,false,true,true,true,true,true,true,true,true,true,true,true,true,false,true,true,true,true,true,true,true,false,false,false,true,true,true,true,false,false,false,true,true,true,false,true,true,true,true","0,4,1,5,1,7,2,3,6,2,0,3,26,4,26,5,6,25,7,34,25,19,8,34,28,9,19,10,28,11,37,12,12,12,37,13,22,18,22,14,18,15,16,17,18,19,14,24,20,20,14,24,20,21,38,32,33,32,33,38,22,23,16,23,16,17,9,24,23,9,17,21,25,35,21,29,36,35,30,29,30,36,27,26,15,27,8,15,39,31,39,8,11,13,31,27,13,11,10,28,29,10,1,5,30,31,32,7,33,2,4,34,35,6,36,3,0,37,38,39","0,1,2,3,4,5,6,7,8,9,10,11,12,13,14,15,16,17,18,19,20,21,22,23,24,25,26,27,28,29,30,31,32,33,34,35,36,37,38,39,40,41,42,43,44,45,46,47,48,49,50,51,52,53,54,55,56,57,58,59,60,61,62,63,64,65,66,67,68,69,70,71,72,73,74,75,76,77,78,79,80,81,82,83,84,85,86,87,88,89,90,91,92,93,94,95,96,97,98,99,100,101,102,103,104,105,106,107,108,109,110,111,112,113,114,115,116,117,118,119"
30,268,7,PRE_TEST,tilaborde,zpdes,"0,0,0,0,0,0,0,0,0,0,0,0,0,0,0,0,1,1,0,0,0,1,0,1,0,1,0,0,0,0,1,1,0,0,1,1,0,0,0,0,0,1,1,0,1,0,0,1,0,1,0,1,1,1,0,0,0,0,1,1,0,1,0,0,0,1,0,0,0,0,1,1,1,0,0,0,0,0,1,1,0,0,1,1,1,0,0,0,0,0,1,1,0,1,0,1,0,0,0,0,0,1,1,0,0,0,1,1,0,1,1,1,1,1,0,0,1,0,1,1",",,,,,,,,,,,,,,,,1000,783,,,,817,,767,,817,,,,,717,800,,,734,750,,,,,,817,650,,933,,,767,,917,,867,750,965,,,,,733,750,,900,,,,700,,,,,750,800,817,,,,,,966,966,,,850,1000,934,,,,,,800,834,,967,,867,,,,,,750,851,,,,700,783,,900,800,800,967,984,,,883,,784,800","1,0,1,1,1,1,0,1,1,1,0,0,1,1,1,2,2,2,1,0,1,2,1,2,0,2,1,1,0,0,2,2,1,1,2,2,0,0,1,1,1,2,2,1,2,1,1,2,0,2,1,2,2,0,1,0,1,1,2,2,0,2,0,1,0,2,1,1,1,0,2,2,2,0,1,0,0,1,0,2,0,1,2,0,2,1,0,0,1,0,2,2,0,1,0,2,1,0,1,0,0,2,2,0,2,0,2,2,2,2,0,2,2,0,0,0,2,0,0,0","true,true,true,true,true,true,true,true,true,true,true,true,true,true,true,false,true,true,true,true,true,true,true,true,true,true,true,true,true,true,true,true,true,true,true,true,true,true,true,true,true,true,true,true,true,true,true,true,true,true,true,true,true,false,true,true,true,true,true,true,true,true,true,true,true,true,true,true,true,true,true,true,true,true,true,true,true,true,false,true,true,true,true,false,true,true,true,true,true,true,true,true,true,false,true,true,true,true,true,true,true,true,true,true,false,true,true,true,false,true,false,true,true,false,true,true,true,true,false,false","2,0,3,6,4,7,1,0,5,1,2,3,32,35,22,32,22,35,18,4,19,18,25,19,5,25,12,20,6,7,20,12,23,38,23,38,8,9,33,10,28,33,28,14,10,27,29,14,10,27,36,29,36,11,31,12,15,17,15,31,13,17,14,16,15,16,8,13,30,16,8,13,30,17,37,18,19,9,20,37,21,11,9,22,11,39,23,24,26,25,39,26,26,21,27,21,24,28,34,29,30,24,34,31,2,32,6,3,0,4,33,7,5,34,35,36,1,37,38,39","0,1,2,3,4,5,6,7,8,9,10,11,12,13,14,15,16,17,18,19,20,21,22,23,24,25,26,27,28,29,30,31,32,33,34,35,36,37,38,39,40,41,42,43,44,45,46,47,48,49,50,51,52,53,54,55,56,57,58,59,60,61,62,63,64,65,66,67,68,69,70,71,72,73,74,75,76,77,78,79,80,81,82,83,84,85,86,87,88,89,90,91,92,93,94,95,96,97,98,99,100,101,102,103,104,105,106,107,108,109,110,111,112,113,114,115,116,117,118,119"
31,268,7,POST_TEST,tilaborde,zpdes,"0,0,0,0,0,0,0,0,0,0,0,0,0,1,0,0,0,1,0,1,0,1,0,1,0,1,0,0,0,0,0,1,1,0,0,1,0,0,0,1,0,0,0,0,1,1,1,0,0,0,0,0,1,1,1,0,0,1,0,0,1,0,1,1,0,0,0,1,1,1,0,0,1,0,1,0,0,1,1,0,0,0,1,0,1,0,0,0,0,1,0,1,0,1,0,0,0,1,1,0,0,0,1,0,1,1,1,1,0,1,1,1,0,1,0,0,0,0,1,0",",,,,,,,,,,,,,867,,,,849,,833,,966,,950,,867,,,,,,850,816,,,967,,,,766,,,,,983,917,733,,,,,,767,817,950,,,900,,,965,,800,949,,,,967,767,750,,,867,,816,,,867,934,,,,900,,900,,,,,799,,867,,867,,,,801,816,,,,933,,850,717,798,983,,750,1000,934,,767,,,,,834,","1,0,1,1,1,1,1,1,0,1,0,1,0,2,1,1,1,2,0,2,1,2,1,2,0,2,0,1,0,1,1,2,2,0,0,2,0,1,0,2,1,0,1,1,2,2,2,1,0,1,0,1,2,2,2,1,1,2,1,1,2,0,2,2,1,1,0,1,2,2,0,1,2,0,2,1,0,2,1,0,0,1,2,0,2,1,0,1,1,2,0,2,0,2,0,1,1,2,2,0,0,2,0,0,2,2,2,2,0,2,0,2,0,2,0,0,0,0,0,0","true,true,true,true,true,true,true,true,true,true,true,true,true,true,true,true,true,true,true,true,true,true,true,true,true,true,true,true,true,true,true,true,true,true,true,true,true,true,true,true,true,true,true,true,true,true,true,true,true,true,true,true,true,true,true,true,true,true,true,true,true,true,true,true,true,true,true,false,true,true,true,true,true,true,true,true,true,true,false,true,true,true,true,true,true,true,true,true,true,true,true,true,true,true,true,true,true,true,true,true,true,false,false,true,true,true,true,true,true,true,false,true,true,true,true,true,true,true,false,true","7,0,5,3,0,2,1,6,1,4,2,14,3,14,36,23,39,23,4,36,10,39,16,10,5,16,6,25,7,20,11,25,20,8,9,11,10,24,11,24,37,12,19,31,19,37,31,30,13,8,14,18,30,8,18,32,28,32,21,38,28,15,38,21,29,13,16,26,29,13,17,17,26,18,17,9,19,9,22,20,21,15,22,22,15,27,23,34,33,27,24,34,25,33,26,12,35,12,35,27,28,7,29,30,3,5,2,0,31,4,32,1,33,6,34,35,36,37,38,39","0,1,2,3,4,5,6,7,8,9,10,11,12,13,14,15,16,17,18,19,20,21,22,23,24,25,26,27,28,29,30,31,32,33,34,35,36,37,38,39,40,41,42,43,44,45,46,47,48,49,50,51,52,53,54,55,56,57,58,59,60,61,62,63,64,65,66,67,68,69,70,71,72,73,74,75,76,77,78,79,80,81,82,83,84,85,86,87,88,89,90,91,92,93,94,95,96,97,98,99,100,101,102,103,104,105,106,107,108,109,110,111,112,113,114,115,116,117,118,119"
32,270,7,PRE_TEST,bqueran,zpdes,"0,0,0,0,0,0,0,0,0,0,0,0,0,0,0,1,0,0,0,0,0,0,0,0,0,1,1,0,0,0,0,0,1,1,0,0,1,1,0,1,0,0,0,1,1,1,0,1,1,0,1,0,1,0,1,0,0,0,0,1,1,0,1,1,0,0,1,0,1,0,0,0,0,1,1,0,0,1,1,0,0,0,0,0,1,1,0,0,0,1,0,1,1,0,0,1,1,0,0,0,0,0,1,0,0,1,0,0,0,1,1,1,0,0,1,0,0,0,1,0",",,,,,,,,,,,,,,,900,,,,,,,,,,967,950,,,,,,800,783,,,783,833,,1000,,,,900,716,1000,,799,1000,,933,,833,,899,,,,,1000,849,,983,883,,,849,,1016,,,,,750,1000,,,833,717,,,,,,967,1000,,,,800,,916,1016,,,916,783,,,,,,850,,,1000,,,,817,1000,900,,,966,,,,816,","1,1,1,0,1,1,0,1,1,1,0,0,0,1,0,2,1,0,0,0,2,1,1,1,2,2,2,1,0,1,0,0,2,2,1,1,2,2,1,0,0,1,1,2,2,1,0,2,0,1,2,1,2,0,2,1,0,1,1,2,2,1,2,0,0,1,2,1,2,1,0,2,0,2,0,1,1,2,2,0,1,0,1,0,2,2,1,1,1,2,1,2,2,0,1,2,2,0,1,0,0,2,2,0,2,2,0,2,2,0,2,0,0,0,2,0,2,0,0,0","true,true,true,true,true,true,true,true,true,true,true,true,true,true,true,true,true,true,true,true,false,true,true,true,false,true,true,true,true,true,true,true,true,true,true,true,true,true,true,false,true,true,true,true,true,false,true,true,false,true,true,true,true,true,true,true,true,true,true,true,true,true,true,false,true,true,true,true,true,true,true,false,true,true,false,true,true,true,true,true,true,true,true,true,true,true,true,true,true,true,true,true,true,true,true,true,true,true,true,true,true,false,true,true,false,true,true,false,false,false,true,false,true,true,true,true,false,true,false,true","0,1,7,0,4,2,1,3,5,6,2,3,4,27,5,27,19,6,7,8,19,18,28,25,28,25,18,35,9,37,10,11,35,37,21,26,21,26,8,12,13,14,38,8,14,16,14,38,15,31,16,23,31,16,23,39,17,32,10,39,32,12,10,18,19,17,12,20,17,15,20,20,21,15,22,34,22,34,22,23,36,24,24,25,36,24,30,33,13,30,11,13,33,26,9,11,9,27,29,28,29,0,29,30,7,1,31,3,4,32,5,33,34,35,2,36,6,37,38,39","0,1,2,3,4,5,6,7,8,9,10,11,12,13,14,15,16,17,18,19,20,21,22,23,24,25,26,27,28,29,30,31,32,33,34,35,36,37,38,39,40,41,42,43,44,45,46,47,48,49,50,51,52,53,54,55,56,57,58,59,60,61,62,63,64,65,66,67,68,69,70,71,72,73,74,75,76,77,78,79,80,81,82,83,84,85,86,87,88,89,90,91,92,93,94,95,96,97,98,99,100,101,102,103,104,105,106,107,108,109,110,111,112,113,114,115,116,117,118,119"
33,270,7,POST_TEST,bqueran,zpdes,"0,0,0,0,0,0,0,0,0,0,0,0,0,0,0,0,0,0,1,0,0,1,0,0,0,1,1,1,0,0,0,1,0,0,0,0,0,1,1,0,0,1,1,0,1,0,0,1,0,0,0,0,0,0,0,1,0,1,0,1,1,0,0,0,0,0,1,0,0,1,0,1,0,0,1,0,1,0,1,1,1,0,0,1,0,0,0,0,1,0,1,0,1,0,1,0,0,0,0,1,1,0,0,0,0,0,1,0,1,1,0,1,0,1,0,1,0,0,0,0",",,,,,,,,,,,,,,,,,,1000,,,833,,,,883,866,900,,,,900,,,,,,900,883,,,899,867,,916,,,1016,,,,,,,,1000,,1000,,867,900,,,,,,799,,,1000,,966,,,867,,1000,,999,949,883,,,816,,,,,983,,800,,1016,,916,,,,,833,883,,,,,,1000,,816,966,,933,,966,,750,,,,","1,1,1,0,0,0,1,1,1,1,1,0,0,1,1,0,0,1,2,2,1,2,1,0,1,2,2,2,0,1,0,2,0,1,0,1,1,2,0,0,2,2,1,1,2,0,0,2,1,0,2,1,1,0,2,2,1,1,1,2,2,0,0,2,1,1,2,0,0,2,1,1,0,1,2,1,2,1,2,2,2,1,0,2,0,0,1,1,2,1,2,1,2,0,2,0,1,0,1,2,2,0,0,0,0,0,0,2,2,2,2,2,0,2,0,2,0,0,2,0","true,true,true,true,true,true,true,true,true,true,true,true,true,true,true,true,true,true,true,false,true,true,true,true,true,true,true,true,true,true,true,true,true,true,true,true,true,true,false,true,false,true,false,true,true,true,true,true,true,true,false,true,true,true,false,true,true,false,true,true,true,true,true,false,true,true,true,true,true,true,true,false,true,true,true,true,true,true,true,true,true,true,true,true,true,true,true,true,true,true,true,true,true,true,true,true,true,true,true,true,true,true,true,true,true,true,false,false,true,true,false,true,true,true,true,true,true,true,false,true","0,2,3,0,1,2,6,5,1,4,7,3,4,26,28,5,6,35,26,28,30,35,37,7,23,30,37,23,8,9,9,9,10,20,11,18,10,20,12,13,18,10,12,13,12,14,15,13,33,16,33,22,32,17,32,22,25,39,8,25,39,18,19,8,34,15,34,20,21,15,21,36,22,27,21,24,36,19,27,24,19,31,23,31,24,25,16,14,16,11,14,38,11,26,38,27,29,28,17,29,17,29,30,31,32,33,34,2,3,0,7,1,35,6,36,5,37,38,4,39","0,1,2,3,4,5,6,7,8,9,10,11,12,13,14,15,16,17,18,19,20,21,22,23,24,25,26,27,28,29,30,31,32,33,34,35,36,37,38,39,40,41,42,43,44,45,46,47,48,49,50,51,52,53,54,55,56,57,58,59,60,61,62,63,64,65,66,67,68,69,70,71,72,73,74,75,76,77,78,79,80,81,82,83,84,85,86,87,88,89,90,91,92,93,94,95,96,97,98,99,100,101,102,103,104,105,106,107,108,109,110,111,112,113,114,115,116,117,118,119"
34,272,7,PRE_TEST,Salome.boa,baseline,"0,0,0,0,0,0,0,0,0,0,0,0,0,0,0,0,1,1,1,0,1,1,0,0,0,0,1,0,0,0,0,0,0,0,0,0,0,0,0,0,0,0,1,1,0,0,0,0,1,0,0,0,1,1,0,0,0,0,1,0,0,0,0,1,0,1,0,0,1,0,1,0,1,1,0,1,0,0,1,1,0,1,1,0,0,0,0,0,0,1,1,0,0,0,1,0,1,1,0,0,0,1,0,0,0,0,0,0,0,1,1,1,0,1,0,0,0,1,0,0",",,,,,,,,,,,,,,,,883,783,666,,1000,1001,,,,,967,,,,,,,,,,,,,,,,833,1000,,,,,1016,,,,816,783,,,,,1000,,,,,766,,866,,,883,,933,,983,1016,,900,,,883,900,,966,866,,,,,,,967,867,,,,1000,,766,816,,,,817,,,,,,,,883,917,834,,1016,,,,883,,","1,1,1,1,1,0,0,0,1,1,1,1,0,1,1,1,2,2,2,1,2,2,0,0,1,1,2,0,2,0,0,0,1,1,1,2,0,2,2,1,0,0,2,1,0,1,0,2,2,1,1,0,2,2,1,0,0,0,2,0,1,1,0,2,1,2,1,0,2,1,2,1,2,2,1,0,1,1,2,2,2,0,0,1,1,0,2,1,0,2,2,1,1,1,0,2,2,1,2,2,0,0,2,0,0,2,0,0,2,0,2,2,2,0,2,0,0,0,0,2","true,true,true,true,true,true,true,true,true,true,true,true,true,true,true,true,true,true,true,true,true,true,true,true,true,true,true,true,false,true,true,true,true,true,true,false,true,false,false,true,true,true,true,false,true,true,true,false,true,true,true,true,true,true,true,true,true,true,true,true,true,true,true,true,true,true,true,true,true,true,true,true,true,true,true,false,true,true,true,true,false,false,false,true,true,true,false,true,true,true,true,true,true,true,false,false,true,false,false,false,true,false,false,true,true,false,true,true,false,false,true,true,false,false,false,true,true,false,true,false","5,1,0,4,3,0,1,2,6,2,7,27,3,14,15,33,27,15,14,26,33,26,4,5,17,16,17,6,16,7,8,9,29,35,23,35,10,29,23,22,11,12,22,12,13,8,14,8,12,32,39,15,39,32,13,16,17,18,13,19,11,19,20,19,38,11,20,21,38,34,20,21,34,21,24,22,30,9,24,30,9,23,24,25,37,25,25,28,26,37,28,36,18,31,27,36,18,10,31,10,28,29,1,30,31,5,32,33,3,34,2,0,4,35,6,36,37,38,39,7","0,1,2,3,4,5,6,7,8,9,10,11,12,13,14,15,16,17,18,19,20,21,22,23,24,25,26,27,28,29,30,31,32,33,34,35,36,37,38,39,40,41,42,43,44,45,46,47,48,49,50,51,52,53,54,55,56,57,58,59,60,61,62,63,64,65,66,67,68,69,70,71,72,73,74,75,76,77,78,79,80,81,82,83,84,85,86,87,88,89,90,91,92,93,94,95,96,97,98,99,100,101,102,103,104,105,106,107,108,109,110,111,112,113,114,115,116,117,118,119"
35,272,7,POST_TEST,Salome.boa,baseline,"0,0,0,0,0,0,0,0,0,0,0,0,0,0,0,0,0,0,0,0,0,0,0,0,0,0,0,1,1,0,0,1,0,1,1,0,0,0,1,0,0,1,1,1,0,1,0,1,0,1,0,0,0,0,0,1,0,1,0,0,1,0,1,0,0,1,0,0,0,1,1,1,1,1,0,1,0,1,1,0,1,0,1,1,1,0,0,1,1,0,0,0,1,0,1,1,0,1,1,0,1,1,0,0,1,1,0,0,0,0,0,0,1,0,1,1,0,0,0,1",",,,,,,,,,,,,,,,,,,,,,,,,,,,950,917,,,750,,1016,949,,,,883,,,1016,766,649,,950,,799,,700,,,,,,850,,783,,,949,,833,,,916,,,,1016,766,1017,1000,867,,717,,783,817,,800,,816,933,933,,,849,950,,,,783,,850,1000,,867,949,,667,999,,,1016,833,,,,,,,1016,,783,666,,,,899","0,0,1,0,1,1,1,1,1,1,1,0,0,0,1,1,0,2,2,1,1,2,2,1,1,0,0,2,2,1,1,2,1,2,2,1,1,0,2,2,0,1,0,0,1,2,1,1,0,2,2,2,1,0,1,1,2,2,2,1,0,1,0,2,1,0,2,1,2,0,0,2,1,1,0,2,1,2,2,1,1,1,2,1,2,2,0,0,2,0,1,0,1,0,0,2,2,0,1,0,0,2,0,0,0,0,2,0,0,2,2,2,0,2,0,0,2,2,2,0","true,true,true,true,true,true,true,true,true,true,true,true,true,true,true,true,true,false,false,true,true,false,false,true,true,true,true,true,true,true,true,true,true,true,true,true,true,true,true,false,true,false,false,false,true,true,true,false,true,true,false,false,true,true,true,false,false,true,false,true,false,true,false,false,true,false,false,true,false,false,false,true,false,false,true,true,true,true,true,true,false,true,true,false,true,false,true,false,true,true,true,true,false,true,false,true,false,false,false,true,false,true,true,true,false,false,false,true,true,false,false,false,false,false,false,false,false,false,false,false","0,1,0,2,2,7,1,6,3,4,5,3,4,5,9,32,6,32,9,17,39,17,39,24,37,7,8,37,24,27,28,27,33,28,33,38,19,9,38,19,10,13,11,12,14,13,25,26,13,14,26,25,16,14,23,18,23,16,18,29,15,31,16,29,22,17,31,34,22,18,19,34,11,10,20,10,8,11,8,20,21,15,20,36,21,15,21,22,36,23,12,24,35,25,26,12,35,27,30,28,29,30,30,31,32,33,0,34,35,1,2,7,36,3,37,38,6,4,5,39","0,1,2,3,4,5,6,7,8,9,10,11,12,13,14,15,16,17,18,19,20,21,22,23,24,25,26,27,28,29,30,31,32,33,34,35,36,37,38,39,40,41,42,43,44,45,46,47,48,49,50,51,52,53,54,55,56,57,58,59,60,61,62,63,64,65,66,67,68,69,70,71,72,73,74,75,76,77,78,79,80,81,82,83,84,85,86,87,88,89,90,91,92,93,94,95,96,97,98,99,100,101,102,103,104,105,106,107,108,109,110,111,112,113,114,115,116,117,118,119"
36,274,7,PRE_TEST,c,baseline,"0,0,0,0,0,0,0,0,0,0,0,0,0,0,0,1,0,0,1,0,0,0,0,1,0,0,0,1,0,1,1,1,1,0,0,0,0,0,1,0,1,1,1,0,0,0,1,1,1,1,1,0,1,1,0,1,0,0,1,0,1,1,0,1,0,0,0,1,1,1,0,1,1,1,1,0,0,0,1,1,1,0,0,1,1,0,0,0,1,1,1,0,0,1,0,1,0,0,1,1,0,1,0,1,1,1,0,0,1,1,1,0,1,0,1,0,0,0,0,0",",,,,,,,,,,,,,,,666,,,833,,,,,933,,,,1016,,699,816,783,933,,,,,,733,,816,782,883,,,,766,867,833,933,782,,899,1016,,932,,,600,,783,783,,734,,,,699,783,683,,583,699,849,1000,,,,749,949,850,,,783,783,,,,783,716,766,,,1000,,716,,,883,784,,666,,766,833,666,,,599,999,616,,966,,716,,,,,","1,1,1,1,0,1,1,1,0,0,1,1,1,1,2,0,2,0,2,0,0,1,1,2,0,2,1,0,2,0,0,0,0,0,1,1,1,2,1,2,2,2,0,1,1,1,2,2,0,0,2,1,1,2,0,1,0,2,0,2,1,0,2,1,1,1,2,2,2,1,1,2,0,0,2,1,1,1,0,2,2,1,2,2,1,1,0,0,2,2,0,1,0,1,1,2,0,1,2,2,2,0,2,2,0,0,2,2,2,0,2,0,0,2,2,0,0,0,0,0","true,true,true,true,true,true,true,true,true,true,true,true,true,true,false,false,false,true,true,true,true,true,true,true,true,false,true,false,false,false,false,false,false,true,true,true,true,false,false,false,true,true,false,true,true,true,true,true,false,false,true,true,false,true,true,false,true,false,false,false,false,false,false,false,true,true,false,true,true,false,true,true,false,false,true,true,true,true,false,true,true,true,false,true,false,true,true,true,true,true,false,true,true,false,true,true,true,true,true,true,false,false,false,true,false,false,false,false,true,false,true,true,false,false,true,true,true,true,true,true","0,2,1,5,0,4,7,6,1,2,3,28,19,34,28,3,19,4,34,5,6,20,12,20,7,12,23,8,23,9,10,11,12,13,38,8,36,38,24,36,8,24,14,32,16,15,16,32,15,16,15,11,21,11,17,39,18,21,19,39,9,20,9,10,33,30,10,30,33,26,35,26,21,22,35,17,29,18,23,29,17,14,18,14,13,27,24,25,13,27,26,22,27,25,37,22,28,31,25,37,31,29,1,2,30,31,5,0,7,32,3,33,34,4,6,35,36,37,38,39","0,1,2,3,4,5,6,7,8,9,10,11,12,13,14,15,16,17,18,19,20,21,22,23,24,25,26,27,28,29,30,31,32,33,34,35,36,37,38,39,40,41,42,43,44,45,46,47,48,49,50,51,52,53,54,55,56,57,58,59,60,61,62,63,64,65,66,67,68,69,70,71,72,73,74,75,76,77,78,79,80,81,82,83,84,85,86,87,88,89,90,91,92,93,94,95,96,97,98,99,100,101,102,103,104,105,106,107,108,109,110,111,112,113,114,115,116,117,118,119"
37,274,7,POST_TEST,c,baseline,"0,0,0,0,0,0,1,0,0,0,0,0,0,0,0,0,0,0,0,1,0,0,1,0,0,1,0,0,1,1,0,0,1,0,1,1,0,1,1,0,1,0,0,0,1,0,1,1,0,0,1,0,1,0,1,0,0,1,1,1,0,1,0,1,1,1,1,1,0,1,0,1,0,0,0,0,1,1,0,1,1,1,1,1,1,0,0,1,1,0,1,1,1,1,1,1,1,0,1,0,0,0,0,0,0,1,1,1,1,0,0,1,1,0,0,0,1,0,1,1",",,,,,,900,,,,,,,,,,,,,800,,,849,,,749,,,850,850,,,783,,816,766,,916,783,,966,,,,783,,783,949,,,716,,783,,783,,,816,900,916,,749,,783,783,650,483,616,,749,,899,,,,,700,899,,450,683,850,916,717,950,,,699,766,,567,616,566,866,683,749,833,,883,,,,,,,649,900,683,799,,,799,783,,,,700,,733,800","1,1,0,1,1,1,0,0,1,1,1,0,1,0,2,1,1,0,2,2,1,1,2,1,0,2,1,0,2,2,0,0,0,1,1,2,1,2,0,1,0,2,2,0,0,0,0,1,0,1,2,1,0,2,2,1,0,1,0,1,2,2,2,0,0,0,1,1,0,0,2,2,1,0,2,1,1,0,2,1,2,2,1,0,1,1,1,2,2,2,2,1,1,2,0,1,1,2,1,2,2,2,2,0,2,0,0,0,0,0,2,2,2,0,2,2,2,0,0,0","true,true,true,true,true,true,false,true,true,true,true,true,true,true,false,true,true,true,false,true,true,true,true,true,true,true,true,true,true,true,true,true,false,true,false,true,true,true,false,true,false,false,false,true,false,true,false,false,true,true,true,true,false,false,true,true,true,false,false,false,false,true,false,false,false,false,false,false,true,false,false,true,true,true,false,true,false,false,false,false,true,true,false,false,false,true,true,true,true,false,true,false,false,true,false,false,false,false,false,false,false,false,false,true,false,false,false,false,false,true,false,true,true,true,false,false,true,true,false,false","6,1,0,5,2,0,1,2,7,4,3,3,32,4,32,38,25,5,38,25,15,36,15,20,6,36,29,7,20,29,8,9,10,14,31,14,23,31,11,34,12,23,34,13,14,15,16,28,17,24,28,11,18,11,24,9,19,12,20,17,9,17,12,21,22,23,22,13,24,25,22,13,16,26,16,35,27,27,35,37,27,37,8,28,21,33,19,8,21,33,19,10,26,10,29,30,39,26,18,39,30,1,18,30,6,31,32,33,34,35,5,2,0,36,7,4,3,37,38,39","0,1,2,3,4,5,6,7,8,9,10,11,12,13,14,15,16,17,18,19,20,21,22,23,24,25,26,27,28,29,30,31,32,33,34,35,36,37,38,39,40,41,42,43,44,45,46,47,48,49,50,51,52,53,54,55,56,57,58,59,60,61,62,63,64,65,66,67,68,69,70,71,72,73,74,75,76,77,78,79,80,81,82,83,84,85,86,87,88,89,90,91,92,93,94,95,96,97,98,99,100,101,102,103,104,105,106,107,108,109,110,111,112,113,114,115,116,117,118,119"
38,277,7,PRE_TEST,Susanne,zpdes,"0,0,0,0,0,0,0,0,0,0,0,0,0,0,0,0,0,0,0,0,1,1,0,0,0,0,0,0,1,1,0,0,1,1,1,1,1,1,0,1,1,1,0,1,1,1,1,0,0,0,0,0,0,1,0,0,1,0,0,1,1,0,0,0,1,0,0,1,1,0,0,1,0,0,0,1,1,1,0,0,0,0,1,1,1,0,0,0,1,0,0,1,1,0,1,1,0,0,0,0,0,1,1,0,1,0,0,0,1,0,0,0,0,0,0,0,0,0,1,0",",,,,,,,,,,,,,,,,,,,,1015,799,,,,,,,882,849,,,866,1014,899,799,782,1009,,1016,949,767,,782,783,817,748,,,,,,,848,,,883,,,865,882,,,,1015,,,800,848,,,966,,,,899,916,1016,,,,,915,865,1015,,,,915,,,983,816,,982,912,,,,,,932,816,,1016,,,,833,,,,,,,,,,1015,","0,1,1,1,0,1,1,1,0,1,1,0,0,0,0,1,0,1,0,1,2,2,2,0,1,1,0,1,2,2,1,1,2,0,2,1,2,2,1,1,1,2,0,2,1,2,2,0,1,1,0,0,2,2,0,1,1,0,0,2,2,0,0,0,0,1,1,2,2,1,0,2,1,1,1,2,2,2,1,0,1,0,2,2,0,1,0,1,2,1,1,2,2,1,2,2,0,1,1,0,0,2,2,0,2,0,0,0,2,2,0,0,2,2,2,0,0,2,2,0","true,true,true,true,true,true,true,true,true,true,true,true,true,true,true,true,true,true,true,true,true,true,false,true,true,true,true,true,true,true,true,true,true,false,true,false,true,true,true,false,false,true,true,true,false,true,true,true,true,true,true,true,false,true,true,true,false,true,true,true,true,true,true,true,false,true,true,true,true,true,true,true,true,true,true,true,true,true,true,true,true,true,true,true,false,true,true,true,true,true,true,true,true,true,true,true,true,true,true,true,true,true,true,true,true,true,true,true,true,false,true,true,false,false,false,true,true,false,true,true","0,4,1,6,1,0,3,2,2,5,7,3,4,5,6,29,7,11,8,28,29,11,28,9,39,24,10,15,39,24,22,10,15,11,22,30,10,30,38,37,31,37,12,38,21,31,21,13,17,18,14,15,18,17,16,23,12,17,18,23,12,19,20,21,22,16,13,16,13,27,23,27,19,34,36,19,34,36,8,24,20,25,20,8,26,33,27,26,33,35,32,26,35,9,32,9,28,25,14,29,30,14,25,31,6,32,33,34,4,1,35,36,2,3,0,37,38,7,5,39","0,1,2,3,4,5,6,7,8,9,10,11,12,13,14,15,16,17,18,19,20,21,22,23,24,25,26,27,28,29,30,31,32,33,34,35,36,37,38,39,40,41,42,43,44,45,46,47,48,49,50,51,52,53,54,55,56,57,58,59,60,61,62,63,64,65,66,67,68,69,70,71,72,73,74,75,76,77,78,79,80,81,82,83,84,85,86,87,88,89,90,91,92,93,94,95,96,97,98,99,100,101,102,103,104,105,106,107,108,109,110,111,112,113,114,115,116,117,118,119"
39,277,7,POST_TEST,Susanne,zpdes,"0,0,0,0,0,0,0,0,0,0,0,0,0,0,0,0,0,0,1,1,0,0,1,1,0,1,0,0,1,1,0,0,0,1,0,0,0,1,0,0,1,1,1,0,0,1,0,0,0,0,0,1,1,0,0,1,0,1,0,0,1,1,1,0,0,0,0,1,1,0,0,1,1,0,0,1,0,0,0,1,1,0,0,0,0,1,1,0,1,0,1,0,0,0,0,0,0,1,1,0,1,0,0,0,1,1,0,0,0,0,0,0,0,0,0,1,0,0,1,0",",,,,,,,,,,,,,,,,,,799,801,,,833,799,,799,,,882,1014,,,,798,,,,849,,,965,799,1015,,,833,,,,,,849,1017,,,917,,932,,,782,869,833,,,,,799,815,,,748,882,,,916,,,,882,865,,,,,883,931,,897,,850,,,,,,,865,867,,864,,,,818,1015,,,,,,,,,,1001,,,851,","1,1,0,1,1,1,0,1,1,1,0,0,0,0,1,1,0,1,2,2,1,1,2,2,1,2,0,0,2,1,1,0,0,2,0,2,1,1,0,1,2,2,2,1,0,2,0,0,1,1,1,2,2,0,1,2,1,2,1,1,2,2,2,0,1,1,1,2,2,0,1,2,2,1,0,2,1,0,0,0,2,0,1,1,1,2,2,1,2,0,2,0,0,0,1,1,1,2,2,0,2,0,2,0,2,2,0,0,0,2,2,0,0,0,2,2,0,2,0,0","true,true,true,true,true,true,true,true,true,true,true,true,true,true,true,true,true,true,true,true,true,true,true,true,true,true,true,true,true,false,true,true,true,true,true,false,true,false,true,true,true,true,true,true,true,true,true,true,true,true,true,true,true,true,true,true,true,true,true,true,true,true,true,true,true,true,true,true,true,true,true,true,true,true,true,true,true,true,true,false,true,true,true,true,true,true,true,true,true,true,true,true,true,true,true,true,true,true,true,true,true,true,false,true,true,true,true,true,true,false,false,true,true,true,false,true,true,false,false,true","6,7,0,4,3,0,1,5,2,1,2,3,4,5,20,28,6,27,28,20,11,39,27,39,10,11,7,8,10,36,22,9,10,36,11,22,24,12,12,33,24,12,33,19,13,19,14,15,18,38,29,38,18,16,31,29,14,31,9,13,14,13,9,17,34,21,16,34,21,18,32,16,32,35,19,35,23,20,21,22,23,23,37,17,30,37,30,15,17,24,15,25,26,27,8,26,25,8,25,28,26,29,6,30,4,7,31,32,33,3,2,34,35,36,0,5,37,1,38,39","0,1,2,3,4,5,6,7,8,9,10,11,12,13,14,15,16,17,18,19,20,21,22,23,24,25,26,27,28,29,30,31,32,33,34,35,36,37,38,39,40,41,42,43,44,45,46,47,48,49,50,51,52,53,54,55,56,57,58,59,60,61,62,63,64,65,66,67,68,69,70,71,72,73,74,75,76,77,78,79,80,81,82,83,84,85,86,87,88,89,90,91,92,93,94,95,96,97,98,99,100,101,102,103,104,105,106,107,108,109,110,111,112,113,114,115,116,117,118,119"
40,280,7,PRE_TEST,Romain851,zpdes,"0,0,0,0,0,0,0,0,0,0,0,0,0,0,1,0,0,1,1,0,0,0,1,1,0,0,0,0,0,0,0,1,1,0,1,0,1,1,0,0,0,0,1,1,1,1,0,0,0,1,0,0,0,0,1,0,0,1,0,0,0,0,0,0,1,0,1,1,1,0,0,1,1,1,1,0,0,0,0,0,1,1,1,0,0,0,0,0,0,1,0,1,0,0,0,0,0,0,1,0,1,0,1,0,0,0,0,0,0,0,0,0,0,0,0,0,0,0,0,0",",,,,,,,,,,,,,,850,,,849,817,,,,949,1000,,,,,,,,1000,1016,,849,,950,866,,,,,818,867,833,1000,,,,1001,,,,,934,,,883,,,,,,,1015,,867,966,733,,,1000,847,833,816,,,,,,950,849,782,,,,,,,866,,834,,,,,,,932,,785,,1001,,,,,,,,,,,,,,,,,","0,1,1,1,0,1,0,1,1,1,1,1,0,1,2,1,0,2,2,1,0,1,0,2,0,2,1,1,0,0,1,2,2,1,2,1,2,2,1,0,1,1,2,2,2,0,0,1,0,2,1,1,2,0,2,1,0,2,0,0,0,1,1,0,1,1,2,2,2,1,2,1,2,2,0,0,0,1,1,1,2,2,2,1,0,2,1,1,0,2,1,2,1,0,1,2,0,2,2,0,0,0,2,0,0,2,0,2,0,0,2,0,2,0,2,2,2,0,0,0","true,true,true,true,true,true,true,true,true,true,true,true,true,true,true,true,true,true,true,true,true,true,false,true,true,false,true,true,true,true,true,true,true,true,true,true,true,true,true,true,true,true,true,true,true,false,true,true,true,true,true,true,false,true,true,true,true,true,true,true,true,true,true,true,false,true,true,true,true,true,false,false,true,true,false,true,true,true,true,true,true,true,true,true,true,false,true,true,true,true,true,true,true,true,true,false,true,false,true,true,false,true,true,true,true,false,true,false,true,true,false,true,false,true,false,false,false,true,true,true","0,5,3,0,1,1,2,4,6,7,2,38,3,10,38,18,4,10,18,19,5,11,6,19,7,11,23,33,8,9,20,23,33,9,20,34,9,34,29,10,21,12,21,29,12,11,12,17,13,17,36,30,36,14,30,13,15,13,16,17,18,26,28,19,14,32,26,28,14,15,32,39,15,39,20,21,22,22,31,8,22,8,31,27,23,27,16,37,24,16,24,37,35,25,25,24,26,35,25,27,28,29,3,30,31,1,32,5,33,34,2,35,0,36,6,7,4,37,38,39","0,1,2,3,4,5,6,7,8,9,10,11,12,13,14,15,16,17,18,19,20,21,22,23,24,25,26,27,28,29,30,31,32,33,34,35,36,37,38,39,40,41,42,43,44,45,46,47,48,49,50,51,52,53,54,55,56,57,58,59,60,61,62,63,64,65,66,67,68,69,70,71,72,73,74,75,76,77,78,79,80,81,82,83,84,85,86,87,88,89,90,91,92,93,94,95,96,97,98,99,100,101,102,103,104,105,106,107,108,109,110,111,112,113,114,115,116,117,118,119"
41,280,7,POST_TEST,Romain851,zpdes,"0,0,0,0,0,0,0,0,0,1,0,0,0,0,0,0,0,1,0,0,1,0,0,0,1,0,1,0,0,0,1,0,1,1,0,0,0,1,1,1,0,0,0,0,0,0,1,1,0,0,0,1,1,1,0,0,0,0,1,0,0,1,0,0,0,0,1,1,0,0,0,0,0,1,1,0,0,0,0,0,1,1,1,0,0,1,0,1,0,1,0,0,0,1,0,1,0,0,0,1,1,0,0,1,0,0,0,0,0,0,0,0,0,0,0,0,0,0,0,1",",,,,,,,,,916,,,,,,,,950,,,849,,,,1016,,966,,,,1000,,933,883,,,,900,884,934,,,,,,,884,984,,,,1000,1000,850,,,,,884,,,899,,,,,833,767,,,,,,866,868,,,,,,983,833,834,,,882,,850,,900,,,,883,,817,,,,783,1000,,,900,,,,,,,,,,,,,,,,899","1,0,1,1,1,1,0,1,1,1,0,1,1,0,2,1,2,2,1,1,2,1,1,0,2,2,2,1,1,1,2,0,2,2,1,1,1,2,2,2,0,1,0,0,0,1,2,2,1,1,0,2,0,2,0,1,0,1,2,0,1,2,1,2,0,1,2,2,1,0,0,0,0,2,0,0,0,1,1,0,2,2,1,1,0,2,1,2,1,2,1,0,0,2,0,2,1,0,1,2,0,0,2,2,2,0,0,0,2,2,2,2,0,2,0,0,0,0,2,0","true,true,true,true,true,true,true,true,true,false,true,true,true,true,false,true,false,true,true,true,true,true,true,true,true,false,true,true,true,true,true,true,true,true,true,true,true,true,true,true,true,true,true,true,true,true,true,true,true,true,true,true,false,true,true,true,true,true,true,true,true,true,true,false,true,true,true,true,true,true,true,true,true,true,false,true,true,true,true,true,true,true,false,true,true,true,true,true,true,true,true,true,true,true,true,true,true,true,true,true,false,true,false,true,false,true,true,true,false,false,false,false,true,false,true,true,true,true,false,false","2,0,7,3,1,0,1,5,6,4,2,36,11,3,36,15,11,15,10,30,10,8,29,4,30,8,29,33,28,38,28,5,33,38,35,23,12,23,35,12,6,37,7,8,9,31,37,31,21,14,10,14,11,21,12,32,13,19,32,14,26,19,22,26,15,25,22,25,34,16,17,18,19,34,20,21,22,24,9,23,24,9,13,20,24,20,39,13,17,39,16,25,26,17,27,16,27,28,18,27,29,30,18,2,1,31,32,33,0,3,7,5,34,6,35,36,37,38,4,39","0,1,2,3,4,5,6,7,8,9,10,11,12,13,14,15,16,17,18,19,20,21,22,23,24,25,26,27,28,29,30,31,32,33,34,35,36,37,38,39,40,41,42,43,44,45,46,47,48,49,50,51,52,53,54,55,56,57,58,59,60,61,62,63,64,65,66,67,68,69,70,71,72,73,74,75,76,77,78,79,80,81,82,83,84,85,86,87,88,89,90,91,92,93,94,95,96,97,98,99,100,101,102,103,104,105,106,107,108,109,110,111,112,113,114,115,116,117,118,119"
42,281,7,PRE_TEST,ClarisseCharr,baseline,"0,0,0,0,0,0,0,0,1,0,1,0,0,1,0,0,1,0,0,1,1,0,1,0,0,0,0,0,1,1,0,0,1,0,0,0,1,1,1,1,0,1,1,0,1,0,1,0,1,1,1,1,1,1,0,0,0,1,0,0,0,0,1,1,1,0,0,0,1,0,1,1,1,0,1,1,1,0,0,0,1,0,1,1,0,0,0,1,1,1,0,0,0,0,1,0,0,0,1,1,1,1,1,0,1,1,1,0,1,0,0,1,0,1,0,1,0,0,1,1",",,,,,,,,915,,649,,,733,,,667,,,700,684,,866,,,,,,1001,749,,,583,,,,799,683,766,716,,666,717,,783,,683,,817,766,749,816,817,850,,,,833,,,,,815,765,649,,,,1016,,649,816,883,,849,816,916,,,,699,,817,651,,,,816,599,683,,,,,600,,,,948,716,633,550,699,,600,900,633,,582,,,715,,865,,516,,,949,884","0,1,1,1,1,1,1,1,0,0,1,1,1,2,0,0,2,0,1,1,2,0,2,1,1,0,0,2,0,2,1,0,2,1,1,1,2,2,2,0,1,0,1,1,2,0,2,1,2,0,1,2,0,2,0,1,0,2,1,1,1,0,2,2,2,1,1,0,0,1,2,2,2,0,1,1,2,0,1,2,0,1,2,2,1,1,1,2,2,2,0,0,0,0,0,1,1,0,1,2,2,2,0,2,2,2,2,2,0,0,0,2,2,0,2,0,0,0,0,0","true,true,true,true,true,true,true,true,false,true,false,true,true,true,true,true,true,true,true,false,true,true,true,true,true,true,true,false,false,true,true,true,true,true,true,true,true,true,true,false,true,false,false,true,true,true,true,true,true,false,false,true,false,true,true,true,true,true,true,true,true,true,true,true,true,true,true,true,false,true,true,true,true,true,false,false,true,true,true,false,false,true,true,true,true,true,true,true,true,true,true,true,true,true,false,true,true,true,false,true,true,true,false,false,true,true,true,false,false,true,true,true,false,false,false,false,true,true,false,false","0,4,1,2,6,3,7,5,1,2,0,18,15,18,3,4,15,5,37,32,37,6,32,17,39,7,8,17,9,39,20,10,20,28,14,21,14,21,28,11,34,12,13,31,34,13,13,22,31,14,10,22,15,10,16,27,17,27,30,8,19,18,8,30,19,16,9,19,20,24,16,9,24,21,33,36,33,22,38,36,23,23,38,23,11,29,26,11,29,26,24,25,26,27,28,35,12,29,25,12,35,4,30,25,6,3,2,1,31,32,33,7,0,34,5,35,36,37,38,39","0,1,2,3,4,5,6,7,8,9,10,11,12,13,14,15,16,17,18,19,20,21,22,23,24,25,26,27,28,29,30,31,32,33,34,35,36,37,38,39,40,41,42,43,44,45,46,47,48,49,50,51,52,53,54,55,56,57,58,59,60,61,62,63,64,65,66,67,68,69,70,71,72,73,74,75,76,77,78,79,80,81,82,83,84,85,86,87,88,89,90,91,92,93,94,95,96,97,98,99,100,101,102,103,104,105,106,107,108,109,110,111,112,113,114,115,116,117,118,119"
43,281,7,POST_TEST,ClarisseCharr,baseline,"0,0,0,0,0,0,0,1,0,0,0,1,0,1,0,1,1,0,1,1,0,0,1,0,0,0,0,1,0,0,0,1,0,1,0,1,0,0,1,1,0,1,0,0,0,1,1,1,0,0,0,0,0,0,1,0,1,0,0,0,0,1,1,0,1,0,0,0,1,1,0,0,0,0,1,0,1,0,1,1,0,0,1,0,1,1,0,1,0,0,0,0,0,1,0,1,0,0,0,0,0,0,0,0,0,0,0,0,0,0,1,1,1,0,0,0,0,0,1,1",",,,,,,,700,,,,732,,783,,917,1015,,700,916,,,782,,,,,651,,,,700,,783,,1001,,,633,716,,733,,,,716,667,616,,,,,,,983,,834,,,,,882,730,,817,,,,784,734,,,,,833,,699,,850,900,,,750,,583,850,,567,,,,,,750,,699,,,,,,,,,,,,,,,717,666,683,,,,,,800,850","1,1,1,0,1,1,1,0,1,1,0,1,1,2,1,2,1,0,2,2,0,0,0,0,0,1,0,2,1,1,1,2,0,2,1,2,1,1,2,2,0,2,1,1,1,2,2,2,1,0,0,2,1,1,2,0,2,1,0,1,1,2,2,1,2,0,0,1,2,2,1,0,1,1,2,1,2,0,2,2,1,1,0,2,2,1,0,2,1,0,1,0,1,2,0,2,0,2,0,0,0,0,2,0,0,0,2,2,2,2,2,2,2,0,0,0,0,0,0,0","true,true,true,true,true,true,true,false,true,true,true,false,true,true,true,true,false,true,true,true,true,true,false,true,true,true,true,true,true,true,true,true,true,true,true,true,true,true,true,true,true,true,true,true,true,true,true,true,true,true,true,false,true,true,true,true,true,true,true,true,true,true,true,true,true,true,true,true,true,true,true,true,true,true,true,true,true,true,true,true,true,true,false,false,true,false,true,true,true,true,true,true,true,true,true,true,true,false,true,true,true,true,false,true,true,true,false,false,false,false,true,true,true,true,true,true,true,true,false,false","4,3,1,0,5,7,6,1,0,2,2,35,15,35,29,15,38,3,38,29,4,5,6,7,8,34,9,34,36,32,26,36,10,32,24,26,10,30,10,24,11,30,23,27,14,23,27,14,39,12,13,39,19,31,19,14,31,22,15,18,21,22,18,33,21,16,17,17,33,17,28,18,8,9,28,25,8,19,9,25,16,12,20,12,16,11,21,11,20,22,37,23,13,20,24,37,25,13,26,27,28,29,4,30,31,32,7,1,0,5,3,2,6,33,34,35,36,37,38,39","0,1,2,3,4,5,6,7,8,9,10,11,12,13,14,15,16,17,18,19,20,21,22,23,24,25,26,27,28,29,30,31,32,33,34,35,36,37,38,39,40,41,42,43,44,45,46,47,48,49,50,51,52,53,54,55,56,57,58,59,60,61,62,63,64,65,66,67,68,69,70,71,72,73,74,75,76,77,78,79,80,81,82,83,84,85,86,87,88,89,90,91,92,93,94,95,96,97,98,99,100,101,102,103,104,105,106,107,108,109,110,111,112,113,114,115,116,117,118,119"
