,1-accuracy,1-nb,1-rt,4-accuracy,4-nb,4-rt,8-accuracy,8-nb,8-rt,Unnamed: 0,participant_id,participant_name,results_correct,results_responses,results_rt,results_speed_stim,task_idx,task_status
0,0.9333333333333333,15,4193.533333333334,0.6133333333333333,15,4079.0666666666666,0.46666666666666673,15,4260.133333333333,0,15,ejouffroy,"['0.4', '0.8', '0.8', '1', '0.6', '0.6', '0.8', '1', '0.4', '0.8', '0.4', '0.4', '0.6', '0.8', '0.4', '0.6', '1', '0.2', '0.4', '1', '0.8', '0.8', '0.4', '0.2', '0.6', '0.8', '1', '1', '0.4', '0.8', '1', '0.6', '0.4', '0.6', '1', '0.6', '0.4', '0.6', '1', '1', '0.6', '0.4', '0.6', '0.8', '0.8']","['6', '3', '8', '0', '9', '1', '2', '0', '4', '9', '3', '5', '4', '0', '1', '3', '2', '0', '1', '4', '3', '2', '7', '0', '9', '6', '1', '9', '3', '0', '8', '1', '0', '3', '2', '4', '0', '3', '1', '2', '7', '6', '3', '0', '8', '4', '1', '3', '0', '8', '1', '6', '9', '5', '2', '0', '8', '7', '3', '9', '8', '0', '3', '9', '4', '2', '1', '7', '4', '0', '9', '4', '8', '0', '5', '1', '3', '0', '9', '5', '4', '3', '2', '0', '1', '7', '5', '6', '9', '1', '6', '4', '5', '1', '9', '3', '0', '4', '2', '1', '4', '1', '2', '3', '6', '2', '6', '4', '0', '1', '8', '6', '2', '4', '5', '3', '6', '7', '8', '9', '2', '1', '9', '6', '3', '4', '2', '5', '1', '3', '4', '0', '3', '1', '2', '1', '4', '3', '2', '0', '0', '6', '2', '8', '9', '0', '4', '1', '2', '7', '4', '2', '0', '1', '3', '9', '0', '1', '8', '3', '8', '0', '9', '7', '1', '1', '2', '0', '8', '6', '4', '3', '1', '0', '2', '9', '5', '2', '3', '1', '2', '7', '4', '8', '6', '1', '7', '6', '0', '4', '4', '3', '0', '2', '1', '0', '3', '2', '1', '4', '1', '2', '3', '6', '8', '6', '0', '3', '7', '5', '7', '2', '1', '0', '5', '5', '0', '4', '1', '2', '3', '4', '1', '7', '2']","['4184', '4567', '5000', '3867', '4017', '4099', '4533', '4634', '3717', '4267', '4218', '5035', '3834', '4082', '4133', '3799', '4002', '6001', '3884', '4200', '4268', '4001', '4232', '3899', '4749', '4300', '4248', '3901', '4150', '4167', '4100', '3866', '3767', '3950', '3800', '4351', '2966', '3883', '4667', '3501', '4385', '4566', '3334', '3801', '5066']","['8', '1', '4', '1', '8', '4', '8', '1', '4', '1', '4', '8', '4', '1', '8', '4', '1', '8', '8', '1', '4', '1', '8', '4', '8', '4', '1', '1', '8', '4', '1', '4', '8', '4', '1', '8', '8', '4', '1', '1', '4', '8', '8', '4', '1']",5,PRE_TEST
1,0.9466666666666668,15,4291.4,0.6933333333333334,15,4404.933333333333,0.52,15,4648.466666666666,1,15,ejouffroy,"['0.8', '1', '0.6', '0.6', '0.6', '1', '0.8', '1', '0.4', '0.6', '1', '0.8', '1', '1', '0.4', '0.6', '0.8', '0.6', '0.6', '0.4', '0.8', '1', '0.4', '0.6', '1', '0.6', '0.6', '0.8', '0.2', '0.8', '0.8', '0.6', '1', '0.6', '0.4', '1', '0.8', '0.4', '1', '0.6', '1', '0.4', '0.6', '0.8', '1']","['1', '4', '8', '2', '0', '2', '0', '3', '1', '4', '8', '1', '2', '3', '9', '9', '3', '0', '4', '7', '4', '0', '5', '1', '9', '4', '2', '0', '1', '3', '0', '3', '7', '2', '1', '3', '2', '4', '0', '1', '9', '5', '6', '4', '1', '9', '1', '3', '0', '7', '1', '3', '2', '0', '4', '2', '0', '3', '1', '7', '3', '0', '4', '1', '2', '2', '1', '3', '4', '0', '7', '4', '6', '9', '2', '3', '2', '0', '9', '5', '1', '0', '7', '4', '2', '2', '4', '8', '0', '5', '0', '4', '2', '8', '6', '4', '7', '3', '6', '9', '2', '3', '0', '4', '8', '3', '0', '4', '1', '2', '3', '6', '9', '7', '0', '2', '6', '1', '4', '5', '3', '1', '0', '2', '4', '7', '2', '4', '8', '3', '4', '7', '3', '1', '8', '7', '1', '3', '2', '4', '6', '5', '8', '4', '9', '2', '7', '3', '1', '0', '3', '0', '2', '4', '7', '2', '8', '1', '9', '0', '0', '3', '4', '2', '1', '5', '7', '2', '3', '0', '6', '8', '5', '4', '0', '0', '3', '2', '1', '4', '0', '4', '3', '2', '6', '4', '3', '7', '8', '9', '3', '4', '0', '2', '1', '2', '3', '5', '8', '0', '1', '3', '4', '2', '0', '7', '0', '9', '8', '4', '3', '1', '8', '5', '0', '1', '0', '2', '3', '6', '2', '1', '4', '0', '3']","['4102', '4566', '5569', '8284', '3568', '5084', '4066', '4050', '4516', '4401', '4984', '3718', '4351', '5500', '3817', '3652', '3616', '3917', '4950', '4285', '3985', '4534', '4483', '4666', '4650', '4468', '4551', '4667', '4349', '4150', '5868', '4468', '3617', '4168', '3767', '4251', '4733', '4483', '4066', '4351', '4583', '4917', '3851', '3967', '3583']","['8', '1', '4', '8', '4', '1', '4', '1', '8', '8', '1', '4', '1', '4', '8', '8', '4', '1', '4', '8', '1', '1', '8', '4', '1', '4', '8', '4', '8', '1', '8', '4', '1', '8', '4', '1', '4', '8', '1', '4', '1', '8', '8', '4', '1']",5,POST_TEST
2,0.9866666666666667,15,4228.8,0.7466666666666667,15,5512.266666666666,0.5599999999999999,15,5153.666666666667,2,51,Ryogo_S,"['0.6', '0.8', '0.4', '0.6', '1', '0.4', '0.8', '1', '0.6', '1', '0.8', '1', '1', '0.4', '1', '1', '0.4', '0.8', '1', '0.8', '0.6', '1', '0.6', '0.4', '1', '0.6', '0.6', '0.6', '1', '0.6', '0.6', '1', '1', '1', '0.8', '1', '1', '0.8', '0.8', '1', '0.4', '0.2', '0.6', '0.8', '1']","['0', '4', '3', '5', '8', '1', '0', '2', '4', '6', '7', '1', '3', '6', '5', '2', '8', '1', '3', '6', '3', '2', '0', '1', '4', '5', '9', '6', '3', '0', '1', '3', '2', '0', '6', '0', '1', '4', '3', '2', '5', '8', '2', '0', '1', '2', '0', '4', '1', '3', '4', '3', '2', '6', '0', '3', '0', '2', '1', '4', '1', '3', '4', '0', '2', '3', '0', '6', '8', '5', '1', '4', '3', '2', '0', '0', '4', '1', '2', '3', '1', '3', '9', '5', '6', '0', '3', '4', '2', '9', '0', '3', '2', '4', '1', '3', '0', '2', '9', '4', '4', '3', '2', '9', '5', '3', '4', '2', '0', '1', '2', '9', '3', '5', '1', '2', '5', '8', '9', '0', '1', '3', '0', '4', '2', '9', '3', '0', '2', '5', '3', '0', '8', '1', '9', '9', '0', '3', '1', '6', '3', '4', '1', '0', '2', '4', '0', '8', '3', '9', '3', '0', '2', '8', '5', '4', '0', '3', '2', '1', '4', '3', '1', '2', '0', '3', '2', '1', '4', '0', '3', '4', '2', '8', '0', '3', '4', '1', '2', '0', '3', '1', '2', '0', '4', '0', '4', '5', '3', '2', '3', '2', '4', '1', '6', '0', '1', '2', '4', '3', '2', '1', '7', '6', '9', '4', '8', '6', '5', '9', '0', '2', '6', '7', '4', '3', '1', '2', '5', '0', '4', '0', '1', '3', '2']","['3996', '3683', '5038', '9797', '5132', '5283', '7814', '3655', '8547', '4399', '4735', '4549', '5748', '6048', '4865', '4649', '4005', '4266', '3082', '4797', '4704', '7015', '13281', '7565', '5104', '3915', '4365', '5064', '3333', '4064', '3018', '3400', '3832', '3433', '3198', '3474', '4670', '5064', '4132', '3365', '3833', '5379', '5478', '5432', '3215']","['4', '1', '8', '4', '1', '8', '4', '1', '8', '1', '4', '8', '4', '8', '1', '1', '8', '4', '1', '4', '8', '1', '4', '8', '1', '4', '8', '8', '1', '4', '8', '4', '1', '1', '8', '4', '1', '8', '4', '1', '4', '8', '8', '4', '1']",6,PRE_TEST
3,0.9866666666666667,15,5414.4,0.8666666666666668,15,5121.733333333334,0.6,15,6105.8,3,51,Ryogo_S,"['0.6', '1', '0.8', '1', '0.4', '0.6', '0.6', '1', '0.6', '0.8', '0.4', '1', '0.8', '1', '0.8', '1', '0.8', '1', '1', '0.6', '1', '1', '0.6', '0.8', '0.8', '1', '0.8', '1', '0.6', '1', '1', '0.8', '0.8', '0.4', '0.8', '1', '1', '1', '0.4', '1', '1', '0.6', '0.6', '1', '1']","['6', '5', '4', '3', '2', '4', '1', '0', '2', '3', '5', '2', '1', '3', '4', '2', '0', '3', '4', '1', '0', '3', '7', '5', '6', '3', '7', '0', '9', '1', '1', '5', '2', '3', '8', '1', '2', '0', '4', '3', '4', '3', '0', '7', '5', '3', '6', '0', '4', '1', '6', '5', '9', '3', '0', '3', '4', '0', '2', '1', '2', '9', '4', '1', '3', '4', '0', '2', '1', '3', '4', '3', '5', '2', '0', '2', '3', '0', '4', '1', '2', '0', '4', '7', '1', '2', '3', '4', '1', '0', '3', '4', '2', '1', '0', '7', '4', '3', '2', '5', '4', '2', '3', '0', '1', '0', '1', '2', '4', '3', '7', '2', '1', '5', '4', '3', '2', '4', '9', '1', '3', '4', '2', '0', '9', '3', '2', '4', '1', '0', '3', '4', '9', '1', '2', '2', '3', '1', '4', '0', '0', '2', '5', '8', '1', '4', '1', '2', '3', '0', '2', '4', '3', '1', '0', '3', '1', '2', '9', '4', '1', '3', '0', '4', '7', '3', '4', '7', '8', '5', '3', '0', '1', '8', '2', '3', '4', '2', '1', '0', '0', '2', '3', '1', '4', '2', '4', '0', '3', '1', '1', '5', '0', '9', '6', '0', '4', '1', '2', '3', '1', '3', '0', '4', '2', '6', '8', '3', '1', '4', '1', '2', '4', '8', '9', '3', '4', '2', '1', '0', '2', '0', '3', '1', '4']","['6616', '5061', '4642', '4681', '5401', '6734', '5540', '7040', '4898', '5130', '5847', '5934', '4987', '5277', '5820', '4401', '8000', '5293', '4319', '5041', '5274', '5541', '5940', '5030', '5029', '5857', '4897', '6773', '5257', '4837', '5643', '5514', '5381', '6824', '5184', '5195', '4884', '4424', '7049', '6219', '4621', '6348', '7494', '4856', '4896']","['8', '1', '4', '1', '8', '4', '8', '1', '4', '4', '8', '1', '4', '1', '8', '1', '8', '4', '4', '8', '1', '1', '8', '4', '8', '4', '1', '1', '8', '4', '1', '4', '8', '8', '4', '1', '4', '1', '8', '1', '4', '8', '8', '1', '4']",6,POST_TEST
4,0.7866666666666667,15,4351.266666666666,0.5866666666666668,15,3818.133333333333,0.4533333333333333,15,3885.5333333333333,4,48,Naoko,"['0.6', '0.8', '0.4', '0.6', '1', '0.6', '0.6', '0.8', '0.2', '0.4', '0.4', '0.6', '0.6', '1', '0.6', '0.8', '0.4', '0.6', '0.8', '0.4', '0.8', '0.6', '0.4', '0.8', '0.8', '0.4', '0.8', '0.8', '0.2', '0.4', '0.6', '0.8', '0.8', '0.4', '0.2', '0.4', '0.4', '0.6', '1', '0.6', '0.4', '1', '0.6', '0.6', '0.8']","['3', '9', '1', '8', '2', '2', '0', '3', '4', '7', '0', '1', '7', '6', '5', '2', '5', '3', '0', '8', '4', '1', '2', '3', '0', '1', '8', '6', '3', '4', '4', '0', '2', '5', '6', '1', '3', '2', '4', '7', '0', '6', '8', '5', '9', '0', '1', '9', '8', '5', '6', '5', '2', '1', '8', '1', '4', '0', '5', '9', '0', '8', '1', '9', '2', '0', '4', '3', '1', '2', '3', '0', '9', '2', '5', '2', '4', '9', '1', '3', '4', '5', '1', '6', '8', '0', '2', '4', '5', '8', '3', '1', '2', '7', '4', '9', '3', '8', '6', '0', '2', '8', '0', '4', '3', '1', '2', '5', '7', '0', '4', '2', '6', '7', '5', '2', '0', '9', '3', '1', '4', '2', '1', '3', '5', '0', '6', '5', '1', '7', '3', '2', '1', '4', '7', '3', '1', '2', '7', '4', '0', '5', '9', '8', '6', '4', '0', '9', '7', '5', '1', '5', '7', '0', '2', '4', '1', '3', '2', '5', '0', '3', '8', '1', '2', '0', '5', '7', '1', '6', '1', '9', '5', '6', '7', '1', '3', '9', '6', '5', '3', '9', '6', '8', '4', '0', '8', '6', '2', '3', '3', '0', '2', '1', '4', '0', '1', '6', '5', '4', '0', '6', '3', '5', '7', '0', '4', '2', '3', '1', '2', '9', '1', '7', '4', '3', '0', '1', '6', '9', '3', '5', '4', '1', '2']","['3737', '6417', '2784', '3669', '3200', '4017', '3700', '4850', '4333', '4734', '4085', '4333', '3349', '3500', '3885', '3433', '5001', '3836', '5066', '3951', '3266', '4150', '3299', '2633', '3000', '3883', '3884', '5433', '3650', '3233', '4049', '5516', '4233', '3565', '4533', '4150', '4383', '3667', '4750', '4450', '3750', '3702', '3400', '4650', '3715']","['4', '1', '8', '4', '1', '8', '4', '1', '8', '8', '1', '4', '8', '1', '4', '1', '8', '4', '1', '8', '4', '8', '4', '1', '4', '8', '1', '1', '8', '4', '8', '1', '4', '8', '4', '1', '4', '8', '1', '4', '8', '1', '8', '1', '4']",7,PRE_TEST
5,0.7466666666666667,15,4910.133333333333,0.5733333333333334,15,5329.266666666666,0.4666666666666667,15,5653.2,5,48,Naoko,"['0.6', '0.8', '0.6', '0.2', '0.6', '0.6', '1', '0.6', '0.4', '0.4', '0.6', '1', '0.6', '0.6', '0.6', '0.4', '0.2', '0.6', '0.4', '1', '0.6', '0.8', '0.4', '0.4', '0.8', '0.4', '0.6', '0.6', '0.6', '0.4', '0.8', '0.8', '0.4', '0.8', '0.4', '0.8', '0.4', '0.6', '0.4', '0.6', '0.6', '0.8', '0.8', '0.6', '0.6']","['1', '3', '5', '7', '2', '0', '4', '6', '2', '1', '4', '0', '2', '8', '7', '0', '5', '9', '7', '6', '2', '4', '5', '3', '9', '4', '0', '2', '6', '8', '3', '1', '4', '0', '2', '2', '1', '7', '4', '6', '4', '7', '2', '8', '9', '3', '1', '8', '9', '6', '3', '6', '7', '4', '0', '0', '3', '4', '2', '1', '3', '6', '8', '2', '4', '3', '0', '8', '9', '2', '2', '4', '7', '0', '5', '6', '1', '5', '4', '7', '5', '7', '8', '0', '6', '2', '0', '7', '1', '9', '5', '1', '8', '2', '9', '1', '2', '0', '3', '4', '3', '2', '1', '8', '6', '2', '3', '0', '4', '7', '9', '7', '5', '2', '4', '3', '9', '1', '8', '7', '3', '2', '4', '1', '9', '2', '4', '6', '8', '5', '2', '7', '5', '0', '1', '3', '5', '1', '2', '9', '2', '9', '1', '8', '3', '8', '1', '5', '4', '7', '4', '6', '0', '1', '2', '2', '4', '0', '1', '8', '0', '1', '5', '6', '8', '0', '4', '2', '3', '8', '4', '1', '6', '9', '7', '1', '3', '0', '5', '4', '3', '8', '6', '4', '5', '4', '0', '3', '7', '8', '3', '6', '1', '5', '8', '0', '2', '4', '8', '6', '4', '2', '5', '8', '1', '3', '4', '5', '0', '1', '6', '3', '1', '4', '2', '3', '1', '8', '5', '4', '5', '9', '3', '0', '4']","['4651', '4834', '5516', '4533', '3934', '8084', '5966', '4800', '4266', '3450', '4216', '4184', '3950', '4150', '3617', '5411', '4350', '5867', '4716', '4633', '4933', '4232', '4384', '25317', '3883', '3834', '3666', '4400', '3402', '19650', '4977', '3932', '4867', '4467', '4416', '3850', '4217', '3149', '3601', '6816', '3416', '3984', '6134', '3917', '3817']","['8', '1', '4', '8', '4', '1', '1', '4', '8', '4', '8', '1', '8', '4', '1', '4', '8', '1', '8', '1', '4', '1', '4', '8', '1', '4', '8', '8', '1', '4', '4', '1', '8', '1', '8', '4', '8', '4', '1', '1', '8', '4', '1', '4', '8']",7,POST_TEST
6,0.9333333333333333,15,4159.333333333333,0.6,15,4469.333333333333,0.5866666666666666,15,4595.733333333334,6,68,Marie_Ga,"['0.4', '0.8', '0.6', '0.6', '1', '0.4', '0.6', '1', '0.4', '0.6', '0.8', '0.6', '1', '0.8', '0.6', '1', '0.4', '0.8', '0.6', '1', '0.6', '0.6', '0.6', '0.6', '0.8', '1', '0.4', '0.6', '0.8', '1', '0.2', '0.8', '0.6', '0.8', '0.8', '1', '0.4', '0.8', '1', '0.4', '0.6', '1', '1', '0.8', '0.6']","['3', '7', '8', '0', '6', '2', '4', '0', '3', '5', '2', '9', '0', '7', '4', '4', '0', '3', '8', '5', '2', '1', '4', '3', '0', '4', '8', '6', '5', '1', '7', '0', '4', '2', '6', '4', '3', '0', '1', '2', '9', '4', '1', '5', '6', '4', '0', '1', '8', '9', '0', '4', '1', '3', '6', '0', '4', '2', '7', '9', '0', '4', '1', '2', '3', '1', '4', '0', '7', '2', '8', '4', '0', '2', '5', '1', '2', '0', '4', '3', '2', '8', '7', '3', '9', '3', '0', '2', '1', '8', '6', '0', '4', '3', '9', '3', '4', '1', '2', '0', '1', '9', '0', '2', '7', '2', '0', '7', '6', '1', '3', '4', '2', '7', '5', '3', '7', '5', '0', '4', '0', '4', '1', '2', '9', '4', '3', '0', '2', '1', '3', '1', '8', '9', '7', '2', '1', '4', '5', '8', '0', '4', '6', '2', '3', '0', '3', '1', '2', '4', '9', '5', '4', '8', '7', '2', '5', '3', '0', '4', '1', '6', '2', '3', '9', '2', '4', '3', '0', '7', '3', '4', '1', '2', '7', '3', '2', '1', '0', '4', '2', '7', '3', '8', '9', '1', '2', '3', '4', '5', '3', '0', '1', '4', '2', '7', '1', '2', '6', '5', '1', '4', '3', '8', '7', '3', '0', '2', '4', '1', '2', '3', '4', '1', '0', '5', '3', '2', '0', '1', '2', '1', '0', '6', '5']","['3630', '3302', '5285', '4601', '4202', '7119', '4685', '4569', '4636', '5469', '6272', '5117', '3436', '5489', '5001', '3400', '3652', '3404', '5436', '4052', '3540', '6418', '3801', '6137', '3971', '3451', '4535', '4722', '4052', '3967', '3216', '3919', '6717', '3663', '5424', '4091', '3500', '3359', '3619', '4036', '3604', '3294', '4398', '3807', '4368']","['8', '1', '4', '4', '1', '8', '4', '1', '8', '4', '1', '8', '1', '8', '4', '1', '4', '8', '4', '1', '8', '1', '8', '4', '4', '1', '8', '4', '8', '1', '4', '1', '8', '4', '8', '1', '8', '4', '1', '4', '8', '1', '1', '4', '8']",0,PRE_TEST
7,0.9866666666666667,15,3399.4666666666667,0.6933333333333334,15,3795.4666666666667,0.56,15,4430.066666666667,7,68,Marie_Ga,"['0.6', '0.8', '1', '0.6', '1', '0.6', '1', '0.6', '0.8', '0.8', '0.4', '1', '0.4', '1', '1', '0.4', '1', '0.8', '0.8', '1', '0.6', '0.6', '0.4', '1', '1', '0.6', '0.6', '1', '0.6', '0.2', '0.8', '1', '0.6', '0.6', '0.4', '1', '1', '0.8', '0.8', '1', '0.8', '0.6', '0.8', '0.6', '0.6']","['2', '4', '0', '9', '7', '0', '1', '3', '4', '7', '0', '3', '1', '2', '4', '1', '8', '2', '4', '6', '2', '0', '1', '4', '3', '1', '3', '5', '6', '4', '2', '1', '0', '4', '3', '5', '9', '2', '1', '4', '1', '0', '6', '2', '3', '4', '9', '0', '2', '1', '7', '3', '1', '6', '5', '2', '4', '0', '1', '3', '6', '1', '5', '9', '4', '4', '1', '2', '3', '0', '2', '3', '1', '0', '4', '3', '6', '2', '9', '8', '2', '0', '4', '3', '1', '2', '0', '4', '1', '5', '2', '3', '4', '5', '1', '4', '2', '0', '3', '1', '3', '8', '0', '6', '1', '3', '7', '0', '2', '5', '6', '4', '2', '5', '9', '2', '1', '0', '4', '3', '1', '0', '3', '4', '2', '5', '1', '4', '3', '7', '0', '3', '2', '5', '9', '0', '4', '2', '3', '1', '9', '5', '0', '1', '2', '7', '0', '9', '5', '6', '3', '1', '0', '6', '2', '1', '4', '3', '0', '2', '4', '0', '2', '5', '8', '0', '3', '1', '6', '5', '7', '6', '1', '9', '2', '4', '3', '0', '1', '2', '1', '3', '0', '4', '2', '7', '2', '0', '1', '4', '2', '3', '0', '4', '9', '4', '1', '3', '2', '0', '4', '3', '2', '1', '7', '1', '3', '8', '9', '4', '1', '2', '5', '0', '4', '4', '2', '0', '7', '6', '3', '6', '4', '1', '5']","['3536', '3634', '3218', '3768', '3985', '2585', '3885', '3551', '3668', '3786', '4869', '3036', '5387', '3836', '3435', '2986', '3235', '4219', '4002', '3235', '3319', '2685', '4752', '3552', '3235', '5670', '4669', '2868', '3119', '5286', '3703', '4002', '5651', '4503', '3918', '3568', '3536', '5454', '5719', '2885', '3836', '4769', '3317', '2802', '3701']","['8', '4', '1', '4', '1', '8', '1', '8', '4', '4', '8', '1', '8', '4', '1', '4', '1', '8', '8', '1', '4', '4', '8', '1', '1', '8', '4', '1', '4', '8', '4', '1', '8', '4', '8', '1', '1', '8', '4', '1', '4', '8', '1', '8', '4']",0,POST_TEST
8,0.9466666666666668,15,4336.666666666667,0.6266666666666666,15,4241.933333333333,0.5599999999999999,15,4018.866666666667,8,70,t-fukiage,"['0.8', '0.4', '1', '0.8', '0.6', '1', '1', '0.6', '0.6', '1', '0.6', '0.4', '0.6', '0.4', '0.6', '1', '0.4', '0.6', '0.6', '0.6', '1', '0.8', '0.6', '1', '0.6', '1', '0.8', '0.6', '0.8', '0.8', '1', '0.6', '0.4', '0.4', '0.6', '0.8', '0.6', '1', '0.6', '0.8', '1', '0.6', '0.4', '0.6', '1']","['0', '3', '2', '9', '1', '2', '7', '6', '8', '3', '2', '0', '1', '3', '4', '2', '0', '3', '1', '7', '2', '3', '1', '7', '8', '4', '1', '2', '0', '3', '3', '4', '1', '0', '2', '1', '4', '9', '5', '3', '8', '2', '4', '0', '5', '2', '0', '1', '4', '3', '5', '2', '8', '1', '4', '9', '8', '3', '6', '0', '9', '3', '1', '2', '8', '8', '0', '6', '1', '9', '2', '7', '0', '6', '3', '0', '1', '3', '4', '2', '4', '6', '9', '2', '8', '4', '6', '2', '0', '8', '3', '8', '5', '1', '2', '2', '1', '3', '9', '7', '2', '4', '1', '0', '3', '2', '0', '4', '1', '5', '0', '2', '1', '6', '9', '3', '0', '2', '4', '1', '3', '0', '2', '6', '9', '3', '2', '4', '1', '0', '4', '1', '7', '3', '0', '1', '4', '9', '0', '6', '6', '1', '4', '3', '2', '3', '6', '4', '1', '2', '4', '2', '1', '3', '0', '4', '7', '5', '2', '0', '9', '0', '4', '5', '7', '2', '9', '3', '6', '7', '4', '3', '6', '0', '9', '3', '4', '2', '8', '1', '1', '8', '6', '2', '3', '2', '4', '3', '0', '1', '0', '4', '6', '9', '1', '4', '0', '3', '2', '6', '3', '4', '0', '2', '1', '3', '1', '5', '8', '0', '6', '5', '4', '2', '9', '4', '0', '1', '6', '8', '3', '1', '0', '2', '4']","['5798', '3933', '4584', '7215', '3334', '4684', '4699', '4450', '3567', '4416', '3965', '4367', '3784', '4383', '4400', '4184', '4533', '3232', '3932', '4183', '4317', '4084', '4183', '3466', '3934', '5800', '3783', '3483', '5766', '3850', '4450', '3551', '3869', '3850', '3635', '4450', '3650', '4134', '3834', '3566', '3450', '3950', '4132', '3966', '4166']","['4', '8', '1', '4', '8', '1', '1', '4', '8', '1', '8', '4', '8', '4', '1', '1', '8', '4', '8', '4', '1', '8', '4', '1', '8', '1', '4', '4', '8', '1', '1', '4', '8', '8', '4', '1', '8', '1', '4', '4', '1', '8', '8', '4', '1']",6,PRE_TEST
9,0.92,15,3670.9333333333334,0.7466666666666667,15,3664.266666666667,0.6666666666666666,15,3697.9333333333334,9,70,t-fukiage,"['0.8', '0.8', '0.8', '1', '0.6', '0.8', '1', '0.6', '0.8', '0.8', '1', '0.8', '0.8', '1', '0.8', '1', '0.6', '0.4', '0.6', '1', '0.8', '0.8', '0.4', '0.8', '0.4', '0.8', '1', '0.8', '0.6', '1', '1', '0.6', '0.8', '0.8', '0.8', '0.6', '0.6', '0.8', '1', '0.6', '1', '1', '0.6', '0.8', '0.6']","['4', '2', '1', '6', '3', '1', '2', '3', '6', '0', '2', '1', '8', '4', '3', '1', '4', '2', '0', '3', '0', '1', '4', '9', '8', '8', '2', '3', '1', '0', '3', '1', '2', '0', '4', '1', '6', '3', '0', '5', '4', '0', '1', '3', '7', '1', '4', '2', '5', '0', '0', '1', '4', '3', '2', '3', '2', '5', '1', '4', '1', '2', '8', '4', '0', '3', '4', '1', '0', '2', '1', '2', '4', '0', '7', '0', '4', '3', '2', '1', '3', '1', '4', '8', '9', '4', '8', '5', '9', '3', '0', '4', '1', '6', '8', '0', '1', '2', '4', '3', '4', '1', '3', '2', '8', '1', '2', '0', '4', '6', '5', '2', '6', '8', '4', '2', '4', '0', '5', '3', '4', '7', '0', '8', '5', '0', '9', '3', '1', '2', '3', '4', '0', '1', '2', '0', '1', '3', '6', '2', '8', '4', '0', '2', '7', '3', '0', '4', '1', '2', '3', '1', '4', '0', '2', '4', '0', '1', '6', '5', '0', '6', '3', '4', '1', '0', '2', '4', '1', '5', '1', '3', '6', '4', '0', '4', '2', '5', '8', '0', '2', '5', '1', '3', '7', '8', '3', '2', '4', '0', '3', '4', '0', '2', '1', '2', '1', '4', '7', '8', '0', '2', '1', '3', '4', '1', '2', '0', '3', '4', '4', '2', '7', '8', '0', '3', '2', '0', '1', '9', '1', '3', '6', '7', '2']","['3716', '4584', '4283', '3215', '3252', '3185', '3683', '3167', '3734', '3148', '3782', '2765', '3549', '3618', '4000', '4384', '4549', '4534', '4383', '3866', '3350', '4050', '3133', '3001', '4618', '3401', '3566', '4200', '3500', '3400', '3385', '3116', '3468', '3999', '3583', '4417', '3483', '4200', '3533', '3466', '3616', '3332', '3900', '3050', '3333']","['1', '8', '4', '1', '8', '4', '4', '8', '1', '4', '1', '8', '8', '1', '4', '1', '4', '8', '4', '1', '8', '1', '8', '4', '8', '4', '1', '8', '4', '1', '1', '4', '8', '4', '1', '8', '8', '4', '1', '4', '8', '1', '1', '4', '8']",6,POST_TEST
10,0.92,15,6118.0,0.6666666666666666,15,5428.8,0.5066666666666667,15,5675.733333333334,10,72,YumaK,"['0.8', '0.6', '0.6', '0.4', '0.8', '0.6', '1', '0.8', '0.6', '0.6', '1', '0.8', '0.8', '1', '0.4', '0.6', '0.8', '0.8', '0.4', '0.8', '1', '0.6', '0.6', '1', '0.4', '0.8', '0.2', '0.6', '0.8', '1', '0.6', '1', '0.2', '0.4', '0.6', '1', '0.6', '1', '0.8', '0.6', '0.6', '1', '0.6', '0.8', '0.4']","['0', '1', '3', '2', '9', '5', '0', '2', '4', '8', '3', '7', '6', '4', '2', '6', '8', '2', '1', '7', '2', '3', '4', '9', '1', '2', '1', '7', '5', '4', '4', '1', '0', '2', '3', '6', '0', '3', '1', '4', '0', '7', '1', '3', '9', '4', '2', '5', '3', '6', '2', '3', '4', '1', '0', '0', '3', '1', '5', '4', '4', '6', '1', '2', '3', '2', '1', '3', '0', '4', '3', '5', '7', '6', '0', '1', '8', '2', '5', '3', '6', '4', '2', '3', '1', '1', '3', '2', '4', '5', '4', '7', '5', '2', '9', '1', '0', '3', '2', '7', '3', '2', '4', '1', '0', '0', '1', '7', '9', '2', '9', '2', '6', '1', '4', '3', '2', '0', '1', '4', '6', '8', '4', '5', '1', '3', '5', '0', '2', '1', '6', '7', '1', '9', '5', '0', '4', '2', '8', '9', '9', '0', '4', '1', '3', '2', '4', '3', '0', '1', '6', '2', '3', '4', '5', '1', '2', '4', '3', '0', '8', '4', '7', '5', '9', '1', '6', '2', '5', '8', '1', '4', '3', '6', '8', '2', '0', '4', '1', '3', '1', '2', '7', '8', '3', '3', '0', '4', '2', '1', '5', '3', '1', '2', '4', '2', '1', '4', '5', '8', '4', '8', '3', '2', '5', '3', '1', '2', '4', '0', '8', '4', '1', '0', '7', '4', '1', '3', '8', '2', '9', '1', '2', '6', '5']","['6566', '6484', '7833', '5717', '6585', '5383', '5250', '4917', '5284', '4183', '5868', '7031', '4216', '7417', '5466', '5117', '6317', '6167', '5017', '6684', '5267', '5967', '5451', '5183', '4700', '10951', '5333', '7034', '5100', '5500', '4983', '5683', '6133', '5950', '5500', '5200', '3917', '4250', '6767', '6317', '4533', '6499', '5384', '4234', '5000']","['1', '8', '4', '8', '1', '4', '1', '4', '8', '8', '1', '4', '4', '1', '8', '8', '4', '1', '8', '4', '1', '8', '4', '1', '8', '1', '4', '8', '4', '1', '4', '1', '8', '8', '4', '1', '4', '1', '8', '8', '4', '1', '1', '4', '8']",0,PRE_TEST
11,0.92,15,5744.666666666667,0.7066666666666667,15,5615.733333333334,0.5066666666666666,15,5710.266666666666,11,72,YumaK,"['0.8', '1', '0.8', '0.6', '0.6', '1', '0.8', '0.6', '0.8', '0.8', '0.6', '0.8', '0.6', '1', '0.6', '0.6', '1', '0.4', '1', '0.6', '0.4', '0.6', '0.2', '0.8', '1', '0.6', '0.8', '0.8', '1', '0.8', '0.6', '0.4', '0.8', '0.8', '1', '0.4', '0.2', '0.6', '1', '0.2', '0.8', '1', '0.8', '0.4', '1']","['0', '4', '2', '3', '7', '1', '2', '0', '3', '4', '2', '0', '8', '4', '3', '1', '0', '2', '7', '6', '3', '7', '4', '8', '0', '0', '3', '2', '1', '4', '1', '0', '3', '4', '6', '6', '7', '2', '1', '4', '4', '3', '1', '0', '8', '0', '4', '9', '2', '1', '3', '0', '1', '7', '6', '4', '3', '0', '7', '1', '3', '7', '4', '8', '1', '4', '2', '3', '0', '1', '3', '7', '1', '2', '8', '8', '0', '5', '3', '4', '1', '4', '2', '3', '0', '1', '9', '8', '3', '7', '1', '4', '3', '2', '0', '3', '5', '6', '4', '0', '6', '7', '0', '2', '5', '7', '3', '2', '0', '9', '2', '8', '6', '7', '9', '4', '3', '2', '8', '1', '1', '4', '0', '2', '3', '1', '2', '5', '9', '3', '2', '0', '4', '3', '5', '4', '1', '2', '3', '8', '2', '0', '4', '3', '1', '2', '3', '0', '6', '1', '6', '1', '5', '4', '2', '5', '1', '2', '9', '8', '0', '1', '3', '2', '5', '3', '4', '1', '2', '8', '1', '4', '0', '3', '2', '2', '8', '7', '5', '4', '9', '7', '1', '6', '5', '1', '5', '4', '2', '6', '4', '3', '2', '1', '0', '7', '8', '9', '0', '6', '2', '4', '3', '0', '9', '3', '1', '0', '4', '2', '1', '2', '4', '0', '5', '4', '9', '7', '6', '2', '1', '3', '0', '2', '4']","['4267', '4650', '4800', '5467', '5498', '4617', '4533', '7917', '5716', '5500', '6734', '5500', '5434', '4453', '5817', '5451', '6449', '6268', '6617', '4417', '5200', '4700', '4250', '4767', '6317', '5067', '6500', '6139', '6751', '6001', '4767', '4281', '6400', '10351', '6417', '7301', '5801', '5517', '5332', '4316', '7783', '5234', '5712', '5400', '5651']","['8', '1', '4', '4', '8', '1', '1', '8', '4', '4', '8', '1', '8', '1', '4', '4', '1', '8', '1', '4', '8', '1', '8', '4', '1', '4', '8', '4', '1', '8', '8', '4', '1', '4', '1', '8', '8', '4', '1', '8', '1', '4', '4', '8', '1']",0,POST_TEST
12,0.8133333333333336,15,7266.466666666666,0.5999999999999999,15,6859.733333333334,0.4666666666666667,15,7303.933333333333,12,82,narobin,"['0.4', '0.8', '0.4', '1', '0.8', '0.6', '0.8', '0.4', '0.4', '0.2', '0.8', '1', '0.6', '1', '0.6', '0.8', '0.4', '1', '0.4', '0.6', '0.8', '0.4', '0.6', '0.6', '0.6', '0.6', '1', '0.8', '0.6', '0.2', '0.4', '0.6', '0.2', '0.8', '0.6', '0.8', '1', '0.6', '1', '0.2', '0.6', '0.8', '0.2', '0.8', '0.4']","['7', '8', '9', '4', '0', '0', '1', '3', '4', '5', '6', '8', '3', '5', '2', '2', '0', '3', '4', '1', '4', '1', '3', '7', '2', '9', '3', '5', '4', '2', '3', '4', '0', '2', '6', '0', '3', '7', '9', '8', '2', '8', '0', '6', '7', '9', '4', '7', '8', '5', '8', '1', '2', '0', '3', '4', '1', '0', '3', '2', '3', '0', '9', '5', '2', '2', '1', '0', '4', '3', '0', '5', '2', '9', '1', '1', '0', '6', '2', '3', '7', '1', '0', '6', '9', '2', '0', '1', '4', '3', '9', '1', '7', '8', '0', '8', '0', '2', '3', '5', '2', '0', '1', '4', '7', '3', '0', '5', '7', '6', '1', '0', '2', '7', '6', '3', '0', '8', '1', '6', '3', '2', '4', '7', '5', '3', '2', '6', '5', '1', '4', '2', '1', '0', '3', '0', '4', '2', '3', '9', '4', '1', '6', '5', '0', '8', '0', '9', '5', '7', '8', '5', '3', '7', '0', '8', '3', '0', '1', '5', '7', '8', '5', '0', '6', '0', '2', '4', '3', '7', '1', '5', '3', '9', '4', '1', '3', '2', '4', '6', '4', '3', '1', '0', '2', '3', '4', '8', '0', '5', '2', '3', '1', '0', '4', '8', '6', '5', '4', '9', '3', '4', '9', '6', '2', '2', '1', '3', '4', '8', '8', '9', '6', '0', '7', '0', '2', '3', '1', '7', '5', '9', '2', '1', '8']","['8766', '8300', '7282', '7135', '6816', '7667', '8279', '6998', '6667', '7883', '6350', '7500', '9184', '6783', '7499', '6983', '7917', '7666', '7354', '7669', '7851', '7222', '7881', '7273', '7889', '7499', '7899', '7331', '8351', '8285', '6816', '7751', '4633', '4648', '4440', '4852', '6116', '7305', '5016', '7133', '7153', '7919', '6038', '6403', '7050']","['8', '1', '4', '1', '4', '8', '1', '8', '4', '8', '4', '1', '4', '1', '8', '8', '4', '1', '8', '4', '1', '1', '8', '4', '1', '8', '4', '1', '4', '8', '8', '1', '4', '4', '8', '1', '1', '8', '4', '8', '4', '1', '4', '1', '8']",7,PRE_TEST
13,0.84,15,8017.866666666667,0.6133333333333333,15,8079.933333333333,0.5466666666666666,15,7921.333333333333,13,82,narobin,"['0.6', '0.8', '1', '0.6', '0.6', '1', '1', '0.4', '0.8', '0.4', '0.6', '0.8', '0.8', '0.6', '0.6', '0.8', '0.6', '0.6', '0.6', '1', '0.6', '1', '0.2', '0.6', '0.8', '0.4', '0.6', '0.6', '0.8', '0.4', '0.8', '0.4', '0.6', '0.8', '0.6', '0.8', '0.8', '0.6', '0.6', '0.8', '0.6', '0.6', '0.4', '0.4', '1']","['1', '9', '0', '5', '2', '4', '0', '2', '1', '8', '0', '4', '3', '1', '2', '2', '1', '5', '0', '9', '4', '2', '8', '5', '1', '2', '3', '1', '0', '4', '4', '0', '3', '1', '2', '3', '5', '9', '1', '6', '1', '2', '0', '4', '8', '0', '9', '7', '6', '2', '9', '4', '7', '3', '0', '2', '4', '1', '0', '6', '3', '2', '4', '8', '0', '9', '2', '3', '0', '7', '0', '1', '9', '6', '3', '1', '5', '4', '3', '2', '0', '2', '7', '4', '9', '0', '4', '3', '6', '8', '0', '3', '8', '7', '1', '4', '3', '2', '0', '1', '3', '0', '1', '7', '5', '1', '0', '2', '4', '3', '5', '8', '6', '2', '7', '0', '2', '3', '7', '5', '0', '4', '1', '9', '3', '3', '1', '5', '8', '6', '1', '0', '8', '9', '4', '4', '1', '3', '6', '8', '3', '2', '4', '1', '5', '7', '0', '6', '3', '5', '0', '1', '4', '2', '5', '3', '8', '0', '7', '5', '0', '4', '1', '7', '9', '1', '2', '3', '4', '6', '2', '0', '1', '7', '5', '1', '0', '3', '4', '9', '0', '1', '4', '2', '6', '1', '6', '5', '3', '0', '4', '0', '2', '9', '5', '4', '7', '3', '0', '1', '0', '4', '8', '3', '5', '3', '5', '9', '1', '2', '2', '9', '3', '6', '5', '7', '0', '3', '6', '9', '2', '4', '1', '3', '0']","['4898', '6015', '5916', '5467', '7956', '7606', '8047', '7050', '12787', '7681', '7815', '8001', '7882', '7502', '7768', '8116', '7450', '7225', '8133', '8119', '8153', '8335', '13500', '7666', '7985', '10184', '7684', '8333', '8439', '7800', '7617', '7734', '10049', '7968', '7134', '7151', '8118', '7218', '7784', '9401', '7701', '8118', '9150', '8080', '7551']","['8', '4', '1', '8', '4', '1', '1', '8', '4', '4', '8', '1', '4', '8', '1', '1', '8', '4', '4', '1', '8', '1', '8', '4', '1', '8', '4', '4', '1', '8', '8', '4', '1', '8', '4', '1', '4', '8', '1', '1', '4', '8', '4', '8', '1']",7,POST_TEST
14,0.9866666666666667,15,5392.466666666666,0.7733333333333334,15,5643.133333333333,0.5733333333333334,15,4970.333333333333,14,85,horikawa.t,"['0.6', '1', '1', '0.8', '1', '0.6', '1', '0.8', '0.8', '1', '0.8', '0.4', '1', '1', '0.8', '1', '0.8', '0.6', '0.6', '1', '0.4', '0.4', '0.6', '1', '1', '0.4', '1', '1', '0.4', '0.8', '0.8', '0.6', '1', '1', '0.8', '0.6', '1', '0.4', '1', '0.8', '0.8', '1', '0.8', '0.2', '0.6']","['0', '8', '9', '2', '4', '2', '0', '1', '3', '4', '4', '0', '1', '3', '2', '3', '1', '0', '2', '9', '0', '1', '2', '4', '3', '7', '0', '4', '3', '9', '3', '4', '2', '1', '0', '3', '2', '5', '4', '1', '4', '3', '1', '0', '5', '1', '0', '3', '2', '4', '1', '2', '0', '4', '7', '6', '0', '4', '9', '5', '2', '3', '4', '1', '0', '3', '1', '0', '2', '4', '1', '2', '4', '3', '7', '2', '1', '3', '0', '4', '1', '7', '2', '4', '0', '4', '3', '7', '6', '1', '0', '4', '7', '6', '2', '0', '1', '2', '4', '3', '8', '0', '1', '7', '5', '3', '7', '0', '9', '8', '2', '9', '0', '7', '1', '3', '0', '1', '4', '2', '3', '4', '2', '0', '1', '3', '7', '1', '6', '9', '4', '1', '0', '3', '2', '1', '0', '3', '4', '2', '5', '7', '0', '4', '9', '3', '0', '1', '6', '2', '5', '4', '0', '2', '1', '0', '6', '4', '8', '3', '1', '0', '4', '2', '3', '3', '4', '0', '2', '1', '0', '8', '4', '2', '3', '3', '5', '7', '0', '4', '4', '3', '1', '2', '0', '6', '3', '0', '9', '5', '4', '3', '0', '1', '2', '4', '1', '2', '0', '7', '0', '1', '3', '4', '7', '3', '4', '0', '1', '2', '3', '0', '1', '5', '4', '1', '7', '6', '8', '5', '0', '8', '2', '1', '7']","['4450', '6684', '3568', '4400', '7485', '6833', '5816', '4701', '5216', '4216', '6866', '4400', '4648', '5667', '5734', '4517', '4834', '10284', '4701', '5251', '6435', '4916', '4383', '4901', '7168', '4683', '4383', '4567', '5251', '4551', '3867', '4134', '5101', '5799', '4984', '4850', '5899', '4782', '8883', '6283', '6767', '3834', '3783', '4751', '4863']","['8', '1', '4', '8', '1', '4', '1', '8', '4', '1', '4', '8', '4', '1', '8', '1', '8', '4', '4', '1', '8', '4', '8', '1', '4', '8', '1', '1', '8', '4', '4', '8', '1', '1', '4', '8', '4', '8', '1', '4', '8', '1', '1', '8', '4']",7,PRE_TEST
15,0.9866666666666667,15,5035.8,0.8000000000000002,15,4759.2,0.6133333333333332,15,4866.133333333333,15,85,horikawa.t,"['0.6', '1', '0.6', '0.8', '0.4', '0.8', '0.6', '0.8', '1', '1', '0.8', '1', '1', '0.4', '0.4', '1', '1', '0.6', '0.6', '1', '0.8', '1', '0.6', '0.6', '0.6', '1', '0.8', '1', '0.6', '0.8', '1', '0.8', '1', '0.6', '0.8', '1', '1', '0.8', '0.8', '1', '0.8', '0.6', '0.6', '1', '1']","['3', '1', '0', '5', '6', '0', '4', '2', '1', '3', '3', '8', '1', '2', '5', '1', '0', '4', '2', '9', '1', '7', '3', '5', '6', '0', '4', '7', '1', '3', '2', '4', '0', '8', '6', '3', '1', '0', '2', '7', '4', '2', '3', '0', '1', '0', '2', '1', '4', '3', '1', '5', '4', '0', '3', '2', '1', '4', '3', '0', '0', '4', '2', '1', '3', '1', '8', '5', '4', '6', '1', '7', '2', '8', '9', '0', '1', '3', '2', '4', '0', '2', '3', '4', '1', '3', '4', '0', '6', '7', '1', '8', '3', '4', '9', '2', '3', '0', '4', '1', '4', '0', '2', '1', '6', '2', '1', '3', '4', '0', '1', '2', '4', '9', '6', '4', '2', '8', '1', '6', '2', '4', '3', '9', '7', '3', '0', '1', '2', '4', '4', '1', '2', '6', '0', '4', '1', '3', '2', '0', '3', '9', '0', '5', '2', '2', '3', '4', '0', '5', '2', '0', '4', '1', '3', '7', '3', '4', '1', '0', '1', '3', '0', '2', '4', '8', '1', '3', '4', '5', '3', '1', '7', '0', '2', '1', '4', '3', '0', '2', '3', '0', '2', '4', '1', '9', '0', '4', '3', '1', '2', '4', '6', '0', '1', '4', '3', '2', '0', '1', '0', '4', '2', '8', '3', '8', '9', '2', '1', '3', '7', '5', '0', '2', '1', '1', '2', '4', '3', '0', '0', '3', '2', '1', '4']","['4368', '4784', '4252', '5034', '4818', '9150', '4384', '4300', '6716', '6517', '4732', '3618', '3234', '3884', '3900', '2798', '5549', '5933', '4068', '3117', '7166', '4233', '4299', '7585', '6600', '3783', '4434', '5050', '4017', '4868', '7701', '3718', '5200', '3966', '4369', '5050', '5283', '5435', '4466', '4634', '4400', '5534', '4050', '4852', '4068']","['4', '1', '8', '1', '8', '4', '8', '4', '1', '1', '8', '4', '1', '4', '8', '4', '1', '8', '8', '1', '4', '1', '4', '8', '8', '1', '4', '1', '8', '4', '1', '8', '4', '8', '4', '1', '1', '8', '4', '1', '4', '8', '8', '1', '4']",7,POST_TEST
16,0.8400000000000002,15,4406.066666666667,0.6133333333333333,15,4167.266666666666,0.5866666666666664,15,4180.0,16,84,aperrier004,"['0.6', '0.4', '0.8', '1', '0.8', '0.6', '0.6', '0.6', '0.6', '0.8', '0.4', '0.4', '0.6', '0.6', '0.8', '0.8', '0.8', '0.8', '0.8', '0.8', '0.4', '1', '0.4', '0.6', '0.6', '1', '1', '0.2', '0.6', '0.8', '0.6', '0.8', '0.6', '0.8', '1', '0.8', '0.6', '0.6', '0.8', '0.8', '0.8', '0.4', '0.4', '0.8', '0.6']","['0', '5', '2', '7', '3', '1', '8', '7', '9', '4', '1', '2', '0', '3', '6', '0', '4', '3', '2', '1', '1', '9', '0', '4', '2', '0', '3', '6', '1', '5', '6', '4', '3', '2', '5', '2', '4', '1', '6', '7', '4', '9', '1', '2', '6', '0', '1', '2', '3', '7', '8', '0', '5', '2', '7', '9', '6', '3', '8', '4', '3', '9', '1', '2', '7', '3', '6', '0', '2', '9', '3', '0', '1', '7', '4', '1', '2', '3', '0', '5', '4', '1', '0', '2', '8', '3', '6', '2', '1', '0', '0', '3', '1', '2', '8', '4', '5', '1', '0', '2', '6', '2', '9', '1', '5', '2', '1', '0', '4', '3', '5', '7', '8', '4', '0', '0', '8', '4', '1', '9', '3', '9', '4', '8', '0', '1', '0', '3', '2', '4', '1', '3', '0', '4', '2', '5', '9', '8', '2', '6', '2', '4', '7', '0', '6', '1', '2', '3', '4', '8', '4', '5', '7', '0', '2', '4', '1', '2', '3', '6', '3', '9', '4', '5', '2', '1', '2', '4', '3', '6', '2', '0', '3', '1', '4', '4', '2', '0', '1', '5', '3', '2', '9', '8', '1', '1', '0', '9', '7', '4', '4', '0', '2', '8', '1', '2', '4', '7', '0', '1', '4', '9', '1', '3', '0', '6', '4', '9', '1', '5', '3', '9', '1', '6', '8', '7', '4', '3', '2', '0', '9', '0', '4', '5', '3']","['2872', '4475', '10500', '3250', '8375', '4525', '7576', '6295', '3575', '3278', '2979', '3854', '4127', '3376', '3301', '4100', '4075', '2900', '3076', '8225', '3677', '2500', '3425', '3602', '3702', '3925', '3204', '4228', '3775', '2904', '3227', '2875', '2919', '3651', '3198', '3649', '4901', '3551', '3779', '4225', '2701', '5700', '4278', '9849', '3121']","['4', '8', '1', '1', '4', '8', '1', '4', '8', '1', '4', '8', '8', '4', '1', '1', '8', '4', '1', '8', '4', '1', '8', '4', '8', '4', '1', '4', '8', '1', '4', '1', '8', '8', '1', '4', '4', '8', '1', '4', '1', '8', '4', '1', '8']",5,PRE_TEST
17,0.52,15,6249.666666666667,0.5333333333333333,15,7227.8,0.5333333333333331,15,7334.533333333334,17,84,aperrier004,"['0.6', '0.4', '0.4', '0.6', '0.4', '0.6', '0.2', '0.6', '0.6', '0.6', '0.4', '0.6', '0.6', '0.4', '0.6', '0.4', '0.4', '0.6', '0.4', '0.6', '0.4', '0.4', '0.4', '0.6', '0.8', '0.8', '0.6', '0.6', '0.4', '0.8', '0.6', '0.8', '0.6', '0.6', '0.6', '0.2', '0.6', '0.4', '0.4', '0.6', '0.6', '0.4', '0.6', '0.4', '0.6']","['0', '4', '6', '5', '2', '9', '4', '0', '8', '5', '5', '3', '8', '1', '9', '6', '2', '1', '9', '3', '2', '0', '7', '5', '6', '0', '3', '6', '2', '7', '8', '9', '2', '5', '6', '8', '7', '4', '3', '0', '3', '0', '6', '5', '1', '5', '3', '1', '2', '6', '4', '8', '9', '0', '5', '8', '9', '3', '1', '0', '7', '4', '0', '6', '1', '6', '7', '8', '3', '1', '6', '0', '7', '4', '1', '8', '7', '1', '5', '2', '3', '5', '9', '0', '6', '1', '5', '2', '8', '3', '7', '4', '6', '9', '1', '4', '0', '3', '9', '6', '5', '9', '2', '4', '6', '6', '2', '8', '7', '3', '8', '7', '3', '4', '9', '5', '8', '0', '1', '4', '1', '0', '2', '5', '4', '2', '3', '1', '0', '9', '9', '2', '5', '3', '4', '2', '3', '9', '4', '5', '8', '7', '3', '9', '2', '7', '1', '3', '2', '0', '4', '0', '2', '6', '5', '6', '2', '0', '1', '3', '4', '1', '0', '5', '6', '4', '3', '5', '6', '2', '0', '6', '2', '3', '7', '8', '5', '4', '9', '6', '1', '3', '2', '5', '8', '0', '3', '7', '6', '9', '3', '7', '4', '5', '6', '9', '4', '8', '0', '2', '1', '2', '4', '7', '5', '7', '6', '4', '2', '9', '0', '7', '9', '2', '1', '8', '7', '3', '1', '9', '6', '1', '2', '4', '8']","['9122', '3680', '3600', '3531', '2907', '4424', '9601', '3601', '6999', '16126', '2329', '4400', '4324', '5952', '19223', '5377', '6000', '4378', '5553', '7150', '4402', '3877', '8900', '8652', '11506', '8602', '3001', '3600', '6052', '16076', '4977', '6324', '4504', '6325', '2621', '1876', '5901', '2725', '14253', '12874', '9500', '6300', '20103', '6776', '4176']","['4', '8', '1', '4', '1', '8', '4', '8', '1', '1', '8', '4', '4', '1', '8', '4', '8', '1', '8', '4', '1', '1', '8', '4', '1', '4', '8', '8', '1', '4', '4', '1', '8', '8', '1', '4', '8', '1', '4', '8', '1', '4', '8', '1', '4']",5,POST_TEST
18,1.0,15,4130.333333333333,0.7733333333333335,15,3743.3333333333335,0.5333333333333333,15,3806.6666666666665,18,87,hsini.liao,"['1', '0.6', '1', '0.8', '0.6', '1', '0.4', '1', '1', '1', '1', '0.4', '1', '0.6', '0.6', '0.8', '1', '0.4', '0.2', '0.8', '1', '1', '0.4', '1', '0.8', '1', '0.6', '0.6', '1', '0.6', '0.8', '1', '0.4', '1', '0.8', '0.8', '0.4', '0.4', '1', '0.8', '0.6', '1', '0.8', '0.6', '1']","['4', '2', '0', '1', '3', '1', '7', '0', '9', '4', '0', '4', '1', '3', '2', '3', '2', '1', '4', '7', '0', '3', '1', '7', '6', '0', '2', '1', '4', '3', '3', '8', '9', '1', '7', '4', '1', '2', '0', '3', '0', '3', '2', '1', '4', '3', '0', '2', '4', '1', '1', '0', '2', '3', '4', '3', '5', '6', '8', '0', '4', '0', '3', '1', '2', '2', '1', '6', '9', '0', '4', '8', '1', '9', '0', '3', '4', '2', '1', '5', '2', '4', '1', '3', '0', '0', '2', '9', '6', '5', '5', '0', '6', '7', '8', '8', '2', '1', '3', '4', '2', '0', '3', '1', '4', '1', '2', '3', '4', '0', '2', '8', '6', '9', '0', '0', '2', '1', '3', '4', '0', '5', '2', '4', '3', '4', '3', '0', '2', '1', '4', '3', '6', '1', '9', '1', '5', '3', '7', '4', '4', '2', '1', '3', '0', '1', '5', '8', '3', '0', '2', '0', '5', '4', '1', '2', '3', '1', '4', '0', '3', '4', '6', '5', '7', '1', '2', '0', '4', '3', '2', '3', '4', '0', '5', '0', '2', '3', '4', '5', '6', '5', '7', '4', '1', '8', '4', '6', '0', '9', '0', '3', '2', '1', '4', '1', '4', '3', '7', '2', '2', '3', '1', '7', '9', '0', '2', '1', '4', '3', '2', '6', '0', '4', '3', '0', '4', '3', '6', '5', '1', '0', '3', '2', '4']","['4167', '4652', '4265', '4034', '3636', '4134', '3150', '4367', '5650', '4034', '3451', '5750', '4167', '3832', '3697', '4397', '4400', '3917', '3284', '3251', '3584', '3584', '3701', '3650', '3282', '3501', '3300', '3617', '3701', '3133', '3365', '3932', '3499', '3550', '4418', '3499', '4401', '3600', '3618', '4117', '3134', '5601', '3434', '3483', '4266']","['1', '8', '4', '8', '4', '1', '8', '4', '1', '1', '4', '8', '1', '4', '8', '4', '1', '8', '8', '4', '1', '4', '8', '1', '8', '1', '4', '8', '1', '4', '4', '1', '8', '1', '4', '8', '8', '4', '1', '4', '8', '1', '4', '8', '1']",1,PRE_TEST
19,0.9866666666666667,15,4207.666666666667,0.7466666666666667,15,4026.266666666667,0.6133333333333334,15,3671.2,19,87,hsini.liao,"['0.6', '1', '0.8', '0.6', '0.6', '1', '0.6', '0.8', '1', '1', '0.6', '0.4', '1', '0.6', '0.8', '1', '0.4', '0.8', '0.8', '1', '1', '1', '0.4', '1', '0.8', '1', '0.6', '0.6', '1', '1', '1', '0.8', '0.8', '0.4', '0.4', '1', '1', '0.8', '0.6', '1', '0.4', '0.8', '0.8', '1', '0.6']","['3', '2', '9', '6', '4', '4', '2', '1', '3', '0', '1', '2', '0', '8', '4', '2', '7', '8', '1', '3', '2', '4', '6', '1', '8', '1', '0', '2', '4', '3', '0', '1', '9', '3', '5', '2', '4', '3', '9', '1', '0', '2', '3', '4', '1', '3', '4', '0', '2', '1', '1', '2', '0', '9', '5', '1', '0', '7', '8', '5', '2', '0', '4', '3', '1', '2', '4', '9', '3', '8', '3', '4', '2', '1', '6', '3', '0', '1', '2', '4', '8', '9', '4', '7', '2', '5', '4', '1', '0', '3', '4', '1', '2', '3', '7', '0', '1', '4', '2', '3', '4', '1', '3', '2', '0', '3', '2', '4', '0', '1', '5', '1', '3', '6', '9', '2', '3', '1', '4', '0', '3', '0', '2', '1', '8', '1', '2', '4', '0', '3', '1', '3', '2', '5', '6', '0', '4', '9', '1', '6', '1', '4', '2', '0', '3', '1', '3', '2', '0', '4', '0', '4', '2', '3', '1', '2', '5', '1', '0', '4', '1', '3', '0', '4', '9', '1', '4', '6', '9', '5', '4', '2', '5', '7', '9', '0', '3', '4', '1', '2', '0', '2', '1', '4', '3', '5', '2', '0', '1', '4', '0', '3', '5', '6', '2', '1', '3', '0', '4', '2', '3', '7', '4', '8', '5', '2', '3', '5', '1', '4', '0', '3', '4', '6', '1', '0', '2', '1', '3', '4', '5', '7', '1', '4', '3']","['3918', '4399', '3968', '3115', '3867', '4201', '4265', '3918', '3916', '3667', '4266', '3366', '3650', '3833', '5449', '5282', '3251', '3298', '5515', '3833', '6400', '4883', '2884', '3418', '3634', '3400', '4567', '4433', '4066', '3633', '3384', '3750', '3315', '3884', '3315', '3700', '3684', '4399', '3816', '3434', '3668', '3867', '3582', '4334', '4150']","['8', '1', '4', '4', '8', '1', '4', '8', '1', '1', '4', '8', '1', '8', '4', '1', '8', '4', '4', '8', '1', '1', '8', '4', '8', '1', '4', '8', '1', '4', '1', '8', '4', '4', '8', '1', '4', '1', '8', '1', '8', '4', '8', '1', '4']",1,POST_TEST
20,0.9333333333333333,15,3714.8,0.8266666666666667,15,3697.8,0.7866666666666667,15,3365.0,20,90,Thomik,"['1', '1', '1', '1', '1', '1', '0.8', '1', '1', '0.6', '1', '0.6', '0.8', '0.4', '0.8', '1', '1', '0.2', '0.8', '0.8', '0.8', '0.6', '1', '0.6', '0.8', '0.8', '0.4', '1', '1', '1', '0.8', '0.8', '1', '0.8', '1', '1', '1', '0.6', '0.8', '1', '1', '1', '1', '0.6', '1']","['1', '4', '2', '3', '0', '3', '2', '0', '4', '1', '3', '2', '4', '0', '1', '1', '3', '4', '0', '2', '2', '3', '4', '0', '1', '0', '2', '1', '4', '3', '4', '3', '2', '0', '6', '3', '1', '0', '2', '4', '3', '2', '4', '0', '1', '0', '2', '4', '7', '5', '4', '3', '0', '1', '2', '1', '3', '0', '9', '7', '1', '0', '4', '2', '6', '4', '7', '8', '6', '3', '4', '6', '2', '3', '1', '3', '0', '4', '2', '1', '3', '4', '2', '1', '0', '7', '9', '8', '4', '5', '2', '3', '6', '0', '1', '8', '3', '0', '1', '2', '4', '3', '0', '8', '2', '4', '0', '3', '9', '5', '3', '0', '4', '1', '2', '1', '2', '8', '6', '0', '0', '1', '2', '3', '8', '3', '4', '1', '0', '7', '8', '5', '1', '9', '4', '0', '2', '1', '4', '3', '0', '4', '3', '2', '1', '3', '2', '0', '4', '1', '0', '4', '2', '1', '9', '1', '0', '4', '3', '5', '0', '3', '4', '2', '1', '3', '4', '6', '1', '2', '0', '2', '1', '3', '4', '3', '4', '2', '0', '1', '2', '0', '1', '4', '3', '4', '7', '3', '1', '9', '2', '9', '4', '1', '0', '0', '2', '1', '3', '4', '2', '1', '3', '4', '0', '4', '0', '3', '2', '1', '4', '3', '0', '1', '2', '0', '3', '7', '9', '1', '2', '3', '0', '4', '1']","['2968', '3700', '4029', '3251', '3134', '3702', '2967', '3401', '2900', '3968', '3735', '3368', '2968', '3701', '2669', '2665', '2767', '3302', '4234', '4034', '4734', '3133', '2749', '3550', '3800', '3701', '3901', '4483', '3231', '3601', '4127', '4734', '4734', '2734', '4050', '3568', '3503', '2999', '5701', '2601', '3501', '3582', '2682', '5899', '2903']","['8', '4', '1', '1', '8', '4', '8', '1', '4', '8', '1', '4', '4', '8', '1', '1', '8', '4', '1', '4', '8', '8', '1', '4', '4', '1', '8', '4', '8', '1', '4', '8', '1', '8', '1', '4', '1', '8', '4', '8', '1', '4', '4', '1', '8']",5,PRE_TEST
21,0.9600000000000002,15,3765.733333333333,0.8666666666666668,15,3798.733333333333,0.7333333333333333,15,3827.3333333333335,21,90,Thomik,"['1', '0.8', '1', '0.8', '0.8', '1', '0.4', '0.6', '1', '1', '0.8', '0.4', '0.8', '1', '0.8', '0.6', '1', '0.4', '1', '1', '1', '1', '1', '1', '1', '1', '0.6', '0.8', '1', '1', '1', '1', '1', '0.8', '0.8', '0.6', '0.6', '0.8', '1', '0.6', '1', '1', '1', '0.8', '0.8']","['0', '1', '4', '3', '2', '2', '0', '8', '1', '4', '1', '4', '2', '3', '0', '0', '4', '2', '3', '6', '0', '2', '7', '4', '1', '3', '0', '2', '1', '4', '2', '0', '7', '9', '6', '4', '6', '1', '3', '8', '0', '2', '3', '1', '4', '1', '0', '4', '3', '2', '2', '4', '1', '3', '9', '9', '5', '3', '2', '6', '3', '2', '5', '4', '0', '1', '3', '4', '0', '2', '0', '3', '6', '4', '1', '4', '8', '9', '1', '3', '1', '0', '3', '4', '2', '6', '9', '0', '8', '4', '4', '0', '3', '1', '2', '4', '1', '2', '3', '0', '3', '4', '2', '1', '0', '2', '0', '1', '3', '4', '1', '0', '3', '4', '2', '0', '4', '3', '2', '1', '0', '2', '4', '1', '3', '2', '3', '1', '4', '0', '3', '1', '0', '8', '9', '3', '4', '5', '1', '2', '0', '1', '3', '2', '4', '0', '2', '3', '1', '4', '3', '2', '0', '4', '1', '4', '1', '3', '0', '2', '1', '0', '4', '2', '3', '1', '2', '7', '4', '3', '5', '0', '4', '1', '3', '1', '2', '6', '8', '0', '8', '1', '3', '4', '9', '4', '9', '0', '2', '1', '1', '0', '3', '2', '4', '1', '6', '3', '7', '2', '4', '3', '2', '1', '0', '2', '1', '4', '0', '3', '0', '1', '3', '2', '4', '2', '4', '7', '1', '3', '3', '2', '4', '1', '9']","['2749', '4635', '2479', '3402', '4785', '3318', '3520', '6099', '3551', '2801', '4585', '3400', '2701', '5802', '5018', '3430', '3367', '3717', '3317', '3967', '3985', '3727', '2833', '4135', '6551', '4218', '3035', '4358', '2966', '2923', '3220', '4168', '5137', '3534', '3419', '4184', '4034', '3705', '4184', '3232', '3035', '3250', '3185', '3501', '3715']","['1', '8', '4', '4', '8', '1', '8', '4', '1', '4', '1', '8', '4', '1', '8', '4', '1', '8', '4', '8', '1', '8', '1', '4', '1', '4', '8', '4', '1', '8', '1', '8', '4', '8', '1', '4', '8', '1', '4', '8', '4', '1', '1', '4', '8']",5,POST_TEST
22,0.9733333333333334,15,4190.066666666667,0.8000000000000002,15,3906.2,0.6,15,4288.866666666667,22,96,MathildeCAZES,"['1', '1', '0.4', '0.4', '1', '0.6', '1', '1', '0.6', '0.6', '0.6', '1', '0.6', '0.8', '1', '0.6', '0.4', '1', '0.6', '1', '1', '0.8', '0.6', '1', '1', '0.6', '0.6', '1', '0.6', '1', '0.8', '0.8', '0.8', '0.4', '1', '1', '0.4', '1', '0.8', '0.6', '0.8', '1', '1', '0.8', '1']","['1', '0', '3', '2', '4', '0', '4', '1', '3', '2', '8', '2', '4', '7', '6', '8', '4', '0', '9', '6', '0', '1', '4', '2', '3', '1', '8', '2', '7', '0', '3', '1', '2', '4', '0', '0', '1', '4', '3', '2', '4', '0', '7', '1', '5', '1', '4', '2', '8', '6', '7', '0', '4', '2', '5', '0', '3', '1', '4', '2', '2', '1', '7', '5', '4', '0', '4', '3', '1', '9', '1', '2', '3', '4', '0', '1', '4', '6', '0', '5', '5', '4', '8', '2', '9', '3', '1', '4', '2', '0', '9', '7', '3', '1', '4', '3', '1', '0', '4', '2', '1', '2', '0', '3', '4', '3', '4', '0', '1', '5', '7', '3', '2', '0', '6', '2', '0', '4', '1', '3', '1', '2', '0', '4', '3', '2', '3', '9', '7', '0', '7', '1', '0', '6', '2', '1', '0', '3', '4', '2', '9', '3', '0', '6', '2', '3', '1', '4', '2', '0', '3', '1', '2', '6', '0', '4', '9', '2', '1', '3', '3', '1', '2', '0', '8', '4', '0', '8', '6', '9', '1', '4', '0', '3', '2', '3', '1', '0', '4', '2', '6', '1', '3', '7', '9', '2', '4', '0', '3', '1', '1', '7', '2', '0', '4', '1', '0', '4', '6', '5', '7', '3', '0', '2', '1', '3', '0', '2', '1', '4', '4', '0', '2', '1', '3', '1', '3', '0', '2', '6', '3', '0', '2', '1', '4']","['2877', '3608', '3525', '3977', '3442', '3309', '4273', '3824', '6234', '3825', '3093', '3376', '3591', '4821', '4240', '3841', '4406', '3209', '4056', '5702', '3575', '3673', '6152', '6335', '3724', '4505', '4639', '3476', '3925', '3824', '4074', '4241', '4090', '4041', '3724', '4024', '2877', '2926', '4190', '3541', '8180', '4140', '4041', '4490', '4141']","['4', '1', '8', '8', '1', '4', '1', '4', '8', '8', '4', '1', '8', '4', '1', '4', '8', '1', '8', '4', '1', '4', '8', '1', '1', '4', '8', '4', '8', '1', '1', '4', '8', '8', '4', '1', '4', '1', '8', '8', '1', '4', '1', '4', '8']",1,PRE_TEST
23,0.9733333333333333,15,4403.866666666667,0.7733333333333333,15,3796.8,0.6133333333333333,15,3754.6,23,96,MathildeCAZES,"['0.8', '0.8', '0.4', '0.6', '1', '0.6', '0.8', '0.8', '1', '1', '0.8', '0.6', '0.6', '0.8', '1', '1', '0.8', '0.6', '0.6', '1', '0.4', '0.8', '0.8', '1', '0.8', '0.6', '0.8', '0.4', '1', '1', '0.6', '0.8', '1', '0.6', '1', '1', '0.8', '1', '0.8', '0.6', '1', '0.6', '1', '1', '0.4']","['2', '3', '4', '0', '8', '3', '8', '0', '1', '2', '1', '8', '5', '9', '2', '4', '8', '0', '3', '5', '0', '4', '1', '3', '2', '1', '0', '9', '2', '5', '2', '1', '3', '6', '0', '2', '3', '9', '1', '4', '0', '4', '1', '2', '3', '4', '3', '1', '0', '2', '2', '3', '0', '1', '7', '8', '3', '6', '1', '0', '0', '4', '6', '3', '5', '4', '0', '2', '3', '5', '4', '3', '0', '2', '1', '4', '2', '3', '0', '1', '1', '2', '7', '3', '0', '4', '3', '0', '7', '6', '4', '6', '5', '2', '1', '4', '0', '1', '3', '2', '3', '0', '5', '8', '9', '3', '2', '0', '9', '1', '2', '9', '1', '4', '0', '2', '3', '4', '1', '0', '0', '4', '2', '1', '8', '0', '6', '4', '9', '1', '2', '0', '3', '1', '5', '6', '8', '7', '1', '4', '1', '3', '2', '4', '0', '3', '0', '2', '4', '1', '4', '2', '7', '9', '1', '4', '1', '6', '0', '2', '4', '2', '1', '3', '0', '2', '4', '0', '5', '8', '0', '4', '3', '2', '1', '0', '4', '3', '1', '2', '1', '4', '7', '2', '3', '4', '2', '3', '0', '1', '1', '3', '2', '0', '9', '0', '3', '4', '7', '8', '1', '4', '0', '2', '3', '2', '3', '4', '5', '7', '3', '0', '2', '1', '4', '2', '3', '0', '4', '1', '4', '7', '9', '5', '2']","['3808', '4490', '4124', '2777', '4123', '3642', '3209', '4257', '5006', '5337', '5055', '3110', '3158', '3360', '4621', '4922', '3475', '4057', '3891', '3973', '3725', '3276', '3408', '4538', '3974', '3392', '4789', '3675', '3641', '4888', '4689', '3858', '3409', '3891', '3858', '2828', '5287', '4073', '3375', '4955', '3792', '4173', '4239', '3426', '3775']","['4', '1', '8', '4', '1', '8', '4', '8', '1', '1', '4', '8', '8', '4', '1', '1', '8', '4', '4', '1', '8', '8', '4', '1', '8', '4', '1', '8', '4', '1', '8', '4', '1', '8', '1', '4', '4', '1', '8', '4', '1', '8', '1', '4', '8']",1,POST_TEST
24,0.8400000000000001,15,4848.733333333334,0.6266666666666667,15,5113.866666666667,0.52,15,4595.933333333333,24,97,croquis,"['0.6', '0.8', '0.2', '0.6', '0.4', '1', '0.6', '0.8', '0.6', '0.6', '0.6', '0.6', '0.8', '0.6', '1', '1', '0.6', '0.6', '0.6', '0.6', '0.6', '0.6', '0.8', '0.8', '0.8', '0.4', '0.6', '0.4', '0.8', '0.6', '0.8', '0.4', '0.6', '1', '0.4', '0.6', '0.8', '0.6', '0.6', '0.6', '0.8', '0.8', '1', '0.8', '0.4']","['4', '3', '2', '7', '9', '4', '1', '2', '0', '9', '9', '6', '1', '5', '8', '1', '0', '4', '5', '6', '2', '3', '6', '9', '8', '4', '2', '3', '1', '0', '2', '0', '3', '5', '6', '2', '1', '4', '8', '0', '2', '9', '1', '7', '3', '0', '7', '2', '5', '3', '3', '1', '8', '0', '5', '0', '5', '1', '2', '9', '3', '8', '1', '4', '2', '8', '9', '3', '2', '1', '1', '2', '0', '4', '3', '4', '3', '0', '1', '2', '5', '3', '6', '4', '0', '5', '1', '4', '7', '3', '2', '3', '6', '0', '7', '3', '7', '0', '9', '2', '6', '4', '0', '1', '9', '7', '6', '4', '0', '1', '2', '1', '4', '8', '0', '2', '4', '7', '1', '0', '2', '4', '1', '7', '3', '7', '5', '0', '6', '3', '1', '2', '0', '9', '8', '7', '1', '0', '8', '5', '1', '4', '2', '3', '6', '9', '1', '0', '3', '8', '1', '4', '2', '3', '7', '3', '1', '9', '5', '8', '3', '4', '9', '2', '6', '4', '2', '3', '1', '0', '3', '5', '0', '9', '8', '0', '1', '5', '9', '4', '9', '1', '3', '2', '0', '4', '8', '2', '0', '6', '3', '2', '1', '8', '7', '1', '7', '4', '6', '2', '1', '4', '0', '3', '8', '2', '1', '4', '7', '0', '4', '1', '2', '0', '3', '1', '2', '6', '0', '4', '6', '5', '3', '8', '1']","['5355', '5772', '6023', '4472', '5873', '4255', '4121', '5256', '4454', '4371', '4454', '5056', '4753', '5140', '5638', '4430', '4620', '4221', '4087', '3670', '4637', '4756', '4588', '4621', '4471', '4537', '5339', '6105', '5673', '3537', '4237', '5005', '5305', '4603', '5455', '5273', '4906', '5473', '4622', '4772', '5338', '6007', '4388', '4805', '3904']","['4', '1', '8', '8', '4', '1', '4', '1', '8', '8', '4', '1', '4', '8', '1', '1', '4', '8', '1', '8', '4', '8', '4', '1', '1', '8', '4', '4', '1', '8', '1', '8', '4', '1', '8', '4', '1', '4', '8', '8', '1', '4', '1', '4', '8']",6,POST_TEST
25,0.9600000000000001,15,4194.266666666666,0.7333333333333333,15,4337.333333333333,0.5733333333333334,15,4731.4,25,97,croquis,"['0.4', '0.8', '0.8', '0.4', '1', '1', '0.8', '0.6', '1', '0.6', '1', '0.8', '0.6', '0.4', '0.8', '0.4', '1', '0.8', '1', '0.4', '0.6', '0.8', '0.6', '1', '1', '0.8', '0.4', '1', '0.6', '0.6', '1', '0.6', '0.6', '0.6', '0.8', '1', '0.6', '1', '0.6', '0.8', '0.8', '1', '1', '0.8', '0.8']","['3', '4', '5', '7', '9', '1', '4', '3', '0', '6', '3', '0', '1', '4', '8', '4', '8', '9', '0', '5', '3', '4', '2', '1', '0', '0', '2', '1', '4', '3', '3', '2', '1', '4', '7', '2', '1', '0', '8', '7', '2', '0', '4', '1', '3', '2', '3', '4', '6', '5', '4', '2', '0', '1', '3', '3', '1', '0', '9', '4', '3', '2', '0', '6', '7', '3', '0', '8', '7', '9', '0', '2', '1', '5', '3', '4', '1', '6', '7', '5', '2', '3', '0', '4', '1', '0', '3', '1', '8', '4', '0', '1', '4', '2', '3', '4', '2', '9', '5', '7', '3', '9', '1', '8', '4', '0', '2', '4', '1', '6', '8', '2', '1', '6', '3', '4', '1', '0', '3', '2', '3', '1', '2', '0', '4', '4', '0', '1', '7', '2', '3', '8', '6', '9', '2', '4', '3', '2', '0', '1', '1', '2', '5', '9', '3', '1', '2', '9', '0', '5', '3', '2', '1', '4', '0', '2', '4', '6', '8', '1', '0', '2', '3', '6', '7', '8', '3', '4', '0', '5', '1', '2', '8', '4', '3', '2', '3', '0', '1', '4', '2', '1', '5', '4', '9', '2', '3', '4', '0', '1', '2', '9', '1', '5', '3', '0', '8', '3', '4', '2', '2', '4', '6', '1', '0', '1', '4', '0', '3', '2', '1', '4', '3', '0', '2', '2', '0', '7', '3', '4', '4', '1', '3', '0', '6']","['3561', '5126', '3907', '4316', '4438', '4125', '4907', '4062', '3812', '4655', '5406', '5594', '4032', '5032', '4625', '3812', '4749', '4437', '4064', '3469', '5187', '3966', '5248', '3469', '3126', '5187', '5533', '3845', '4623', '5407', '4219', '4502', '5313', '4406', '4813', '4719', '3935', '4377', '4594', '3376', '4312', '4781', '3689', '4594', '3595']","['8', '4', '1', '8', '1', '4', '4', '8', '1', '4', '1', '8', '4', '8', '1', '8', '4', '1', '1', '4', '8', '4', '8', '1', '1', '4', '8', '1', '4', '8', '1', '4', '8', '8', '4', '1', '4', '1', '8', '4', '8', '1', '1', '8', '4']",6,PRE_TEST
26,0.88,15,3209.5333333333333,0.64,15,3048.733333333333,0.4933333333333333,15,3439.5333333333333,26,116,ylemesle,"['1', '0.6', '0.8', '0.6', '0.8', '0.4', '0.8', '0.6', '0.4', '0.2', '0.8', '0.4', '1', '0.6', '0.4', '0.4', '0.8', '0.2', '0.6', '0.4', '0.8', '0.4', '1', '1', '0.8', '0.6', '0.8', '0.8', '0.6', '1', '1', '0.6', '0.6', '0.6', '0.4', '0.8', '0.6', '1', '0.8', '0.6', '1', '0.6', '0.4', '0.6', '1']","['4', '0', '3', '1', '2', '1', '9', '3', '4', '5', '3', '4', '2', '0', '7', '1', '3', '8', '6', '0', '3', '1', '0', '8', '4', '6', '1', '5', '8', '3', '5', '1', '3', '0', '2', '4', '3', '0', '7', '8', '8', '2', '7', '6', '0', '9', '5', '4', '7', '8', '3', '2', '1', '4', '8', '7', '3', '6', '8', '2', '0', '4', '3', '2', '1', '1', '4', '2', '5', '6', '3', '5', '9', '2', '6', '6', '2', '7', '9', '3', '3', '0', '1', '4', '8', '7', '0', '6', '9', '5', '8', '4', '3', '7', '1', '8', '1', '0', '5', '9', '2', '0', '3', '4', '9', '6', '3', '7', '5', '1', '4', '3', '1', '2', '0', '0', '4', '3', '2', '1', '3', '1', '7', '2', '4', '8', '9', '1', '0', '2', '1', '2', '3', '0', '6', '4', '0', '2', '8', '1', '4', '2', '3', '9', '8', '4', '0', '2', '3', '1', '3', '4', '2', '0', '1', '2', '9', '8', '1', '0', '4', '2', '3', '9', '6', '4', '2', '1', '5', '9', '9', '0', '6', '7', '4', '4', '0', '3', '2', '9', '9', '7', '3', '1', '2', '1', '0', '3', '2', '4', '2', '1', '4', '3', '8', '4', '8', '7', '0', '2', '3', '4', '1', '0', '2', '3', '5', '4', '6', '1', '9', '4', '1', '6', '8', '1', '3', '4', '6', '7', '2', '3', '0', '1', '4']","['4017', '5685', '3232', '5481', '2649', '2783', '2798', '3815', '3848', '3631', '3199', '4299', '3015', '2833', '2701', '3315', '3666', '4985', '3016', '3882', '3481', '3615', '3948', '2749', '2582', '2933', '2515', '3118', '3014', '2798', '2665', '3317', '2566', '2733', '2733', '3915', '2232', '2748', '2716', '3148', '2898', '2715', '2249', '2498', '2731']","['1', '8', '4', '4', '1', '8', '1', '4', '8', '8', '4', '1', '1', '4', '8', '4', '1', '8', '4', '8', '1', '8', '1', '4', '4', '8', '1', '8', '4', '1', '1', '8', '4', '4', '8', '1', '4', '1', '8', '8', '1', '4', '4', '8', '1']",4,PRE_TEST
27,0.9733333333333334,15,3449.733333333333,0.6133333333333333,15,3044.6666666666665,0.5199999999999999,15,3438.8,27,116,ylemesle,"['1', '0.6', '0.6', '1', '1', '0.4', '0.6', '0.6', '1', '0.8', '0.6', '0.8', '0.4', '0.6', '1', '0.6', '1', '0.6', '0.8', '0.6', '1', '1', '0.2', '0.6', '0.6', '0.6', '1', '1', '0.4', '0.6', '0.6', '1', '0.6', '1', '0.6', '0.4', '0.8', '1', '0.6', '0.2', '0.8', '0.6', '1', '0.4', '0.4']","['4', '1', '3', '2', '0', '1', '4', '8', '9', '0', '1', '4', '2', '9', '6', '2', '4', '3', '1', '0', '0', '1', '2', '4', '3', '8', '1', '9', '5', '3', '9', '3', '1', '5', '4', '7', '4', '3', '6', '1', '1', '3', '0', '2', '4', '4', '0', '1', '2', '5', '3', '0', '7', '5', '2', '6', '2', '0', '1', '3', '1', '7', '5', '9', '0', '2', '3', '6', '1', '5', '1', '3', '0', '2', '4', '1', '2', '7', '6', '4', '3', '1', '2', '4', '0', '9', '1', '0', '3', '7', '3', '4', '0', '1', '5', '7', '1', '3', '5', '0', '4', '3', '1', '0', '2', '3', '0', '2', '4', '1', '8', '3', '7', '6', '9', '3', '6', '4', '0', '8', '8', '0', '1', '2', '5', '1', '4', '8', '9', '3', '1', '4', '0', '2', '3', '0', '3', '1', '4', '2', '9', '1', '6', '2', '7', '7', '0', '4', '1', '6', '8', '1', '0', '2', '7', '2', '0', '1', '3', '4', '8', '4', '7', '0', '2', '3', '0', '1', '4', '2', '8', '2', '7', '4', '1', '7', '4', '8', '9', '0', '2', '1', '8', '4', '0', '3', '0', '4', '2', '1', '2', '0', '8', '4', '6', '8', '9', '5', '3', '7', '2', '3', '9', '4', '0', '2', '1', '4', '6', '9', '4', '2', '0', '3', '1', '2', '5', '6', '3', '7', '1', '3', '5', '8', '7']","['3116', '11213', '2549', '3349', '4432', '3098', '3132', '3433', '9764', '2566', '3283', '4432', '3001', '3217', '3432', '2348', '1848', '3081', '2832', '2882', '2748', '2332', '2715', '2249', '2750', '2716', '2315', '3716', '2333', '2832', '3699', '2349', '3248', '4231', '2232', '4582', '2933', '2749', '3549', '2799', '2949', '2633', '2416', '2383', '2532']","['1', '8', '4', '1', '4', '8', '8', '4', '1', '4', '8', '1', '8', '4', '1', '4', '1', '8', '4', '8', '1', '1', '8', '4', '8', '4', '1', '1', '4', '8', '4', '1', '8', '1', '8', '4', '8', '1', '4', '8', '1', '4', '1', '8', '4']",4,POST_TEST
28,0.9733333333333333,15,3485.5333333333333,0.8533333333333335,15,4120.066666666667,0.56,15,4571.266666666666,28,140,DocheHarden,"['1', '0.8', '1', '0.6', '1', '0.6', '1', '1', '1', '1', '0.4', '0.8', '0.8', '1', '0.2', '1', '0.6', '0.2', '1', '0.6', '1', '1', '1', '0.2', '0.8', '0.4', '1', '0.6', '1', '0.8', '1', '0.6', '0.8', '1', '0.8', '0.8', '1', '0.8', '0.4', '0.8', '1', '0.4', '1', '1', '1']","['1', '3', '0', '2', '4', '3', '4', '1', '2', '7', '1', '4', '3', '2', '0', '4', '3', '8', '7', '1', '1', '4', '0', '2', '3', '0', '1', '7', '8', '2', '2', '4', '1', '0', '3', '3', '2', '0', '1', '4', '1', '0', '3', '2', '4', '0', '4', '1', '2', '3', '1', '8', '6', '4', '5', '0', '1', '4', '2', '6', '3', '0', '1', '2', '8', '3', '0', '2', '4', '1', '5', '2', '9', '6', '8', '1', '4', '0', '3', '2', '9', '3', '0', '8', '2', '6', '1', '5', '9', '7', '0', '2', '1', '3', '4', '3', '1', '2', '9', '8', '1', '2', '0', '3', '4', '3', '2', '4', '1', '0', '0', '1', '4', '2', '3', '3', '5', '9', '7', '6', '3', '4', '9', '0', '1', '5', '2', '4', '6', '8', '1', '2', '3', '0', '4', '6', '4', '1', '8', '0', '3', '1', '2', '4', '0', '2', '4', '0', '3', '8', '1', '4', '2', '3', '0', '2', '1', '4', '5', '8', '3', '0', '1', '7', '2', '3', '1', '4', '2', '0', '0', '4', '3', '2', '9', '2', '1', '9', '4', '3', '3', '1', '2', '0', '4', '1', '9', '4', '3', '2', '2', '8', '6', '7', '3', '4', '3', '1', '2', '9', '1', '2', '0', '3', '4', '1', '8', '2', '6', '7', '4', '0', '2', '1', '3', '1', '2', '4', '3', '0', '2', '4', '3', '1', '0']","['3149', '4265', '3432', '4039', '3032', '3448', '3915', '4132', '4416', '3182', '4681', '5714', '3165', '3399', '7063', '4014', '3849', '4349', '8214', '5480', '3099', '3365', '2932', '4332', '3783', '4332', '3550', '4564', '3382', '4531', '3647', '3681', '4448', '3582', '3266', '3332', '3981', '4083', '4464', '3432', '3633', '3699', '3383', '6197', '3017']","['1', '8', '4', '4', '1', '8', '8', '4', '1', '1', '8', '4', '4', '1', '8', '4', '1', '8', '4', '8', '1', '1', '4', '8', '4', '8', '1', '8', '1', '4', '1', '4', '8', '1', '4', '8', '1', '4', '8', '4', '1', '8', '4', '8', '1']",4,PRE_TEST
29,0.9600000000000001,15,5186.066666666667,0.8533333333333334,15,4665.066666666667,0.68,15,4509.533333333334,29,140,DocheHarden,"['0.8', '1', '0.6', '1', '0.8', '0.8', '1', '0.8', '1', '1', '0.8', '0.8', '0.4', '0.8', '0.8', '1', '0.6', '0.6', '0.8', '0.8', '0.8', '0.8', '0.8', '1', '0.6', '1', '1', '0.8', '0.6', '1', '1', '0.4', '1', '0.6', '0.8', '1', '0.8', '1', '0.6', '1', '1', '0.8', '1', '1', '0.8']","['1', '3', '2', '8', '4', '4', '2', '1', '0', '3', '0', '8', '2', '7', '1', '3', '1', '4', '2', '0', '0', '1', '8', '4', '3', '1', '0', '6', '3', '4', '3', '2', '0', '1', '4', '3', '4', '1', '0', '8', '2', '1', '0', '4', '3', '4', '3', '2', '0', '1', '0', '3', '2', '4', '7', '3', '0', '2', '4', '9', '1', '6', '8', '9', '4', '1', '2', '4', '3', '8', '1', '3', '5', '2', '4', '4', '1', '0', '2', '3', '8', '4', '1', '7', '0', '1', '8', '4', '3', '5', '1', '0', '3', '8', '4', '2', '1', '5', '4', '3', '2', '1', '8', '3', '4', '2', '0', '4', '1', '9', '4', '0', '3', '7', '2', '4', '3', '2', '0', '1', '3', '1', '6', '9', '4', '2', '3', '4', '1', '0', '1', '0', '2', '4', '3', '2', '1', '3', '0', '7', '4', '7', '3', '8', '0', '3', '0', '1', '4', '2', '4', '2', '1', '3', '0', '1', '2', '6', '5', '8', '3', '0', '1', '4', '2', '3', '0', '6', '7', '4', '0', '2', '1', '3', '7', '0', '4', '2', '3', '1', '9', '2', '3', '0', '1', '3', '0', '2', '4', '1', '2', '1', '3', '6', '7', '4', '1', '2', '0', '3', '1', '3', '0', '4', '2', '2', '4', '1', '3', '6', '1', '4', '2', '3', '0', '4', '1', '3', '2', '0', '7', '2', '0', '3', '1']","['3333', '3531', '4232', '3483', '4316', '6948', '4765', '6483', '5914', '3316', '6131', '6014', '4231', '4398', '6965', '4732', '4600', '5132', '6896', '5416', '4365', '6331', '4414', '4415', '4566', '4182', '4299', '4798', '4965', '3965', '5448', '3031', '3664', '3915', '6347', '10430', '4148', '3732', '3647', '7614', '3133', '2982', '3383', '3282', '3518']","['4', '1', '8', '4', '8', '1', '1', '8', '4', '1', '4', '8', '8', '4', '1', '1', '8', '4', '8', '4', '1', '4', '8', '1', '8', '1', '4', '8', '4', '1', '1', '8', '4', '8', '4', '1', '4', '1', '8', '1', '4', '8', '1', '4', '8']",4,POST_TEST
30,0.9866666666666667,15,6686.066666666667,0.6666666666666665,15,6960.4,0.5599999999999999,15,6932.6,30,155,Yannis,"['0.6', '0.8', '1', '0.4', '1', '0.4', '0.8', '0.8', '0.8', '0.4', '0.6', '1', '0.6', '1', '0.4', '0.6', '1', '0.6', '0.6', '0.6', '1', '0.6', '0.8', '1', '0.4', '0.8', '1', '1', '0.8', '0.2', '0.8', '1', '1', '0.6', '1', '0.6', '0.6', '1', '0.6', '0.6', '1', '0.6', '0.6', '1', '0.6']","['0', '8', '4', '5', '2', '4', '3', '6', '0', '1', '4', '3', '2', '0', '1', '5', '0', '8', '7', '2', '0', '2', '4', '1', '3', '7', '8', '2', '4', '5', '0', '1', '3', '7', '4', '4', '0', '7', '1', '2', '4', '0', '3', '1', '8', '3', '8', '5', '1', '7', '2', '1', '5', '3', '7', '1', '0', '4', '3', '2', '4', '0', '7', '2', '9', '2', '0', '3', '1', '4', '1', '0', '5', '6', '8', '3', '4', '1', '9', '5', '4', '3', '1', '0', '2', '0', '5', '8', '2', '1', '4', '2', '0', '8', '7', '2', '0', '4', '7', '6', '0', '1', '2', '4', '3', '0', '8', '1', '9', '2', '0', '5', '3', '1', '4', '3', '1', '4', '0', '2', '3', '9', '8', '5', '4', '3', '8', '4', '0', '1', '1', '0', '2', '4', '3', '4', '0', '3', '1', '2', '0', '1', '4', '3', '5', '1', '9', '6', '8', '5', '3', '2', '7', '4', '1', '1', '0', '4', '2', '3', '1', '0', '3', '4', '2', '4', '5', '0', '2', '6', '0', '3', '2', '4', '1', '7', '4', '1', '2', '9', '2', '1', '6', '7', '4', '3', '2', '1', '4', '0', '5', '3', '9', '2', '1', '0', '8', '2', '9', '1', '2', '0', '4', '3', '1', '1', '5', '0', '4', '8', '1', '3', '2', '7', '9', '3', '1', '4', '2', '0', '2', '3', '0', '6', '9']","['10367', '8302', '7185', '7752', '5518', '9483', '6284', '6034', '6850', '5815', '5184', '6266', '6355', '6900', '5433', '6585', '5718', '8349', '7950', '5202', '6168', '7966', '6317', '7367', '7283', '5601', '6302', '7681', '9068', '6964', '5735', '6867', '5084', '6286', '7450', '9518', '6019', '6167', '8350', '6019', '6148', '6816', '6006', '7704', '6268']","['8', '4', '1', '8', '1', '4', '4', '8', '1', '4', '8', '1', '4', '1', '8', '4', '1', '8', '4', '8', '1', '8', '4', '1', '8', '4', '1', '1', '4', '8', '8', '1', '4', '8', '1', '4', '4', '1', '8', '4', '1', '8', '4', '1', '8']",6,PRE_TEST
31,0.9199999999999999,15,4803.933333333333,0.6666666666666666,15,6623.933333333333,0.5733333333333331,15,4951.0,31,155,Yannis,"['0.8', '0.8', '0.6', '0.8', '1', '0.4', '0.8', '1', '0.4', '0.8', '0.4', '0.8', '0.4', '1', '0.6', '1', '0.6', '0.4', '0.6', '0.4', '1', '0.4', '0.6', '1', '0.8', '1', '0.6', '0.2', '1', '0.6', '0.8', '0.8', '0.6', '0.8', '0.6', '0.8', '0.8', '1', '0.6', '1', '0.6', '0.6', '1', '1', '0.6']","['1', '2', '0', '7', '3', '4', '2', '0', '1', '8', '5', '3', '4', '1', '8', '3', '1', '4', '2', '5', '1', '4', '3', '0', '2', '1', '9', '6', '0', '8', '0', '2', '1', '3', '9', '4', '0', '1', '2', '3', '0', '8', '7', '3', '9', '6', '2', '4', '0', '1', '2', '6', '1', '9', '7', '2', '3', '0', '7', '4', '9', '2', '7', '1', '5', '0', '1', '4', '2', '3', '2', '3', '1', '8', '6', '0', '1', '3', '4', '2', '3', '5', '2', '4', '9', '1', '2', '8', '7', '5', '6', '3', '4', '2', '8', '0', '5', '4', '7', '6', '1', '0', '3', '2', '4', '4', '9', '7', '3', '5', '5', '4', '1', '0', '6', '2', '0', '1', '3', '4', '3', '2', '0', '4', '7', '1', '4', '2', '3', '0', '3', '0', '5', '8', '2', '5', '8', '7', '0', '6', '4', '2', '0', '3', '1', '5', '9', '0', '1', '2', '2', '1', '3', '0', '5', '8', '2', '0', '1', '3', '4', '1', '5', '3', '6', '4', '0', '1', '6', '3', '1', '2', '8', '4', '6', '4', '1', '7', '3', '2', '3', '1', '4', '0', '6', '3', '4', '1', '2', '0', '3', '4', '2', '5', '8', '4', '0', '1', '3', '2', '3', '0', '2', '9', '5', '9', '1', '4', '3', '8', '4', '3', '1', '2', '0', '0', '2', '3', '1', '4', '1', '2', '3', '6', '9']","['5082', '7132', '4632', '4599', '3968', '4531', '7583', '6150', '4433', '3549', '3731', '5195', '9999', '6200', '4566', '4385', '5051', '4682', '4535', '6063', '3900', '4362', '5600', '4348', '6216', '5085', '4849', '26483', '3797', '5949', '5867', '4184', '4932', '3883', '3764', '3699', '4067', '5117', '3565', '4715', '4800', '5101', '5017', '5467', '4850']","['4', '1', '8', '4', '1', '8', '4', '1', '8', '1', '4', '8', '8', '1', '4', '1', '4', '8', '8', '4', '1', '8', '4', '1', '4', '1', '8', '4', '1', '8', '4', '8', '1', '4', '1', '8', '4', '1', '8', '1', '8', '4', '1', '4', '8']",6,POST_TEST
32,0.9866666666666667,15,3808.866666666667,0.8,15,3825.5333333333333,0.6133333333333334,15,4205.733333333334,32,158,cromac,"['0.8', '1', '0.4', '0.6', '1', '0.8', '0.6', '1', '1', '0.6', '0.8', '1', '0.8', '1', '0.8', '1', '0.4', '0.8', '0.4', '1', '1', '1', '0.8', '0.8', '0.6', '1', '0.8', '0.8', '1', '0.6', '0.8', '1', '0.8', '1', '1', '0.6', '0.2', '1', '1', '0.8', '0.6', '0.6', '0.6', '0.8', '1']","['1', '2', '0', '9', '4', '3', '1', '2', '0', '4', '5', '8', '6', '1', '0', '2', '1', '3', '5', '7', '2', '3', '1', '0', '4', '0', '1', '3', '5', '2', '1', '7', '0', '9', '4', '1', '0', '3', '4', '2', '1', '4', '0', '3', '2', '9', '0', '3', '4', '6', '4', '3', '0', '2', '6', '4', '1', '0', '2', '3', '2', '3', '0', '4', '6', '0', '1', '4', '2', '3', '4', '8', '1', '2', '0', '2', '3', '0', '4', '1', '6', '9', '0', '1', '5', '0', '1', '2', '3', '9', '8', '0', '7', '9', '1', '0', '2', '1', '4', '3', '2', '0', '3', '1', '4', '4', '3', '1', '2', '0', '2', '1', '5', '3', '0', '0', '4', '2', '9', '1', '3', '2', '4', '9', '7', '2', '4', '1', '0', '3', '1', '7', '4', '2', '0', '4', '3', '1', '2', '8', '4', '3', '1', '0', '2', '7', '0', '9', '4', '1', '2', '4', '6', '1', '3', '2', '1', '0', '3', '4', '3', '5', '4', '0', '1', '0', '2', '4', '3', '1', '1', '2', '0', '3', '4', '0', '6', '3', '8', '2', '8', '0', '6', '7', '5', '1', '3', '2', '4', '0', '0', '3', '4', '1', '2', '4', '6', '2', '3', '0', '6', '8', '2', '0', '3', '4', '0', '8', '9', '1', '3', '9', '2', '0', '7', '0', '2', '5', '1', '4', '0', '1', '2', '4', '3']","['4384', '3516', '4434', '4600', '3383', '3618', '4700', '4500', '3784', '3467', '4350', '3434', '3800', '3585', '3866', '3550', '4400', '3800', '4516', '4233', '4417', '3750', '3767', '3083', '3766', '3467', '4951', '4334', '5166', '5349', '2616', '4083', '2800', '3549', '3167', '4468', '4566', '3600', '3883', '4333', '4700', '3167', '3450', '3734', '3516']","['4', '1', '8', '4', '1', '8', '8', '4', '1', '8', '4', '1', '8', '1', '4', '1', '8', '4', '8', '4', '1', '1', '8', '4', '4', '1', '8', '4', '1', '8', '8', '1', '4', '1', '4', '8', '8', '1', '4', '1', '8', '4', '4', '8', '1']",0,PRE_TEST
33,0.9866666666666667,15,4261.133333333333,0.6933333333333334,15,4451.533333333334,0.5599999999999999,15,5072.266666666666,33,158,cromac,"['1', '0.6', '0.8', '1', '0.4', '0.4', '1', '0.6', '0.8', '1', '1', '1', '0.8', '0.2', '0.8', '0.8', '0.4', '1', '1', '1', '0.8', '0.6', '0.6', '1', '0.4', '0.8', '1', '0.8', '0.6', '1', '1', '0.6', '0.6', '0.4', '0.6', '1', '0.4', '1', '0.6', '0.4', '1', '0.8', '1', '0.8', '0.2']","['2', '3', '0', '4', '1', '1', '5', '2', '7', '4', '1', '4', '3', '0', '6', '0', '2', '1', '3', '4', '6', '9', '8', '3', '0', '5', '2', '1', '7', '6', '0', '2', '3', '4', '1', '7', '3', '2', '4', '9', '8', '1', '0', '4', '3', '3', '1', '0', '2', '4', '2', '1', '3', '4', '0', '2', '0', '4', '3', '1', '1', '2', '8', '3', '0', '0', '9', '8', '6', '5', '3', '2', '1', '0', '6', '2', '1', '0', '8', '4', '9', '8', '4', '3', '5', '1', '0', '3', '4', '2', '0', '3', '1', '2', '4', '3', '0', '4', '1', '2', '0', '1', '4', '2', '5', '0', '5', '3', '1', '9', '1', '0', '8', '3', '5', '0', '1', '4', '3', '2', '5', '0', '9', '2', '6', '4', '3', '2', '6', '0', '0', '1', '3', '2', '4', '8', '2', '1', '3', '4', '4', '0', '8', '9', '2', '1', '3', '4', '0', '2', '4', '2', '0', '3', '1', '6', '2', '4', '1', '8', '9', '0', '8', '2', '4', '4', '5', '1', '8', '9', '4', '0', '5', '2', '8', '2', '1', '0', '3', '4', '5', '8', '3', '7', '4', '0', '1', '3', '2', '4', '7', '0', '9', '3', '1', '7', '2', '8', '6', '3', '0', '2', '1', '4', '3', '0', '3', '1', '7', '4', '4', '2', '3', '0', '1', '7', '2', '1', '0', '3', '6', '1', '9', '8', '5']","['4199', '4232', '4617', '3850', '6234', '4484', '5500', '3799', '4984', '5500', '6067', '4517', '4367', '3967', '4901', '3634', '4417', '4733', '4167', '4400', '3517', '4984', '6401', '4167', '3800', '4534', '4383', '3833', '5417', '3466', '3433', '3834', '7750', '10501', '4100', '4450', '4051', '4351', '4250', '3833', '3900', '3650', '3667', '4117', '3816']","['1', '8', '4', '1', '4', '8', '1', '8', '4', '8', '4', '1', '8', '4', '1', '4', '8', '1', '4', '1', '8', '4', '8', '1', '8', '4', '1', '4', '8', '1', '1', '4', '8', '8', '4', '1', '4', '1', '8', '8', '1', '4', '1', '4', '8']",0,POST_TEST
34,0.9600000000000002,15,3542.866666666667,0.7200000000000001,15,3473.3333333333335,0.5466666666666666,15,3029.133333333333,34,165,Tianwei,"['0.6', '1', '0.6', '0.6', '0.8', '0.6', '1', '0.6', '0.6', '1', '0.4', '0.6', '0.4', '0.6', '1', '0.4', '0.8', '1', '1', '0.8', '0.6', '0.8', '1', '0.4', '1', '0.8', '0.8', '0.4', '1', '0.8', '0.6', '0.6', '0.8', '0.6', '0.8', '0.8', '0.6', '1', '1', '0.4', '1', '1', '0.4', '0.8', '1']","['4', '6', '2', '1', '8', '1', '3', '4', '0', '2', '7', '3', '6', '2', '4', '5', '0', '8', '3', '4', '0', '3', '2', '4', '9', '4', '1', '3', '5', '6', '1', '4', '0', '2', '3', '0', '2', '6', '7', '3', '3', '2', '7', '1', '9', '2', '1', '3', '0', '4', '4', '3', '6', '7', '5', '4', '0', '3', '9', '5', '2', '1', '8', '9', '7', '6', '1', '9', '4', '3', '1', '4', '2', '3', '0', '2', '6', '7', '0', '8', '2', '3', '4', '1', '8', '0', '2', '1', '3', '4', '1', '0', '3', '4', '2', '0', '3', '6', '1', '2', '0', '7', '3', '6', '4', '3', '0', '1', '2', '7', '0', '3', '1', '4', '2', '7', '6', '4', '2', '8', '4', '0', '1', '3', '2', '3', '4', '5', '0', '2', '2', '4', '0', '7', '1', '8', '9', '0', '6', '2', '1', '0', '3', '2', '4', '0', '6', '3', '4', '2', '5', '4', '7', '1', '0', '2', '1', '0', '6', '5', '0', '3', '4', '6', '1', '9', '2', '5', '1', '4', '1', '4', '2', '7', '3', '0', '3', '4', '2', '9', '4', '1', '5', '8', '2', '1', '2', '0', '3', '4', '1', '4', '0', '3', '2', '2', '9', '1', '6', '5', '1', '3', '0', '2', '4', '2', '1', '4', '0', '3', '6', '3', '5', '9', '2', '1', '4', '2', '9', '3', '3', '1', '0', '2', '4']","['3833', '3491', '2616', '2713', '3932', '2643', '4281', '3369', '5044', '3520', '2465', '3605', '2527', '4428', '2916', '3569', '2943', '3371', '3170', '3053', '3204', '3417', '3281', '3166', '3008', '3938', '3097', '3188', '3754', '2943', '3509', '2625', '3262', '4120', '3567', '3608', '3141', '3800', '5542', '2593', '2863', '2924', '2786', '2731', '3124']","['4', '1', '8', '8', '1', '4', '1', '8', '4', '1', '8', '4', '8', '4', '1', '4', '8', '1', '1', '4', '8', '4', '1', '8', '1', '4', '8', '8', '1', '4', '8', '4', '1', '8', '1', '4', '8', '4', '1', '8', '4', '1', '8', '4', '1']",5,PRE_TEST
35,0.9600000000000001,15,3458.9333333333334,0.6933333333333332,15,3541.0,0.64,15,3379.4666666666667,35,165,Tianwei,"['0.4', '0.6', '1', '0.6', '0.8', '1', '1', '0.8', '0.6', '1', '0.8', '0.6', '1', '0.4', '0.4', '0.6', '1', '0.8', '1', '1', '0.8', '0.6', '0.8', '0.6', '0.6', '0.8', '0.8', '1', '0.8', '0.8', '0.4', '0.6', '0.8', '0.8', '0.6', '1', '1', '1', '0.6', '0.6', '0.8', '1', '1', '0.6', '0.6']","['3', '9', '2', '5', '6', '3', '2', '1', '6', '7', '4', '0', '3', '1', '2', '3', '1', '0', '8', '9', '2', '4', '1', '0', '9', '0', '1', '3', '2', '4', '3', '4', '1', '0', '2', '3', '4', '2', '7', '0', '2', '3', '4', '6', '9', '3', '2', '1', '4', '0', '4', '2', '3', '8', '0', '5', '2', '9', '1', '0', '4', '0', '2', '3', '1', '6', '4', '8', '1', '9', '5', '4', '8', '9', '3', '3', '2', '1', '9', '7', '0', '3', '2', '4', '1', '2', '3', '4', '1', '8', '2', '1', '4', '3', '0', '0', '3', '2', '4', '1', '1', '3', '2', '0', '8', '4', '3', '0', '9', '7', '1', '9', '0', '2', '3', '0', '5', '1', '7', '4', '6', '3', '2', '0', '9', '3', '4', '9', '2', '0', '2', '6', '3', '0', '1', '0', '2', '4', '3', '1', '4', '2', '7', '0', '3', '3', '2', '0', '8', '1', '1', '8', '0', '6', '5', '5', '2', '7', '1', '0', '1', '2', '0', '4', '8', '3', '4', '2', '8', '1', '5', '6', '3', '4', '2', '4', '0', '2', '3', '1', '2', '4', '0', '3', '1', '2', '1', '3', '0', '4', '4', '3', '0', '7', '8', '3', '8', '0', '1', '5', '4', '0', '1', '2', '8', '1', '0', '4', '2', '3', '3', '4', '1', '2', '0', '7', '8', '4', '0', '1', '3', '9', '1', '0', '5']","['3381', '4748', '3517', '2916', '4398', '3749', '3635', '3917', '3632', '2967', '3183', '3318', '3917', '3298', '8098', '3117', '2934', '3117', '3266', '2733', '3131', '3450', '2932', '2583', '3250', '3016', '5817', '3416', '2849', '3000', '5051', '2449', '3417', '3251', '2400', '3416', '3068', '2899', '2901', '2783', '3584', '2918', '3084', '3733', '3452']","['8', '4', '1', '8', '4', '1', '1', '4', '8', '1', '8', '4', '1', '4', '8', '8', '1', '4', '1', '4', '8', '4', '1', '8', '4', '8', '1', '1', '8', '4', '4', '8', '1', '4', '8', '1', '4', '1', '8', '4', '8', '1', '1', '4', '8']",5,POST_TEST
36,0.9066666666666666,15,3515.2,0.7333333333333333,15,3862.4,0.6,15,3660.2,36,168,grg,"['1', '0.8', '0.4', '1', '0.6', '1', '0.6', '0.6', '0.8', '0.4', '0.8', '0.6', '0.6', '0.8', '0.6', '0.6', '1', '0.8', '0.4', '1', '0.8', '0.8', '1', '0.8', '0.8', '1', '0.6', '1', '0.6', '0.8', '1', '0.2', '0.6', '0.8', '0.8', '0.6', '0.6', '0.6', '1', '1', '0.8', '0.6', '0.8', '0.8', '0.8']","['2', '4', '3', '0', '1', '4', '3', '1', '0', '7', '1', '8', '4', '5', '6', '2', '1', '0', '4', '3', '1', '3', '6', '4', '9', '0', '1', '3', '2', '4', '0', '1', '4', '9', '5', '0', '3', '9', '1', '5', '0', '1', '4', '3', '8', '7', '9', '4', '0', '8', '2', '0', '1', '3', '9', '0', '9', '4', '8', '3', '3', '8', '4', '5', '0', '2', '1', '4', '3', '8', '7', '1', '5', '2', '0', '0', '7', '6', '2', '3', '1', '2', '4', '3', '0', '2', '0', '4', '3', '6', '8', '9', '0', '2', '6', '0', '3', '4', '2', '1', '1', '0', '6', '3', '4', '3', '2', '4', '0', '9', '1', '0', '4', '2', '3', '1', '2', '4', '8', '0', '0', '2', '1', '3', '7', '3', '1', '0', '2', '4', '2', '1', '3', '8', '5', '0', '3', '1', '4', '2', '3', '1', '0', '8', '9', '0', '3', '4', '2', '5', '1', '3', '0', '2', '4', '3', '6', '8', '5', '7', '3', '0', '2', '8', '7', '1', '2', '3', '4', '6', '3', '2', '4', '1', '9', '2', '3', '8', '1', '9', '2', '1', '5', '0', '7', '0', '3', '2', '5', '9', '1', '2', '3', '0', '4', '1', '2', '0', '4', '3', '2', '4', '3', '0', '5', '4', '1', '2', '8', '9', '3', '2', '4', '1', '9', '1', '5', '0', '4', '3', '0', '1', '2', '6', '3']","['3887', '3966', '3250', '3685', '4367', '3434', '2751', '3916', '3454', '3966', '4150', '3602', '3155', '3000', '3535', '3202', '3311', '3850', '4686', '3497', '3105', '3394', '4687', '3679', '3648', '3408', '3167', '2977', '3850', '5666', '3913', '3493', '5119', '3540', '2996', '4003', '3825', '2873', '3333', '3296', '3752', '3832', '3135', '3137', '5075']","['1', '4', '8', '1', '8', '4', '8', '4', '1', '4', '1', '8', '4', '1', '8', '8', '1', '4', '8', '1', '4', '8', '4', '1', '4', '1', '8', '1', '4', '8', '1', '8', '4', '4', '8', '1', '8', '4', '1', '1', '4', '8', '1', '8', '4']",2,PRE_TEST
37,0.8933333333333334,15,3615.0666666666666,0.6533333333333332,15,4473.933333333333,0.5866666666666666,15,3805.3333333333335,37,168,grg,"['1', '1', '0.6', '0.8', '0.8', '0', '0.8', '0.6', '0.8', '0.6', '0.6', '1', '0.6', '1', '0.6', '0.4', '0.8', '0.4', '1', '0.8', '0.6', '0.8', '1', '0.8', '0.6', '0.6', '0.6', '0.6', '0.8', '0.6', '0.6', '0.6', '1', '1', '0.4', '0.6', '1', '0.6', '0.8', '0.6', '0.8', '0.6', '0.8', '0.8', '0.6']","['4', '3', '2', '0', '1', '4', '1', '2', '3', '0', '0', '1', '9', '8', '2', '2', '1', '9', '4', '3', '0', '4', '2', '3', '6', '8', '5', '6', '7', '9', '1', '4', '0', '2', '8', '4', '3', '0', '9', '7', '2', '3', '4', '7', '1', '4', '3', '8', '7', '2', '3', '0', '5', '9', '4', '3', '4', '1', '2', '0', '2', '9', '4', '1', '7', '1', '4', '0', '2', '3', '5', '2', '3', '1', '8', '0', '3', '5', '8', '9', '0', '1', '9', '2', '4', '1', '3', '9', '6', '5', '1', '3', '2', '0', '4', '2', '6', '0', '3', '4', '7', '2', '1', '6', '0', '0', '3', '8', '1', '4', '2', '0', '1', '4', '3', '0', '1', '3', '4', '6', '2', '4', '0', '8', '6', '4', '0', '9', '1', '6', '4', '1', '2', '9', '7', '0', '9', '3', '4', '6', '5', '2', '4', '3', '1', '3', '4', '9', '0', '6', '2', '3', '1', '5', '6', '0', '3', '4', '5', '8', '2', '0', '4', '1', '3', '3', '0', '1', '2', '4', '1', '2', '8', '6', '5', '3', '4', '1', '9', '8', '1', '4', '0', '2', '3', '3', '1', '2', '8', '6', '3', '0', '1', '2', '7', '1', '4', '3', '8', '5', '1', '4', '3', '2', '9', '7', '4', '2', '0', '9', '3', '0', '4', '5', '1', '6', '3', '1', '0', '4', '0', '4', '6', '9', '1']","['3467', '3952', '11155', '4199', '4400', '4333', '4188', '3518', '3528', '4684', '4383', '3350', '3935', '4376', '4849', '3566', '3517', '4624', '2908', '3500', '4216', '4434', '4840', '3847', '3608', '2501', '3020', '3089', '3090', '3307', '3167', '5550', '3209', '3953', '3784', '3883', '3153', '3252', '4120', '3332', '4533', '3893', '3751', '3083', '3368']","['1', '8', '4', '1', '4', '8', '4', '8', '1', '8', '4', '1', '8', '1', '4', '8', '1', '4', '1', '4', '8', '4', '1', '8', '8', '4', '1', '8', '1', '4', '8', '4', '1', '1', '8', '4', '1', '4', '8', '4', '1', '8', '4', '1', '8']",2,POST_TEST
38,0.9066666666666666,15,6512.6,0.7466666666666667,15,6442.266666666666,0.4933333333333334,15,7298.4,38,177,aabollivier,"['0.8', '0.6', '0.8', '0.6', '0.6', '0.6', '1', '0.4', '0.8', '0.6', '0.6', '1', '0.8', '0.8', '0.8', '0.6', '1', '0.8', '1', '1', '0.4', '0.6', '0.6', '1', '1', '0.4', '1', '0.6', '0.4', '1', '0.8', '0.6', '0.6', '0.6', '1', '0.4', '1', '0.4', '0.8', '0.6', '1', '0.2', '0.8', '0.8', '0.4']","['1', '3', '2', '9', '4', '2', '4', '3', '5', '8', '4', '3', '1', '0', '5', '6', '0', '8', '3', '4', '7', '2', '3', '1', '8', '2', '1', '4', '8', '6', '4', '1', '2', '0', '3', '9', '0', '1', '6', '7', '4', '0', '2', '1', '7', '1', '0', '5', '9', '3', '3', '2', '6', '1', '9', '3', '2', '1', '0', '4', '0', '1', '2', '3', '9', '3', '1', '2', '0', '9', '2', '9', '3', '0', '4', '4', '1', '9', '3', '7', '1', '3', '4', '2', '0', '3', '2', '6', '0', '4', '2', '4', '1', '3', '0', '3', '4', '0', '2', '1', '9', '4', '0', '8', '5', '4', '0', '8', '1', '6', '5', '0', '7', '3', '4', '1', '4', '3', '2', '0', '2', '3', '1', '0', '4', '0', '4', '9', '7', '6', '4', '3', '0', '2', '1', '1', '2', '9', '8', '0', '4', '0', '8', '6', '9', '1', '4', '2', '3', '0', '0', '4', '3', '1', '5', '0', '4', '7', '2', '6', '1', '0', '8', '5', '4', '4', '0', '3', '9', '5', '3', '0', '1', '4', '2', '0', '1', '6', '5', '7', '2', '4', '3', '1', '0', '1', '6', '8', '3', '9', '4', '0', '2', '1', '7', '0', '2', '6', '4', '9', '0', '3', '4', '1', '2', '6', '3', '5', '7', '9', '0', '4', '3', '1', '6', '0', '8', '1', '3', '2', '2', '4', '9', '6', '8']","['6405', '5418', '4838', '4252', '7219', '7485', '6952', '7319', '6202', '5953', '5951', '5502', '5518', '8202', '6955', '7702', '5719', '5852', '6606', '6469', '5669', '5568', '7637', '7602', '6735', '7019', '6386', '5535', '5902', '7385', '6435', '6169', '5736', '7753', '11037', '6202', '5635', '7053', '6619', '6303', '5302', '16624', '8702', '5903', '6369']","['4', '8', '1', '4', '1', '8', '1', '8', '4', '8', '4', '1', '1', '4', '8', '8', '1', '4', '1', '4', '8', '4', '8', '1', '1', '8', '4', '4', '8', '1', '4', '8', '1', '4', '1', '8', '1', '8', '4', '4', '1', '8', '4', '1', '8']",4,PRE_TEST
39,0.9333333333333335,15,4106.866666666667,0.6266666666666666,15,4528.0,0.5866666666666667,15,4784.666666666667,39,177,aabollivier,"['0.6', '1', '0.6', '0.6', '1', '0.6', '0.6', '1', '0.4', '0.8', '0.8', '1', '0.8', '0.8', '1', '1', '0.8', '0.4', '0.6', '0.4', '0.8', '0.8', '0.6', '0.6', '0.6', '1', '0.8', '0.8', '0.6', '0.4', '1', '0.6', '0.4', '1', '0.8', '0.2', '0.6', '1', '0.6', '0.6', '0.8', '0.4', '0.6', '1', '0.8']","['1', '0', '9', '4', '6', '1', '2', '3', '0', '4', '1', '3', '4', '9', '7', '2', '9', '1', '7', '4', '2', '4', '0', '1', '3', '1', '0', '9', '4', '5', '3', '9', '1', '2', '7', '3', '1', '0', '2', '4', '6', '7', '3', '2', '8', '2', '0', '3', '4', '8', '3', '4', '2', '9', '0', '3', '0', '1', '2', '4', '4', '0', '1', '3', '9', '3', '0', '2', '7', '4', '2', '4', '0', '3', '1', '4', '2', '0', '3', '1', '2', '3', '1', '0', '5', '3', '7', '5', '6', '2', '4', '2', '3', '8', '5', '9', '2', '1', '8', '7', '3', '4', '1', '0', '8', '1', '4', '3', '7', '2', '8', '0', '4', '1', '5', '3', '4', '1', '9', '5', '4', '2', '3', '7', '9', '4', '1', '2', '0', '3', '1', '4', '0', '9', '3', '0', '2', '1', '8', '3', '4', '3', '1', '8', '7', '2', '9', '7', '5', '3', '4', '0', '2', '3', '1', '0', '1', '4', '6', '9', '0', '6', '3', '9', '7', '3', '0', '2', '4', '1', '4', '3', '6', '2', '1', '3', '5', '9', '7', '6', '2', '4', '9', '0', '8', '1', '4', '0', '3', '2', '2', '3', '1', '9', '5', '1', '6', '3', '7', '0', '0', '9', '2', '3', '1', '6', '4', '7', '5', '3', '3', '0', '4', '7', '9', '0', '1', '4', '3', '2', '0', '1', '2', '7', '3']","['4101', '3033', '2800', '4083', '3368', '4967', '3533', '3852', '4802', '4334', '5034', '2884', '4969', '4568', '6686', '5168', '5669', '4817', '3751', '4352', '6001', '6818', '5452', '4535', '4185', '3984', '3385', '3368', '3935', '5202', '4268', '7720', '4518', '3335', '4535', '4068', '6435', '3368', '3234', '3635', '4001', '3784', '3418', '3752', '7586']","['4', '1', '8', '4', '1', '8', '4', '1', '8', '4', '8', '1', '4', '8', '1', '1', '4', '8', '4', '8', '1', '4', '8', '1', '8', '1', '4', '1', '8', '4', '1', '4', '8', '1', '8', '4', '8', '1', '4', '4', '1', '8', '4', '1', '8']",4,POST_TEST
40,0.7866666666666667,15,3041.0666666666666,0.5866666666666666,15,3240.4,0.5733333333333331,15,2902.266666666667,40,178,chenxi,"['0.8', '0.6', '0.6', '0.4', '0.4', '0.6', '0.6', '0.6', '0.6', '0.8', '0.6', '0.4', '0.6', '0.8', '0.6', '0.8', '0.6', '0.8', '0.8', '0.6', '0.8', '0.6', '0.6', '0.8', '0.4', '0.4', '0.4', '0.4', '0.8', '0.8', '0.8', '0.8', '1', '0.6', '0.8', '0.6', '1', '0.6', '0.6', '0.6', '0.8', '0.6', '0.6', '1', '0.2']","['0', '1', '4', '3', '9', '1', '5', '0', '4', '7', '4', '5', '2', '0', '7', '0', '8', '3', '6', '7', '0', '6', '2', '9', '7', '0', '1', '4', '8', '6', '0', '2', '3', '8', '5', '6', '0', '4', '3', '5', '2', '3', '6', '1', '9', '3', '0', '1', '9', '2', '3', '2', '7', '1', '6', '3', '4', '8', '9', '6', '1', '3', '0', '8', '7', '0', '4', '3', '1', '8', '0', '7', '5', '1', '4', '2', '8', '4', '1', '3', '0', '3', '7', '9', '2', '4', '0', '2', '3', '8', '0', '3', '2', '6', '1', '7', '0', '9', '2', '1', '4', '1', '0', '3', '6', '2', '3', '9', '0', '5', '2', '3', '5', '1', '9', '0', '4', '1', '9', '2', '3', '9', '1', '6', '8', '0', '5', '1', '7', '8', '3', '4', '6', '5', '9', '0', '8', '3', '5', '7', '1', '3', '4', '0', '7', '0', '3', '1', '4', '7', '4', '2', '1', '6', '3', '0', '3', '1', '7', '4', '3', '0', '4', '2', '1', '4', '8', '3', '9', '1', '0', '4', '2', '3', '9', '1', '3', '6', '9', '0', '2', '3', '0', '4', '1', '1', '3', '4', '6', '5', '4', '5', '9', '1', '0', '2', '4', '7', '6', '0', '0', '2', '1', '3', '8', '1', '5', '6', '0', '3', '3', '4', '2', '7', '5', '0', '1', '4', '3', '2', '3', '7', '5', '9', '8']","['4283', '3953', '4534', '3236', '3084', '3267', '3067', '2636', '2784', '2934', '2370', '3734', '4051', '3286', '2834', '4953', '3316', '2734', '3353', '3068', '3583', '3203', '2467', '2652', '2903', '2485', '2518', '2166', '3071', '3433', '2518', '2418', '2734', '2469', '2568', '2368', '2784', '3118', '2901', '4083', '3319', '2549', '2400', '2816', '2753']","['1', '4', '8', '4', '8', '1', '1', '8', '4', '1', '8', '4', '4', '1', '8', '4', '8', '1', '4', '8', '1', '4', '8', '1', '4', '8', '1', '4', '1', '8', '4', '8', '1', '8', '1', '4', '1', '8', '4', '4', '1', '8', '4', '1', '8']",3,PRE_TEST
41,0.8666666666666668,15,2916.3333333333335,0.6666666666666666,15,2594.3333333333335,0.5599999999999999,15,2798.9333333333334,41,178,chenxi,"['0.8', '0.6', '0.4', '0.6', '0.8', '0.6', '0.8', '1', '0.6', '0.6', '0.8', '0.6', '1', '1', '0.6', '0.6', '0.8', '0.4', '0.4', '1', '0.6', '0.8', '0.4', '1', '0.4', '0.8', '1', '1', '0.4', '0.8', '0.6', '0.4', '1', '0.6', '1', '0.8', '0.6', '0.8', '0.6', '0.6', '0.8', '0.4', '0.8', '0.4', '0.8']","['1', '2', '4', '9', '0', '1', '2', '6', '4', '8', '4', '5', '6', '7', '1', '4', '2', '0', '8', '9', '2', '3', '1', '0', '7', '3', '0', '4', '5', '6', '4', '5', '1', '3', '2', '1', '3', '4', '0', '2', '1', '8', '0', '3', '7', '4', '2', '0', '7', '8', '1', '6', '3', '2', '0', '3', '7', '2', '8', '1', '2', '4', '0', '1', '3', '1', '0', '4', '3', '2', '1', '2', '9', '5', '3', '4', '1', '8', '5', '2', '4', '3', '7', '0', '1', '3', '7', '0', '5', '6', '4', '2', '5', '9', '8', '4', '3', '2', '0', '1', '1', '0', '5', '8', '4', '0', '3', '1', '2', '8', '4', '0', '7', '8', '6', '1', '3', '2', '0', '4', '8', '3', '9', '4', '5', '4', '0', '9', '1', '2', '2', '3', '0', '1', '4', '3', '0', '2', '1', '4', '1', '6', '8', '3', '5', '3', '5', '1', '2', '4', '0', '1', '5', '8', '4', '0', '5', '6', '2', '8', '0', '3', '4', '2', '1', '0', '5', '2', '4', '7', '2', '1', '4', '0', '3', '1', '4', '0', '9', '2', '0', '3', '5', '7', '4', '1', '2', '5', '3', '4', '2', '8', '1', '0', '5', '3', '2', '6', '1', '5', '0', '3', '1', '6', '4', '4', '0', '6', '5', '8', '1', '4', '0', '5', '2', '0', '3', '8', '6', '9', '0', '1', '2', '5', '4']","['3001', '2917', '2216', '2783', '2518', '3668', '2817', '3653', '2784', '2735', '2869', '2600', '2467', '2617', '2736', '2833', '2734', '2685', '2285', '4000', '2184', '2836', '3817', '2567', '2985', '3034', '2201', '2786', '2300', '1833', '2367', '2453', '2851', '3168', '3717', '2602', '2868', '2867', '3136', '2567', '3084', '2234', '2235', '2601', '2433']","['1', '4', '8', '1', '4', '8', '8', '1', '4', '4', '8', '1', '1', '4', '8', '8', '1', '4', '8', '1', '4', '4', '8', '1', '8', '4', '1', '1', '4', '8', '4', '8', '1', '8', '1', '4', '1', '4', '8', '8', '1', '4', '4', '8', '1']",3,POST_TEST
42,0.84,15,3682.266666666667,0.6400000000000001,15,3619.8,0.4800000000000001,15,4393.533333333334,42,179,asuka,"['1', '0.6', '0.6', '0.8', '0.6', '0.6', '1', '0.4', '0.4', '0.6', '0.6', '0.6', '0.4', '0.8', '0.8', '0.4', '1', '0.4', '0.6', '0.6', '0.6', '0.8', '0.6', '1', '0.4', '1', '0.2', '0.6', '0.4', '0.8', '0.6', '0.4', '0.4', '1', '0.8', '0.6', '0.8', '0.6', '0.6', '1', '0.8', '0.4', '0.8', '0.4', '1']","['1', '0', '4', '2', '3', '3', '0', '9', '8', '1', '8', '0', '3', '1', '9', '4', '2', '1', '8', '3', '5', '1', '0', '2', '7', '8', '3', '2', '4', '9', '4', '2', '1', '0', '3', '1', '3', '7', '6', '9', '4', '0', '9', '8', '7', '9', '4', '7', '1', '0', '1', '3', '6', '4', '7', '4', '6', '1', '5', '3', '4', '9', '7', '5', '1', '0', '3', '1', '4', '9', '0', '3', '7', '2', '4', '7', '6', '0', '3', '5', '0', '4', '3', '2', '1', '1', '3', '7', '8', '9', '4', '1', '7', '6', '0', '0', '9', '5', '3', '2', '4', '3', '1', '9', '5', '0', '4', '6', '2', '3', '3', '1', '0', '7', '5', '1', '3', '2', '0', '4', '9', '2', '8', '3', '5', '2', '4', '1', '3', '0', '3', '7', '8', '9', '6', '0', '4', '1', '6', '5', '7', '6', '5', '1', '4', '4', '5', '0', '2', '1', '6', '4', '0', '3', '9', '5', '2', '7', '0', '9', '1', '5', '7', '4', '9', '4', '1', '0', '2', '3', '1', '0', '4', '9', '3', '2', '8', '4', '0', '9', '4', '0', '6', '1', '2', '2', '4', '8', '1', '7', '0', '6', '4', '2', '7', '3', '1', '2', '4', '0', '1', '0', '4', '7', '3', '1', '2', '9', '6', '7', '5', '1', '3', '4', '0', '8', '5', '2', '7', '3', '3', '0', '2', '1', '4']","['3013', '3817', '4159', '4235', '3735', '3132', '2625', '3603', '2479', '3499', '4444', '5804', '7734', '3173', '2909', '3902', '5353', '4561', '4798', '5082', '5499', '3922', '5055', '2903', '3640', '3076', '4499', '3777', '4638', '2680', '4450', '3562', '4673', '2229', '3117', '3520', '2986', '2764', '6402', '4104', '3494', '3472', '2951', '2604', '3360']","['1', '4', '8', '4', '8', '1', '1', '8', '4', '1', '4', '8', '8', '4', '1', '4', '1', '8', '4', '8', '1', '4', '8', '1', '4', '1', '8', '4', '8', '1', '1', '4', '8', '1', '4', '8', '4', '8', '1', '1', '4', '8', '4', '8', '1']",0,PRE_TEST
43,0.8933333333333333,15,3170.2,0.56,15,3155.0666666666666,0.5599999999999999,15,3267.0,43,179,asuka,"['1', '0.8', '0.6', '0.6', '0.2', '0.8', '1', '0.6', '0.6', '1', '0.6', '0.8', '0.2', '0.8', '0.6', '0.6', '0.6', '0.8', '0.8', '0.6', '0.8', '0.4', '0.8', '0.8', '0.4', '1', '0.4', '0.6', '1', '0.4', '1', '0.6', '0.6', '0.6', '1', '0.6', '1', '0.2', '0.8', '0.6', '0.8', '0.6', '0.4', '0.6', '0.6']","['2', '0', '3', '1', '4', '1', '6', '2', '0', '4', '6', '1', '4', '9', '2', '0', '4', '7', '6', '2', '3', '8', '5', '9', '6', '0', '4', '1', '2', '7', '1', '0', '4', '2', '3', '0', '4', '3', '9', '8', '5', '6', '0', '1', '2', '1', '3', '2', '0', '4', '0', '4', '8', '7', '2', '2', '4', '0', '1', '8', '5', '7', '9', '6', '2', '4', '2', '3', '7', '0', '4', '2', '6', '3', '9', '2', '1', '9', '3', '6', '1', '3', '2', '7', '9', '4', '0', '3', '2', '5', '2', '6', '0', '4', '1', '0', '2', '7', '5', '1', '5', '3', '1', '2', '0', '4', '9', '5', '2', '8', '3', '0', '2', '9', '4', '1', '5', '0', '3', '2', '9', '2', '0', '6', '7', '0', '1', '2', '3', '4', '3', '5', '8', '4', '9', '7', '4', '0', '9', '3', '3', '4', '1', '2', '0', '5', '9', '7', '3', '0', '2', '0', '3', '4', '1', '4', '9', '8', '1', '0', '1', '9', '4', '6', '0', '0', '3', '8', '1', '6', '1', '0', '3', '4', '2', '3', '0', '9', '4', '7', '4', '2', '1', '0', '3', '5', '8', '3', '7', '9', '0', '2', '3', '6', '4', '0', '4', '6', '2', '5', '4', '3', '8', '0', '1', '2', '0', '3', '7', '6', '9', '8', '7', '0', '2', '2', '4', '8', '1', '9', '7', '1', '4', '0', '5']","['3931', '3457', '2805', '3610', '3298', '3221', '2479', '2999', '2482', '3131', '3589', '3610', '3034', '2721', '3769', '4056', '3041', '2381', '3651', '3243', '2277', '3298', '2951', '2903', '2901', '3533', '3735', '2706', '3346', '2662', '2811', '2909', '4173', '3056', '4951', '4277', '2577', '2930', '3110', '2902', '3396', '3708', '2882', '2909', '2473']","['1', '4', '8', '8', '4', '1', '1', '4', '8', '1', '8', '4', '8', '1', '4', '8', '4', '1', '1', '8', '4', '4', '1', '8', '4', '1', '8', '4', '1', '8', '1', '8', '4', '4', '1', '8', '1', '4', '8', '4', '1', '8', '8', '4', '1']",0,POST_TEST
44,0.9333333333333333,15,9770.866666666667,0.6933333333333332,15,7353.466666666666,0.6533333333333334,15,5320.133333333333,44,180,herledth,"['0.8', '1', '0.6', '1', '0.6', '0.4', '1', '0.6', '0.8', '0.8', '0.8', '0.6', '0.8', '0.8', '1', '0.6', '1', '0.8', '1', '0.8', '0.4', '0.8', '0.6', '0.6', '1', '0.6', '0.6', '0.8', '0.6', '0.8', '0.8', '1', '0.6', '0.6', '0.8', '1', '0.6', '0.6', '0.6', '1', '0.8', '0.8', '1', '0.8', '0.6']","['9', '4', '0', '3', '1', '4', '3', '1', '2', '0', '6', '2', '9', '0', '1', '0', '4', '2', '3', '1', '4', '7', '0', '3', '5', '1', '8', '3', '7', '9', '2', '3', '0', '4', '1', '3', '4', '0', '6', '5', '5', '3', '1', '0', '2', '1', '2', '0', '8', '4', '4', '0', '1', '8', '2', '1', '3', '6', '4', '9', '3', '4', '1', '6', '0', '1', '5', '0', '4', '2', '4', '1', '0', '2', '3', '3', '0', '2', '9', '5', '0', '4', '1', '2', '3', '3', '4', '2', '8', '0', '1', '0', '4', '2', '3', '4', '2', '3', '0', '8', '7', '6', '1', '9', '2', '1', '4', '3', '8', '0', '1', '5', '7', '0', '2', '9', '5', '4', '2', '1', '2', '1', '3', '4', '0', '0', '6', '5', '4', '1', '2', '0', '4', '5', '8', '3', '1', '2', '7', '0', '0', '9', '1', '7', '4', '1', '4', '2', '8', '3', '6', '4', '0', '1', '3', '3', '0', '4', '2', '1', '1', '2', '9', '0', '7', '2', '6', '3', '4', '8', '1', '9', '0', '2', '3', '1', '2', '0', '4', '3', '1', '4', '3', '6', '8', '3', '6', '4', '1', '9', '1', '3', '8', '4', '6', '1', '3', '2', '0', '4', '8', '1', '3', '0', '2', '8', '0', '4', '1', '2', '1', '2', '4', '3', '0', '1', '0', '2', '3', '6', '0', '1', '5', '2', '6']","['5315', '3399', '7649', '7931', '3849', '2613', '3916', '3249', '2849', '4532', '5048', '7163', '15860', '3365', '18377', '2679', '2981', '2799', '2366', '54947', '3468', '46534', '6964', '2532', '37370', '2649', '3149', '4849', '3832', '2748', '2948', '3715', '4364', '6313', '3162', '1933', '4065', '3132', '1982', '3648', '3132', '3815', '2532', '13513', '3431']","['4', '1', '8', '1', '4', '8', '1', '4', '8', '4', '1', '8', '8', '4', '1', '4', '1', '8', '1', '4', '8', '1', '4', '8', '1', '4', '8', '4', '8', '1', '8', '1', '4', '8', '4', '1', '1', '4', '8', '1', '8', '4', '1', '8', '4']",5,PRE_TEST
45,0.8933333333333334,15,6786.6,0.7733333333333334,15,4098.133333333333,0.5733333333333334,15,2818.3333333333335,45,180,herledth,"['0.4', '0.8', '0.6', '0.4', '1', '0.6', '0.6', '1', '1', '1', '0.8', '0.8', '0.8', '1', '0.6', '0.6', '0.8', '0.8', '0.8', '0.6', '0.8', '0.4', '0.8', '1', '0.6', '1', '0.8', '0.8', '0.6', '0.6', '0.8', '0.4', '0.8', '1', '0.8', '0.8', '1', '0.6', '0.8', '0.6', '0.6', '0.6', '1', '0.6', '0.8']","['1', '3', '9', '6', '7', '0', '4', '3', '2', '7', '4', '0', '3', '7', '6', '8', '1', '4', '9', '6', '4', '1', '0', '2', '3', '8', '1', '0', '7', '2', '1', '4', '7', '0', '6', '3', '4', '2', '1', '0', '0', '3', '1', '4', '2', '0', '2', '1', '4', '3', '4', '9', '2', '1', '0', '0', '2', '5', '4', '3', '1', '2', '3', '0', '5', '3', '2', '4', '1', '0', '1', '6', '3', '8', '2', '1', '3', '9', '2', '5', '1', '3', '4', '2', '9', '2', '1', '3', '0', '7', '3', '2', '1', '0', '8', '3', '4', '6', '7', '1', '1', '4', '2', '5', '3', '2', '7', '5', '0', '9', '0', '4', '3', '2', '6', '0', '2', '1', '3', '4', '0', '1', '4', '9', '7', '1', '2', '3', '0', '4', '2', '4', '1', '6', '3', '9', '4', '1', '2', '3', '2', '0', '5', '8', '1', '1', '2', '4', '6', '8', '3', '1', '2', '4', '7', '3', '5', '6', '2', '7', '5', '1', '4', '3', '0', '1', '4', '0', '3', '2', '2', '4', '0', '1', '5', '0', '4', '3', '2', '9', '1', '2', '4', '3', '0', '3', '2', '0', '7', '6', '4', '6', '2', '3', '0', '8', '1', '4', '0', '7', '3', '2', '0', '9', '7', '2', '9', '3', '4', '6', '4', '1', '3', '0', '2', '3', '2', '6', '7', '0', '0', '2', '4', '3', '8']","['2479', '5315', '2264', '3184', '2863', '4800', '4048', '2516', '2597', '2533', '2696', '3015', '2686', '2566', '4299', '2751', '2882', '3447', '15595', '2799', '4648', '2282', '2798', '2781', '2830', '58781', '5481', '3968', '2236', '6481', '2501', '2565', '3082', '2431', '2301', '2648', '2464', '2667', '2151', '1985', '2682', '2033', '3249', '2834', '2332']","['8', '1', '4', '8', '1', '4', '8', '1', '4', '1', '4', '8', '4', '1', '8', '8', '1', '4', '4', '8', '1', '8', '4', '1', '8', '1', '4', '1', '8', '4', '4', '8', '1', '1', '8', '4', '4', '8', '1', '8', '4', '1', '1', '8', '4']",5,POST_TEST
